candidate_experience_years,candidate_skill_count,expected_experience_years,experience_gap,experience_fit,job_skill_count,matched_skill_count,job_skill_coverage,candidate_skill_coverage,role_match_score,job_remote_hint,semantic_similarity,match_label,pair_id,candidate_id,job_id
2,5,5,-3,0.5,6,0,0.0,0.0,0.0,False,0.38641226,1,170_linkedin_4383910678,170,linkedin_4383910678
5,9,5,0,1.0,14,3,0.21428571428571427,0.3333333333333333,0.0,False,0.77053916,1,837_linkedin_4306118481,837,linkedin_4306118481
1,6,1,0,1.0,11,1,0.09090909090909091,0.16666666666666666,0.0,False,0.48114333,1,99_linkedin_4395254314,99,linkedin_4395254314
12,10,8,4,0.5555555555555556,28,7,0.25,0.7,0.0,False,0.38000605,1,22_linkedin_4407593760,22,linkedin_4407593760
3,4,5,-2,0.6666666666666667,19,3,0.15789473684210525,0.75,1.0,False,0.4675833,1,824_linkedin_4408749338,824,linkedin_4408749338
2,6,0,2,0.0,22,2,0.09090909090909091,0.3333333333333333,0.4,False,0.47633263,1,78_linkedin_4404915391,78,linkedin_4404915391
1,6,0,1,0.0,20,4,0.2,0.6666666666666666,0.0,False,0.63867223,1,527_linkedin_4397166999,527,linkedin_4397166999
12,10,0,12,0.0,9,1,0.1111111111111111,0.1,1.0,False,0.5863355,1,45_linkedin_4319983823,45,linkedin_4319983823
4,8,8,-4,0.5555555555555556,21,2,0.09523809523809523,0.25,0.2,False,0.4334818,1,106_linkedin_4404204086,106,linkedin_4404204086
5,2,5,0,1.0,19,1,0.05263157894736842,0.5,0.0,False,0.44051403,1,734_linkedin_4385010691,734,linkedin_4385010691
15,10,5,10,0.0,4,1,0.25,0.1,0.2,False,0.48221165,1,546_linkedin_4406505366,546,linkedin_4406505366
5,8,1,4,0.0,38,2,0.05263157894736842,0.25,0.0,False,0.51141167,1,11_linkedin_4306128308,11,linkedin_4306128308
8,9,0,8,0.0,19,2,0.10526315789473684,0.2222222222222222,0.0,False,0.47161323,1,13_linkedin_4394786705,13,linkedin_4394786705
14,10,0,14,0.0,28,4,0.14285714285714285,0.4,0.2,False,0.5128381,1,24_linkedin_4370506836,24,linkedin_4370506836
3,4,2,1,0.6666666666666667,13,1,0.07692307692307693,0.25,0.0,False,0.36513746,1,810_linkedin_4409038877,810,linkedin_4409038877
1,6,0,1,0.0,12,1,0.08333333333333333,0.16666666666666666,0.25,False,0.607066,1,527_linkedin_4389069426,527,linkedin_4389069426
2,6,0,2,0.0,17,4,0.23529411764705882,0.6666666666666666,0.6666666666666666,False,0.681655,1,74_linkedin_4405379030,74,linkedin_4405379030
5,9,2,3,0.0,5,1,0.2,0.1111111111111111,1.0,False,0.5958228,1,748_linkedin_4306127270,748,linkedin_4306127270
5,9,2,3,0.0,15,1,0.06666666666666667,0.1111111111111111,0.6666666666666666,True,0.6276752,1,750_linkedin_4408265376,750,linkedin_4408265376
12,10,0,12,0.0,20,5,0.25,0.5,0.3333333333333333,False,0.40186825,1,118_linkedin_4344341423,118,linkedin_4344341423
5,9,5,0,1.0,17,2,0.11764705882352941,0.2222222222222222,0.25,False,0.5641257,1,669_linkedin_4403458219,669,linkedin_4403458219
5,9,0,5,0.0,15,5,0.3333333333333333,0.5555555555555556,0.0,False,0.6149584,1,795_linkedin_4339855979,795,linkedin_4339855979
5,5,0,5,0.0,4,1,0.25,0.2,0.0,False,0.28311932,1,657_linkedin_4407359017,657,linkedin_4407359017
8,9,2,6,0.0,14,1,0.07142857142857142,0.1111111111111111,0.0,False,0.27436045,1,667_linkedin_4404031827,667,linkedin_4404031827
3,7,0,3,0.0,6,0,0.0,0.0,0.0,False,0.29848164,1,242_linkedin_4402633852,242,linkedin_4402633852
1,6,2,-1,0.6666666666666667,6,1,0.16666666666666666,0.16666666666666666,0.0,False,0.42543843,1,252_linkedin_4389714623,252,linkedin_4389714623
1,5,0,1,0.0,22,2,0.09090909090909091,0.4,1.0,False,0.5115327,1,171_linkedin_4405236154,171,linkedin_4405236154
2,5,2,0,1.0,16,2,0.125,0.4,0.6666666666666666,False,0.65197223,1,2_linkedin_4374661990,2,linkedin_4374661990
8,9,8,0,1.0,16,1,0.0625,0.1111111111111111,0.0,False,0.4098301,1,665_linkedin_4407191616,665,linkedin_4407191616
8,7,0,8,0.0,18,2,0.1111111111111111,0.2857142857142857,0.5,False,0.511027,1,519_linkedin_4407489838,519,linkedin_4407489838
9,7,5,4,0.33333333333333337,13,1,0.07692307692307693,0.14285714285714285,0.14285714285714285,False,0.5190327,1,222_linkedin_4371682863,222,linkedin_4371682863
1,5,8,-7,0.2222222222222222,32,3,0.09375,0.6,0.08333333333333333,False,0.66065943,1,5_linkedin_4400704163,5,linkedin_4400704163
14,10,0,14,0.0,10,1,0.1,0.1,0.0,False,0.5826242,1,24_linkedin_4404669421,24,linkedin_4404669421
7,9,0,7,0.0,3,0,0.0,0.0,0.0,False,0.28553677,1,640_linkedin_4409103670,640,linkedin_4409103670
13,10,8,5,0.4444444444444444,18,4,0.2222222222222222,0.4,0.0,False,0.7663884,1,19_linkedin_4306114570,19,linkedin_4306114570
4,8,0,4,0.0,2,0,0.0,0.0,0.5,False,0.5259595,1,127_linkedin_4399844015,127,linkedin_4399844015
5,9,0,5,0.0,7,0,0.0,0.0,0.0,False,0.34426573,1,646_linkedin_4393430274,646,linkedin_4393430274
5,9,0,5,0.0,21,2,0.09523809523809523,0.2222222222222222,0.25,False,0.48759145,1,814_linkedin_4361439395,814,linkedin_4361439395
5,9,0,5,0.0,19,5,0.2631578947368421,0.5555555555555556,1.0,False,0.386371,1,818_linkedin_4404120063,818,linkedin_4404120063
11,8,5,6,0.0,20,6,0.3,0.75,0.25,False,0.69203216,1,562_linkedin_4399860023,562,linkedin_4399860023
4,8,0,4,0.0,4,0,0.0,0.0,0.2857142857142857,False,0.42281303,1,182_linkedin_4390682886,182,linkedin_4390682886
1,6,5,-4,0.33333333333333337,23,4,0.17391304347826086,0.6666666666666666,0.5,False,0.7049103,1,29_linkedin_4402854817,29,linkedin_4402854817
5,9,0,5,0.0,9,1,0.1111111111111111,0.1111111111111111,0.0,False,0.51960886,1,839_linkedin_4168640096,839,linkedin_4168640096
4,6,0,4,0.0,7,0,0.0,0.0,0.3333333333333333,False,0.39936414,1,512_linkedin_4405748233,512,linkedin_4405748233
5,6,5,0,1.0,15,3,0.2,0.5,0.0,False,0.57629323,1,672_linkedin_4407014726,672,linkedin_4407014726
7,9,2,5,0.0,24,1,0.041666666666666664,0.1111111111111111,0.1,False,0.35955387,1,187_linkedin_4405617743,187,linkedin_4405617743
7,6,2,5,0.0,16,1,0.0625,0.16666666666666666,0.3333333333333333,False,0.5621973,1,613_linkedin_4402922325,613,linkedin_4402922325
5,9,5,0,1.0,19,2,0.10526315789473684,0.2222222222222222,0.25,False,0.52644694,1,703_linkedin_4392828861,703,linkedin_4392828861
5,8,0,5,0.0,9,2,0.2222222222222222,0.25,0.0,False,0.42102578,1,32_linkedin_4168640096,32,linkedin_4168640096
4,8,0,4,0.0,19,2,0.10526315789473684,0.25,0.0,False,0.6517586,1,543_linkedin_4386971508,543,linkedin_4386971508
2,7,0,2,0.0,11,1,0.09090909090909091,0.14285714285714285,0.3333333333333333,False,0.5052525,1,221_linkedin_4364214778,221,linkedin_4364214778
11,8,5,6,0.0,22,2,0.09090909090909091,0.25,0.0,False,0.6122419,1,531_linkedin_4405811016,531,linkedin_4405811016
10,9,8,2,0.7777777777777778,16,1,0.0625,0.1111111111111111,0.0,False,0.41998857,1,15_linkedin_4407191616,15,linkedin_4407191616
7,7,0,7,0.0,6,0,0.0,0.0,0.25,False,0.44603667,1,233_linkedin_4372115927,233,linkedin_4372115927
2,6,0,2,0.0,20,4,0.2,0.6666666666666666,0.6666666666666666,False,0.4572791,1,98_linkedin_4344341423,98,linkedin_4344341423
5,7,2,3,0.0,19,5,0.2631578947368421,0.7142857142857143,0.5,False,0.6825387,1,670_linkedin_4344855337,670,linkedin_4344855337
4,8,0,4,0.0,15,1,0.06666666666666667,0.125,0.25,False,0.5951503,1,10_linkedin_4324724464,10,linkedin_4324724464
5,8,5,0,1.0,8,2,0.25,0.25,1.0,False,0.694503,1,535_linkedin_4306112553,535,linkedin_4306112553
1,6,2,-1,0.6666666666666667,16,1,0.0625,0.16666666666666666,0.0,False,0.4668903,1,252_linkedin_4408787972,252,linkedin_4408787972
13,10,0,13,0.0,16,3,0.1875,0.3,0.0,False,0.50356054,1,115_linkedin_4399674294,115,linkedin_4399674294
7,9,8,-1,0.8888888888888888,16,3,0.1875,0.3333333333333333,0.2,False,0.67700684,1,86_linkedin_4403389903,86,linkedin_4403389903
2,5,5,-3,0.5,36,5,0.1388888888888889,1.0,0.0,False,0.5761325,1,170_linkedin_4405732569,170,linkedin_4405732569
9,9,0,9,0.0,19,3,0.15789473684210525,0.3333333333333333,0.0,False,0.45919237,1,42_linkedin_4403004354,42,linkedin_4403004354
11,8,5,6,0.0,23,2,0.08695652173913043,0.25,0.0,False,0.619174,1,531_linkedin_4402854817,531,linkedin_4402854817
5,9,0,5,0.0,12,2,0.16666666666666666,0.2222222222222222,0.25,False,0.5886796,1,839_linkedin_4389069426,839,linkedin_4389069426
12,10,2,10,0.0,12,1,0.08333333333333333,0.1,0.0,False,0.26354,1,22_linkedin_4302730124,22,linkedin_4302730124
3,9,0,3,0.0,22,3,0.13636363636363635,0.3333333333333333,0.0,False,0.5618825,1,811_linkedin_4408772900,811,linkedin_4408772900
13,9,0,13,0.0,21,2,0.09523809523809523,0.2222222222222222,0.0,False,0.5268673,1,142_linkedin_4405876076,142,linkedin_4405876076
4,8,2,2,0.33333333333333337,12,1,0.08333333333333333,0.125,0.0,False,0.29642105,1,10_linkedin_4302730124,10,linkedin_4302730124
8,9,0,8,0.0,26,6,0.23076923076923078,0.6666666666666666,1.0,False,0.7141086,1,109_linkedin_4403814389,109,linkedin_4403814389
5,2,0,5,0.0,23,1,0.043478260869565216,0.5,0.0,True,0.499451,1,734_linkedin_4398047748,734,linkedin_4398047748
4,8,0,4,0.0,13,1,0.07692307692307693,0.125,0.25,False,0.4133972,1,10_linkedin_4399398705,10,linkedin_4399398705
7,7,2,5,0.0,4,0,0.0,0.0,1.0,False,0.65564704,1,279_linkedin_4399266480,279,linkedin_4399266480
5,2,5,0,1.0,19,2,0.10526315789473684,1.0,0.5,False,0.61903137,1,734_linkedin_4401639136,734,linkedin_4401639136
8,4,8,0,1.0,21,3,0.14285714285714285,0.75,0.0,False,0.3866344,1,664_linkedin_4404204086,664,linkedin_4404204086
8,9,0,8,0.0,22,5,0.22727272727272727,0.5555555555555556,0.5,False,0.5546474,1,13_linkedin_4406499794,13,linkedin_4406499794
4,8,0,4,0.0,18,2,0.1111111111111111,0.25,0.3333333333333333,False,0.48182613,1,151_linkedin_4405141036,151,linkedin_4405141036
11,7,0,11,0.0,17,2,0.11764705882352941,0.2857142857142857,0.0,False,0.48000613,1,515_linkedin_4248969950,515,linkedin_4248969950
5,5,5,0,1.0,15,3,0.2,0.6,0.3333333333333333,True,0.42711806,1,716_linkedin_4407422890,716,linkedin_4407422890
5,9,2,3,0.0,13,1,0.07692307692307693,0.1111111111111111,0.25,False,0.54376787,1,745_linkedin_4409045536,745,linkedin_4409045536
8,9,8,0,1.0,21,4,0.19047619047619047,0.4444444444444444,0.0,False,0.42179352,1,667_linkedin_4404204086,667,linkedin_4404204086
10,7,5,5,0.16666666666666663,7,1,0.14285714285714285,0.14285714285714285,0.14285714285714285,False,0.42273512,1,216_linkedin_4395243969,216,linkedin_4395243969
2,6,5,-3,0.5,22,3,0.13636363636363635,0.5,0.0,False,0.54873145,1,176_linkedin_4395980650,176,linkedin_4395980650
5,3,2,3,0.0,20,3,0.15,1.0,0.3333333333333333,False,0.49916002,1,715_linkedin_4407157419,715,linkedin_4407157419
1,6,0,1,0.0,6,0,0.0,0.0,0.0,False,0.40626568,1,169_linkedin_4405312160,169,linkedin_4405312160
14,10,0,14,0.0,37,5,0.13513513513513514,0.5,0.0,False,0.3089521,1,119_linkedin_4403331758,119,linkedin_4403331758
3,8,2,1,0.6666666666666667,13,3,0.23076923076923078,0.375,0.25,False,0.5074803,1,809_linkedin_4409045536,809,linkedin_4409045536
5,8,0,5,0.0,13,2,0.15384615384615385,0.25,0.3333333333333333,False,0.53464293,1,83_linkedin_4407900505,83,linkedin_4407900505
5,8,0,5,0.0,3,0,0.0,0.0,0.3333333333333333,False,0.5442428,1,177_linkedin_4393558602,177,linkedin_4393558602
2,6,5,-3,0.5,36,3,0.08333333333333333,0.5,0.0,False,0.38260815,1,150_linkedin_4370781613,150,linkedin_4370781613
1,5,0,1,0.0,6,1,0.16666666666666666,0.2,0.2222222222222222,False,0.5215084,1,123_linkedin_4405289858,123,linkedin_4405289858
4,6,2,2,0.33333333333333337,18,2,0.1111111111111111,0.3333333333333333,1.0,False,0.75383925,1,512_linkedin_4407423993,512,linkedin_4407423993
14,10,0,14,0.0,10,1,0.1,0.1,0.0,False,0.38492227,1,116_linkedin_4403974969,116,linkedin_4403974969
4,7,0,4,0.0,21,3,0.14285714285714285,0.42857142857142855,1.0,False,0.6092893,1,589_linkedin_4405277133,589,linkedin_4405277133
3,4,0,3,0.0,6,0,0.0,0.0,0.4,False,0.33984312,1,824_linkedin_4384119747,824,linkedin_4384119747
5,8,0,5,0.0,13,1,0.07692307692307693,0.125,0.5,False,0.5613108,1,131_linkedin_4405538487,131,linkedin_4405538487
2,6,5,-3,0.5,19,2,0.10526315789473684,0.3333333333333333,0.0,False,0.5027351,1,76_linkedin_4404290021,76,linkedin_4404290021
14,10,0,14,0.0,34,6,0.17647058823529413,0.6,0.6666666666666666,False,0.4097808,1,47_linkedin_4405267720,47,linkedin_4405267720
5,7,0,5,0.0,6,0,0.0,0.0,0.2,False,0.4108026,1,556_linkedin_4404391973,556,linkedin_4404391973
4,8,0,4,0.0,18,2,0.1111111111111111,0.25,0.25,False,0.5194976,1,178_linkedin_4407087230,178,linkedin_4407087230
2,6,0,2,0.0,13,1,0.07692307692307693,0.16666666666666666,0.25,False,0.39269412,1,100_linkedin_4399398705,100,linkedin_4399398705
8,9,1,7,0.0,9,1,0.1111111111111111,0.1111111111111111,0.0,False,0.4618653,1,704_linkedin_4384351383,704,linkedin_4384351383
4,9,8,-4,0.5555555555555556,14,3,0.21428571428571427,0.3333333333333333,0.14285714285714285,False,0.47557366,1,813_linkedin_4392456150,813,linkedin_4392456150
5,2,2,3,0.0,18,1,0.05555555555555555,0.5,0.14285714285714285,False,0.40674493,1,753_linkedin_4400586281,753,linkedin_4400586281
8,4,2,6,0.0,14,1,0.07142857142857142,0.25,0.0,False,0.26095486,1,664_linkedin_4404031827,664,linkedin_4404031827
5,8,5,0,1.0,32,3,0.09375,0.375,0.0,False,0.51081085,1,11_linkedin_4394717480,11,linkedin_4394717480
3,4,5,-2,0.6666666666666667,18,2,0.1111111111111111,0.5,0.3333333333333333,False,0.39463976,1,824_linkedin_4401837825,824,linkedin_4401837825
2,6,2,0,1.0,19,5,0.2631578947368421,0.8333333333333334,0.25,False,0.57522887,1,530_linkedin_4381207520,530,linkedin_4381207520
7,8,5,2,0.6666666666666667,13,0,0.0,0.0,0.2857142857142857,False,0.49217972,1,579_linkedin_4371682863,579,linkedin_4371682863
2,5,0,2,0.0,11,3,0.2727272727272727,0.6,0.3333333333333333,False,0.6097467,1,126_linkedin_4339486191,126,linkedin_4339486191
2,8,5,-3,0.5,10,0,0.0,0.0,1.0,False,0.5288166,1,558_linkedin_4404058455,558,linkedin_4404058455
3,8,5,-2,0.6666666666666667,14,2,0.14285714285714285,0.25,0.3333333333333333,False,0.5260274,1,686_linkedin_4402749745,686,linkedin_4402749745
4,6,0,4,0.0,28,3,0.10714285714285714,0.5,0.0,True,0.56294763,1,521_linkedin_4386980027,521,linkedin_4386980027
2,7,0,2,0.0,17,1,0.058823529411764705,0.14285714285714285,0.25,False,0.30799058,1,221_linkedin_4409002273,221,linkedin_4409002273
5,8,5,0,1.0,21,5,0.23809523809523808,0.625,0.4,False,0.694963,1,11_linkedin_4399847413,11,linkedin_4399847413
5,9,0,5,0.0,22,2,0.09090909090909091,0.2222222222222222,0.2,False,0.5203864,1,742_linkedin_4406587394,742,linkedin_4406587394
13,10,2,11,0.0,1,0,0.0,0.0,0.0,False,0.3924685,1,23_linkedin_4397946338,23,linkedin_4397946338
4,8,0,4,0.0,12,1,0.08333333333333333,0.125,0.5,False,0.54765594,1,79_linkedin_4371039081,79,linkedin_4371039081
9,7,0,9,0.0,3,0,0.0,0.0,0.4,False,0.49343786,1,570_linkedin_4403372136,570,linkedin_4403372136
1,6,5,-4,0.33333333333333337,22,2,0.09090909090909091,0.3333333333333333,0.25,False,0.3396085,1,149_linkedin_4365049877,149,linkedin_4365049877
5,9,0,5,0.0,17,4,0.23529411764705882,0.4444444444444444,0.25,False,0.45428708,1,817_linkedin_4399214391,817,linkedin_4399214391
1,6,8,-7,0.2222222222222222,8,3,0.375,0.5,0.3333333333333333,False,0.6062052,1,29_linkedin_4406489679,29,linkedin_4406489679
4,8,8,-4,0.5555555555555556,19,3,0.15789473684210525,0.375,0.1111111111111111,False,0.43751222,1,103_linkedin_4400516267,103,linkedin_4400516267
3,8,0,3,0.0,11,3,0.2727272727272727,0.375,0.25,False,0.60464513,1,33_linkedin_4317736299,33,linkedin_4317736299
1,6,5,-4,0.33333333333333337,11,1,0.09090909090909091,0.16666666666666666,0.0,False,0.30745804,1,252_linkedin_4405669566,252,linkedin_4405669566
5,9,2,3,0.0,12,2,0.16666666666666666,0.2222222222222222,0.0,False,0.32698157,1,669_linkedin_4302730124,669,linkedin_4302730124
5,8,5,0,1.0,5,2,0.4,0.25,0.5,False,0.62842834,1,83_linkedin_4341318288,83,linkedin_4341318288
7,7,2,5,0.0,22,4,0.18181818181818182,0.5714285714285714,0.3333333333333333,False,0.28813827,1,560_linkedin_4384180075,560,linkedin_4384180075
8,9,0,8,0.0,23,4,0.17391304347826086,0.4444444444444444,0.3333333333333333,False,0.43273094,1,112_linkedin_4404074816,112,linkedin_4404074816
9,8,5,4,0.33333333333333337,4,0,0.0,0.0,0.14285714285714285,False,0.41978785,1,581_linkedin_4404663537,581,linkedin_4404663537
5,9,8,-3,0.6666666666666667,16,1,0.0625,0.1111111111111111,0.0,False,0.42754376,1,711_linkedin_4407191616,711,linkedin_4407191616
4,8,2,2,0.33333333333333337,15,1,0.06666666666666667,0.125,0.0,False,0.4653111,1,7_linkedin_4400713744,7,linkedin_4400713744
4,8,5,-1,0.8333333333333334,15,3,0.2,0.375,0.0,False,0.5618938,1,36_linkedin_4393928942,36,linkedin_4393928942
1,6,5,-4,0.33333333333333337,23,4,0.17391304347826086,0.6666666666666666,0.5,False,0.7009258,1,27_linkedin_4402854817,27,linkedin_4402854817
1,5,0,1,0.0,19,2,0.10526315789473684,0.4,1.0,False,0.5179089,1,171_linkedin_4389906825,171,linkedin_4389906825
5,9,2,3,0.0,20,6,0.3,0.6666666666666666,0.0,False,0.42809397,1,839_linkedin_4395866208,839,linkedin_4395866208
13,10,8,5,0.4444444444444444,21,3,0.14285714285714285,0.3,0.2,False,0.4906498,1,95_linkedin_4404204086,95,linkedin_4404204086
11,8,8,3,0.6666666666666667,16,0,0.0,0.0,0.0,False,0.38683796,1,562_linkedin_4407191616,562,linkedin_4407191616
9,7,5,4,0.33333333333333337,11,0,0.0,0.0,0.5,False,0.5205473,1,550_linkedin_4395278655,550,linkedin_4395278655
5,8,0,5,0.0,25,1,0.04,0.125,0.25,False,0.32203537,1,152_linkedin_4353695429,152,linkedin_4353695429
9,9,5,4,0.33333333333333337,12,3,0.25,0.3333333333333333,0.5,False,0.6869642,1,87_linkedin_4404587669,87,linkedin_4404587669
5,9,2,3,0.0,10,4,0.4,0.4444444444444444,0.0,False,0.41071272,1,748_linkedin_4371387533,748,linkedin_4371387533
13,10,8,5,0.4444444444444444,21,2,0.09523809523809523,0.2,0.2,False,0.45459312,1,19_linkedin_4404204086,19,linkedin_4404204086
7,9,5,2,0.6666666666666667,11,1,0.09090909090909091,0.1111111111111111,0.5,False,0.56419384,1,89_linkedin_4399109067,89,linkedin_4399109067
5,9,5,0,1.0,17,3,0.17647058823529413,0.3333333333333333,0.25,False,0.54171574,1,713_linkedin_4403458219,713,linkedin_4403458219
3,8,2,1,0.6666666666666667,14,2,0.14285714285714285,0.25,0.5,True,0.64278466,1,33_linkedin_4402454825,33,linkedin_4402454825
8,9,0,8,0.0,13,1,0.07692307692307693,0.1111111111111111,0.25,False,0.37632924,1,109_linkedin_4399398705,109,linkedin_4399398705
5,9,0,5,0.0,22,5,0.22727272727272727,0.5555555555555556,0.2222222222222222,False,0.6280321,1,818_linkedin_4371890342,818,linkedin_4371890342
14,10,0,14,0.0,13,1,0.07692307692307693,0.1,0.25,False,0.38570017,1,24_linkedin_4399398705,24,linkedin_4399398705
11,8,0,11,0.0,24,6,0.25,0.75,0.0,False,0.7593274,1,562_linkedin_4394414906,562,linkedin_4394414906
8,9,0,8,0.0,22,7,0.3181818181818182,0.7777777777777778,0.0,False,0.43444377,1,665_linkedin_4394794404,665,linkedin_4394794404
15,9,0,15,0.0,14,1,0.07142857142857142,0.1111111111111111,0.1111111111111111,False,0.45449543,1,195_linkedin_4385735405,195,linkedin_4385735405
8,9,8,0,1.0,16,1,0.0625,0.1111111111111111,0.0,False,0.39965257,1,666_linkedin_4407191616,666,linkedin_4407191616
5,9,2,3,0.0,12,1,0.08333333333333333,0.1111111111111111,0.0,False,0.30159834,1,673_linkedin_4302730124,673,linkedin_4302730124
5,5,5,0,1.0,14,2,0.14285714285714285,0.4,0.0,False,0.3201428,1,716_linkedin_4382252698,716,linkedin_4382252698
12,10,2,10,0.0,19,2,0.10526315789473684,0.2,0.0,False,0.5328706,1,45_linkedin_4381207520,45,linkedin_4381207520
3,8,1,2,0.0,14,3,0.21428571428571427,0.375,0.5,False,0.63329935,1,686_linkedin_4402273849,686,linkedin_4402273849
5,2,0,5,0.0,28,2,0.07142857142857142,1.0,0.4,True,0.57658947,1,735_linkedin_4393065011,735,linkedin_4393065011
9,9,5,4,0.33333333333333337,17,2,0.11764705882352941,0.2222222222222222,0.0,False,0.45440432,1,192_linkedin_4357742793,192,linkedin_4357742793
7,7,8,-1,0.8888888888888888,16,2,0.125,0.2857142857142857,0.1111111111111111,False,0.41046345,1,511_linkedin_4299776272,511,linkedin_4299776272
10,9,2,8,0.0,12,1,0.08333333333333333,0.1111111111111111,0.0,False,0.32676286,1,15_linkedin_4302730124,15,linkedin_4302730124
3,8,0,3,0.0,17,2,0.11764705882352941,0.25,0.0,False,0.48527533,1,179_linkedin_4392183467,179,linkedin_4392183467
5,4,2,3,0.0,14,1,0.07142857142857142,0.25,0.3333333333333333,False,0.26316172,1,671_linkedin_4404031827,671,linkedin_4404031827
8,9,0,8,0.0,18,1,0.05555555555555555,0.1111111111111111,0.3333333333333333,False,0.38019493,1,90_linkedin_4359215396,90,linkedin_4359215396
2,6,5,-3,0.5,12,3,0.25,0.5,0.0,False,0.37358505,1,248_linkedin_4400823040,248,linkedin_4400823040
12,10,0,12,0.0,19,3,0.15789473684210525,0.3,0.0,False,0.65664816,1,45_linkedin_4358452670,45,linkedin_4358452670
12,9,2,10,0.0,27,5,0.18518518518518517,0.5555555555555556,0.0,True,0.49378303,1,143_linkedin_4404906644,143,linkedin_4404906644
12,10,8,4,0.5555555555555556,21,3,0.14285714285714285,0.3,0.2,False,0.42114353,1,118_linkedin_4404204086,118,linkedin_4404204086
8,7,5,3,0.5,18,2,0.1111111111111111,0.2857142857142857,0.3333333333333333,False,0.7161895,1,529_linkedin_4399022535,529,linkedin_4399022535
8,9,0,8,0.0,20,5,0.25,0.5555555555555556,0.0,False,0.61780214,1,667_linkedin_4397466991,667,linkedin_4397466991
8,9,5,3,0.5,14,2,0.14285714285714285,0.2222222222222222,0.5,False,0.7087107,1,40_linkedin_4306118481,40,linkedin_4306118481
9,9,1,8,0.0,7,0,0.0,0.0,0.3333333333333333,False,0.46202865,1,113_linkedin_4403190492,113,linkedin_4403190492
4,8,0,4,0.0,16,3,0.1875,0.375,0.2857142857142857,False,0.63009053,1,7_linkedin_4405651873,7,linkedin_4405651873
5,4,2,3,0.0,15,2,0.13333333333333333,0.5,0.14285714285714285,False,0.36031306,1,717_linkedin_4380699619,717,linkedin_4380699619
9,9,5,4,0.33333333333333337,13,2,0.15384615384615385,0.2222222222222222,0.0,False,0.3998758,1,192_linkedin_4405404188,192,linkedin_4405404188
5,9,5,0,1.0,12,1,0.08333333333333333,0.1111111111111111,0.0,False,0.49487776,1,743_linkedin_4401605319,743,linkedin_4401605319
13,10,5,8,0.0,16,3,0.1875,0.3,0.0,False,0.6791246,1,19_linkedin_4397776930,19,linkedin_4397776930
1,5,0,1,0.0,21,2,0.09523809523809523,0.4,0.25,False,0.36291128,1,5_linkedin_4380226805,5,linkedin_4380226805
7,9,2,5,0.0,28,7,0.25,0.7777777777777778,0.0,False,0.57538843,1,111_linkedin_4368191990,111,linkedin_4368191990
9,9,0,9,0.0,10,2,0.2,0.2222222222222222,0.125,False,0.55634576,1,39_linkedin_4400184482,39,linkedin_4400184482
1,5,0,1,0.0,18,1,0.05555555555555555,0.2,0.0,False,0.3273301,1,175_linkedin_4406667578,175,linkedin_4406667578
3,8,8,-5,0.4444444444444444,21,2,0.09523809523809523,0.25,0.2,False,0.50979286,1,9_linkedin_4404204086,9,linkedin_4404204086
13,10,8,5,0.4444444444444444,19,3,0.15789473684210525,0.3,1.0,False,0.610578,1,91_linkedin_4400402631,91,linkedin_4400402631
3,9,5,-2,0.6666666666666667,9,3,0.3333333333333333,0.3333333333333333,0.0,False,0.5963861,1,779_linkedin_4391701480,779,linkedin_4391701480
5,2,5,0,1.0,17,2,0.11764705882352941,1.0,0.4,False,0.434018,1,823_linkedin_4395339212,823,linkedin_4395339212
9,9,2,7,0.0,19,5,0.2631578947368421,0.5555555555555556,1.0,False,0.4686711,1,159_linkedin_4379617586,159,linkedin_4379617586
7,9,5,2,0.6666666666666667,27,2,0.07407407407407407,0.2222222222222222,0.0,False,0.48697114,1,89_linkedin_4395942366,89,linkedin_4395942366
1,6,5,-4,0.33333333333333337,11,1,0.09090909090909091,0.16666666666666666,0.6666666666666666,False,0.48538613,1,29_linkedin_4366422916,29,linkedin_4366422916
6,6,2,4,0.0,4,0,0.0,0.0,1.0,False,0.6693949,1,617_linkedin_4399266480,617,linkedin_4399266480
9,9,0,9,0.0,18,3,0.16666666666666666,0.3333333333333333,0.3333333333333333,False,0.4689541,1,113_linkedin_4362542861,113,linkedin_4362542861
1,6,0,1,0.0,5,1,0.2,0.16666666666666666,0.0,False,0.31851876,1,169_linkedin_4405097915,169,linkedin_4405097915
13,10,0,13,0.0,12,4,0.3333333333333333,0.4,0.16666666666666666,False,0.5911179,1,120_linkedin_4408771202,120,linkedin_4408771202
4,8,1,3,0.0,12,2,0.16666666666666666,0.25,0.0,False,0.3640026,1,31_linkedin_4398958152,31,linkedin_4398958152
5,8,5,0,1.0,25,2,0.08,0.25,0.25,False,0.5461618,1,155_linkedin_4408217125,155,linkedin_4408217125
13,10,0,13,0.0,11,2,0.18181818181818182,0.2,0.6666666666666666,False,0.70643055,1,43_linkedin_4379080898,43,linkedin_4379080898
4,7,0,4,0.0,3,0,0.0,0.0,1.0,False,0.55335367,1,549_linkedin_4405242245,549,linkedin_4405242245
4,8,1,3,0.0,15,3,0.2,0.375,0.3333333333333333,False,0.5310568,1,31_linkedin_4401000748,31,linkedin_4401000748
5,8,0,5,0.0,8,1,0.125,0.125,1.0,False,0.61372316,1,32_linkedin_4406231599,32,linkedin_4406231599
5,3,0,5,0.0,10,1,0.1,0.3333333333333333,0.16666666666666666,False,0.41397575,1,714_linkedin_4385489992,714,linkedin_4385489992
5,9,0,5,0.0,28,4,0.14285714285714285,0.4444444444444444,0.25,False,0.621156,1,796_linkedin_4275595150,796,linkedin_4275595150
13,10,0,13,0.0,20,3,0.15,0.3,0.6666666666666666,False,0.7357378,1,43_linkedin_4299509147,43,linkedin_4299509147
2,6,0,2,0.0,22,2,0.09090909090909091,0.3333333333333333,1.0,False,0.553599,1,263_linkedin_4405236154,263,linkedin_4405236154
5,9,2,3,0.0,24,6,0.25,0.6666666666666666,0.2,False,0.41585356,1,698_linkedin_4401190488,698,linkedin_4401190488
4,8,5,-1,0.8333333333333334,23,6,0.2608695652173913,0.75,0.3333333333333333,False,0.7259116,1,103_linkedin_4404554269,103,linkedin_4404554269
3,9,5,-2,0.6666666666666667,11,2,0.18181818181818182,0.2222222222222222,0.0,False,0.4544647,1,836_linkedin_4366422916,836,linkedin_4366422916
9,9,5,4,0.33333333333333337,27,5,0.18518518518518517,0.5555555555555556,0.25,False,0.54391956,1,18_linkedin_4406520776,18,linkedin_4406520776
5,9,0,5,0.0,15,4,0.26666666666666666,0.4444444444444444,0.3333333333333333,False,0.557903,1,792_linkedin_4238704831,792,linkedin_4238704831
2,6,5,-3,0.5,11,0,0.0,0.0,0.0,False,0.40300423,1,263_linkedin_4405140553,263,linkedin_4405140553
9,9,0,9,0.0,8,1,0.125,0.1111111111111111,0.5,False,0.3366154,1,87_linkedin_4406833892,87,linkedin_4406833892
5,9,0,5,0.0,18,5,0.2777777777777778,0.5555555555555556,0.6666666666666666,False,0.3980023,1,818_linkedin_4359215396,818,linkedin_4359215396
4,8,0,4,0.0,29,2,0.06896551724137931,0.25,0.3333333333333333,False,0.370962,1,182_linkedin_4378954930,182,linkedin_4378954930
4,6,5,-1,0.8333333333333334,14,2,0.14285714285714285,0.3333333333333333,0.25,False,0.45499244,1,512_linkedin_4405554234,512,linkedin_4405554234
7,8,5,2,0.6666666666666667,21,4,0.19047619047619047,0.5,0.2,False,0.67531097,1,544_linkedin_4328828438,544,linkedin_4328828438
8,9,5,3,0.5,12,3,0.25,0.3333333333333333,0.25,False,0.57730865,1,88_linkedin_4404587669,88,linkedin_4404587669
7,6,2,5,0.0,4,1,0.25,0.16666666666666666,0.6666666666666666,False,0.64672697,1,613_linkedin_4399266480,613,linkedin_4399266480
7,9,0,7,0.0,29,2,0.06896551724137931,0.2222222222222222,0.3333333333333333,False,0.3623584,1,190_linkedin_4378971730,190,linkedin_4378971730
5,8,2,3,0.0,15,2,0.13333333333333333,0.25,1.0,False,0.56490624,1,181_linkedin_4403705095,181,linkedin_4403705095
2,7,5,-3,0.5,14,1,0.07142857142857142,0.14285714285714285,0.0,False,0.4256149,1,594_linkedin_4405134532,594,linkedin_4405134532
3,5,0,3,0.0,25,4,0.16,0.8,0.5,False,0.4386792,1,807_linkedin_4398861071,807,linkedin_4398861071
5,8,8,-3,0.6666666666666667,21,2,0.09523809523809523,0.25,0.0,False,0.55684596,1,104_linkedin_4402789919,104,linkedin_4402789919
14,10,2,12,0.0,18,5,0.2777777777777778,0.5,0.3333333333333333,False,0.5620112,1,47_linkedin_4400710740,47,linkedin_4400710740
4,8,8,-4,0.5555555555555556,22,3,0.13636363636363635,0.375,0.5,False,0.6225329,1,7_linkedin_4371984039,7,linkedin_4371984039
5,8,0,5,0.0,23,3,0.13043478260869565,0.375,0.16666666666666666,False,0.4747558,1,539_linkedin_4408752869,539,linkedin_4408752869
5,9,2,3,0.0,18,4,0.2222222222222222,0.4444444444444444,0.0,False,0.40609312,1,795_linkedin_4398204936,795,linkedin_4398204936
5,9,5,0,1.0,17,5,0.29411764705882354,0.5555555555555556,0.0,False,0.47763106,1,792_linkedin_4381834372,792,linkedin_4381834372
5,2,0,5,0.0,20,1,0.05,0.5,0.0,False,0.5067251,1,735_linkedin_4408020469,735,linkedin_4408020469
2,6,0,2,0.0,5,1,0.2,0.16666666666666666,0.6666666666666666,False,0.40332255,1,150_linkedin_4367318250,150,linkedin_4367318250
4,9,1,3,0.0,12,2,0.16666666666666666,0.2222222222222222,0.3333333333333333,False,0.27794334,1,813_linkedin_4403106007,813,linkedin_4403106007
4,6,8,-4,0.5555555555555556,21,2,0.09523809523809523,0.3333333333333333,0.4,False,0.5439472,1,512_linkedin_4404204086,512,linkedin_4404204086
3,8,2,1,0.6666666666666667,6,1,0.16666666666666666,0.125,0.25,False,0.4660149,1,179_linkedin_4389714623,179,linkedin_4389714623
7,7,0,7,0.0,7,1,0.14285714285714285,0.14285714285714285,0.5,False,0.6244055,1,565_linkedin_4391565334,565,linkedin_4391565334
1,5,5,-4,0.33333333333333337,17,2,0.11764705882352941,0.4,0.0,False,0.5158964,1,175_linkedin_4405577156,175,linkedin_4405577156
13,10,0,13,0.0,34,5,0.14705882352941177,0.5,1.0,False,0.3794661,1,19_linkedin_4371088628,19,linkedin_4371088628
3,7,0,3,0.0,4,0,0.0,0.0,0.2857142857142857,False,0.4485027,1,290_linkedin_4390682886,290,linkedin_4390682886
5,2,0,5,0.0,27,1,0.037037037037037035,0.5,0.6666666666666666,False,0.49155346,1,735_linkedin_4406429848,735,linkedin_4406429848
3,2,5,-2,0.6666666666666667,21,1,0.047619047619047616,0.5,0.4,False,0.5441822,1,821_linkedin_4406289704,821,linkedin_4406289704
8,7,0,8,0.0,6,0,0.0,0.0,0.1,False,0.38912866,1,237_linkedin_4402634828,237,linkedin_4402634828
14,10,2,12,0.0,13,3,0.23076923076923078,0.3,0.5,False,0.6096692,1,92_linkedin_4409042754,92,linkedin_4409042754
5,2,5,0,1.0,4,1,0.25,0.5,0.6666666666666666,False,0.57426006,1,823_linkedin_4397519592,823,linkedin_4397519592
5,7,5,0,1.0,11,0,0.0,0.0,0.0,False,0.43448216,1,239_linkedin_4405982427,239,linkedin_4405982427
3,7,0,3,0.0,5,2,0.4,0.2857142857142857,0.6666666666666666,False,0.59314406,1,806_linkedin_4398207333,806,linkedin_4398207333
7,8,8,-1,0.8888888888888888,29,3,0.10344827586206896,0.375,0.1,False,0.28712177,1,544_linkedin_4394349178,544,linkedin_4394349178
5,2,2,3,0.0,8,1,0.125,0.5,0.6666666666666666,False,0.48811963,1,753_linkedin_4405209033,753,linkedin_4405209033
14,10,8,6,0.33333333333333337,21,2,0.09523809523809523,0.2,0.2,False,0.4588444,1,24_linkedin_4404204086,24,linkedin_4404204086
13,10,0,13,0.0,26,3,0.11538461538461539,0.3,0.16666666666666666,False,0.50897497,1,163_linkedin_4405160990,163,linkedin_4405160990
4,8,0,4,0.0,3,0,0.0,0.0,0.0,False,0.4706506,1,10_linkedin_4407802473,10,linkedin_4407802473
4,9,0,4,0.0,5,1,0.2,0.1111111111111111,0.3333333333333333,False,0.51567656,1,816_linkedin_4398207333,816,linkedin_4398207333
5,5,8,-3,0.6666666666666667,20,3,0.15,0.6,0.6666666666666666,False,0.5137623,1,716_linkedin_4400515080,716,linkedin_4400515080
8,9,2,6,0.0,15,3,0.2,0.3333333333333333,0.0,True,0.6333698,1,138_linkedin_4408265376,138,linkedin_4408265376
14,10,2,12,0.0,12,1,0.08333333333333333,0.1,0.0,False,0.29289567,1,20_linkedin_4302730124,20,linkedin_4302730124
8,9,2,6,0.0,23,6,0.2608695652173913,0.6666666666666666,0.3333333333333333,False,0.42280692,1,13_linkedin_4382272487,13,linkedin_4382272487
5,8,8,-3,0.6666666666666667,28,4,0.14285714285714285,0.5,0.0,False,0.54717165,1,107_linkedin_4366544387,107,linkedin_4366544387
12,10,5,7,0.0,23,2,0.08695652173913043,0.2,0.16666666666666666,False,0.5410002,1,45_linkedin_4387817447,45,linkedin_4387817447
1,5,1,0,1.0,16,3,0.1875,0.6,0.2,False,0.56026584,1,5_linkedin_4400681639,5,linkedin_4400681639
5,9,0,5,0.0,15,4,0.26666666666666666,0.4444444444444444,0.0,False,0.55712754,1,795_linkedin_4306128290,795,linkedin_4306128290
1,5,2,-1,0.6666666666666667,12,1,0.08333333333333333,0.2,0.0,False,0.46556562,1,171_linkedin_4397408242,171,linkedin_4397408242
3,4,5,-2,0.6666666666666667,17,2,0.11764705882352941,0.5,0.4,False,0.43852445,1,822_linkedin_4395339212,822,linkedin_4395339212
5,9,8,-3,0.6666666666666667,16,1,0.0625,0.1111111111111111,0.0,False,0.45194256,1,673_linkedin_4407191616,673,linkedin_4407191616
5,9,0,5,0.0,30,7,0.23333333333333334,0.7777777777777778,0.0,False,0.65042084,1,840_linkedin_4399676095,840,linkedin_4399676095
4,7,5,-1,0.8333333333333334,4,0,0.0,0.0,0.5,False,0.5269673,1,219_linkedin_4398603181,219,linkedin_4398603181
8,9,5,3,0.5,13,1,0.07692307692307693,0.1111111111111111,0.0,False,0.433097,1,667_linkedin_4362170588,667,linkedin_4362170588
9,9,1,8,0.0,22,2,0.09090909090909091,0.2222222222222222,0.3333333333333333,False,0.27350298,1,159_linkedin_4401410287,159,linkedin_4401410287
5,9,0,5,0.0,13,1,0.07692307692307693,0.1111111111111111,0.25,False,0.3624428,1,673_linkedin_4399398705,673,linkedin_4399398705
2,6,0,2,0.0,23,3,0.13043478260869565,0.5,0.3333333333333333,False,0.55122656,1,78_linkedin_4408752869,78,linkedin_4408752869
8,4,5,3,0.5,17,1,0.058823529411764705,0.25,0.6666666666666666,False,0.4552077,1,754_linkedin_4394756229,754,linkedin_4394756229
9,8,2,7,0.0,16,1,0.0625,0.125,0.0,False,0.5676507,1,536_linkedin_4326608875,536,linkedin_4326608875
5,4,2,3,0.0,11,1,0.09090909090909091,0.25,0.5,False,0.31839472,1,737_linkedin_4400369905,737,linkedin_4400369905
6,6,5,1,0.8333333333333334,12,2,0.16666666666666666,0.3333333333333333,0.0,False,0.4376082,1,255_linkedin_4406712205,255,linkedin_4406712205
4,8,0,4,0.0,21,2,0.09523809523809523,0.25,0.0,False,0.4991457,1,178_linkedin_4402788510,178,linkedin_4402788510
2,5,0,2,0.0,4,0,0.0,0.0,0.2857142857142857,False,0.42376643,1,174_linkedin_4390682886,174,linkedin_4390682886
4,8,0,4,0.0,6,1,0.16666666666666666,0.125,0.1111111111111111,False,0.5290141,1,532_linkedin_4405289858,532,linkedin_4405289858
3,4,0,3,0.0,16,2,0.125,0.5,0.6666666666666666,False,0.4909026,1,822_linkedin_4296469734,822,linkedin_4296469734
5,9,2,3,0.0,14,3,0.21428571428571427,0.3333333333333333,0.0,False,0.33970022,1,711_linkedin_4366909142,711,linkedin_4366909142
8,9,2,6,0.0,28,4,0.14285714285714285,0.4444444444444444,0.0,False,0.62714297,1,37_linkedin_4407156829,37,linkedin_4407156829
5,7,8,-3,0.6666666666666667,36,3,0.08333333333333333,0.42857142857142855,0.14285714285714285,False,0.36486384,1,687_linkedin_4403667187,687,linkedin_4403667187
2,7,0,2,0.0,14,2,0.14285714285714285,0.2857142857142857,0.1,False,0.40492797,1,221_linkedin_4385729700,221,linkedin_4385729700
13,9,1,12,0.0,14,2,0.14285714285714285,0.2222222222222222,0.0,False,0.5739118,1,142_linkedin_4404732037,142,linkedin_4404732037
5,9,0,5,0.0,9,4,0.4444444444444444,0.4444444444444444,0.5,False,0.6301365,1,837_linkedin_4319983823,837,linkedin_4319983823
4,8,2,2,0.33333333333333337,17,3,0.17647058823529413,0.375,0.0,False,0.55464584,1,10_linkedin_4379672100,10,linkedin_4379672100
3,4,0,3,0.0,28,2,0.07142857142857142,0.5,0.6666666666666666,False,0.47538474,1,822_linkedin_4406956769,822,linkedin_4406956769
3,2,0,3,0.0,21,2,0.09523809523809523,1.0,0.25,False,0.53563845,1,821_linkedin_4373586373,821,linkedin_4373586373
5,9,5,0,1.0,6,1,0.16666666666666666,0.1111111111111111,0.3333333333333333,False,0.62295383,1,817_linkedin_4383951278,817,linkedin_4383951278
3,2,5,-2,0.6666666666666667,8,2,0.25,1.0,0.5,False,0.5082868,1,821_linkedin_4364880748,821,linkedin_4364880748
5,2,5,0,1.0,27,2,0.07407407407407407,1.0,0.0,False,0.42171004,1,734_linkedin_4385280427,734,linkedin_4385280427
7,9,0,7,0.0,29,2,0.06896551724137931,0.2222222222222222,0.3333333333333333,False,0.35385025,1,190_linkedin_4378954930,190,linkedin_4378954930
5,9,0,5,0.0,23,5,0.21739130434782608,0.5555555555555556,0.3333333333333333,False,0.50352466,1,694_linkedin_4408752869,694,linkedin_4408752869
8,2,0,8,0.0,13,2,0.15384615384615385,1.0,0.0,False,0.63155633,1,736_linkedin_4403971651,736,linkedin_4403971651
9,9,8,1,0.8888888888888888,21,3,0.14285714285714285,0.3333333333333333,0.6666666666666666,False,0.5982832,1,18_linkedin_4402770506,18,linkedin_4402770506
6,7,2,4,0.0,6,0,0.0,0.0,0.2,False,0.4140724,1,282_linkedin_4401017570,282,linkedin_4401017570
8,9,0,8,0.0,19,2,0.10526315789473684,0.2222222222222222,0.0,False,0.40714005,1,17_linkedin_4394786705,17,linkedin_4394786705
4,8,1,3,0.0,14,2,0.14285714285714285,0.25,0.5,False,0.56656206,1,82_linkedin_4402273849,82,linkedin_4402273849
7,7,2,5,0.0,12,1,0.08333333333333333,0.14285714285714285,1.0,False,0.47647986,1,565_linkedin_4402430403,565,linkedin_4402430403
5,6,2,3,0.0,24,1,0.041666666666666664,0.16666666666666666,0.0,False,0.3810413,1,258_linkedin_4409002192,258,linkedin_4409002192
13,10,2,11,0.0,12,1,0.08333333333333333,0.1,0.0,False,0.3249725,1,120_linkedin_4302730124,120,linkedin_4302730124
5,7,0,5,0.0,19,5,0.2631578947368421,0.7142857142857143,0.5,False,0.39716518,1,685_linkedin_4404112449,685,linkedin_4404112449
5,8,2,3,0.0,14,1,0.07142857142857142,0.125,0.3333333333333333,False,0.3772463,1,104_linkedin_4404031827,104,linkedin_4404031827
10,9,8,2,0.7777777777777778,21,3,0.14285714285714285,0.3333333333333333,0.0,False,0.41274118,1,114_linkedin_4404204086,114,linkedin_4404204086
15,10,5,10,0.0,24,3,0.125,0.3,0.0,False,0.5473409,1,21_linkedin_4395957404,21,linkedin_4395957404
13,10,1,12,0.0,22,4,0.18181818181818182,0.4,0.5,False,0.535068,1,120_linkedin_4336031176,120,linkedin_4336031176
9,9,8,1,0.8888888888888888,16,2,0.125,0.2222222222222222,0.2,False,0.58031934,1,14_linkedin_4372065996,14,linkedin_4372065996
8,9,0,8,0.0,26,6,0.23076923076923078,0.6666666666666666,0.6666666666666666,False,0.70081204,1,112_linkedin_4364302089,112,linkedin_4364302089
2,6,0,2,0.0,15,2,0.13333333333333333,0.3333333333333333,0.6666666666666666,False,0.69104433,1,74_linkedin_4404302967,74,linkedin_4404302967
4,8,2,2,0.33333333333333337,10,2,0.2,0.25,0.16666666666666666,False,0.49052364,1,532_linkedin_4371387533,532,linkedin_4371387533
1,6,2,-1,0.6666666666666667,21,5,0.23809523809523808,0.8333333333333334,1.0,False,0.7455358,1,97_linkedin_4386963753,97,linkedin_4386963753
5,9,0,5,0.0,12,4,0.3333333333333333,0.4444444444444444,0.25,False,0.6218779,1,796_linkedin_4389069426,796,linkedin_4389069426
12,10,2,10,0.0,15,2,0.13333333333333333,0.2,0.0,False,0.44903454,1,22_linkedin_4398468647,22,linkedin_4398468647
5,8,5,0,1.0,20,2,0.1,0.25,0.3333333333333333,False,0.5284221,1,181_linkedin_4406785675,181,linkedin_4406785675
2,6,1,1,0.5,7,0,0.0,0.0,0.3333333333333333,False,0.47704154,1,102_linkedin_4403190492,102,linkedin_4403190492
5,3,5,0,1.0,4,0,0.0,0.0,0.25,False,0.5075334,1,714_linkedin_4398603181,714,linkedin_4398603181
8,9,5,3,0.5,12,1,0.08333333333333333,0.1111111111111111,0.0,False,0.24661857,1,704_linkedin_4407613074,704,linkedin_4407613074
8,4,0,8,0.0,5,1,0.2,0.25,0.3333333333333333,False,0.50542754,1,754_linkedin_4367318250,754,linkedin_4367318250
1,6,0,1,0.0,27,4,0.14814814814814814,0.6666666666666666,0.25,False,0.37465274,1,75_linkedin_4378807531,75,linkedin_4378807531
14,9,5,9,0.0,13,1,0.07692307692307693,0.1111111111111111,0.3333333333333333,False,0.4775447,1,164_linkedin_4375753090,164,linkedin_4375753090
2,7,2,0,1.0,30,1,0.03333333333333333,0.14285714285714285,0.0,False,0.4210323,1,221_linkedin_4402254894,221,linkedin_4402254894
10,9,5,5,0.16666666666666663,7,0,0.0,0.0,0.0,False,0.44797078,1,114_linkedin_4397046576,114,linkedin_4397046576
8,9,0,8,0.0,28,4,0.14285714285714285,0.4444444444444444,0.2,False,0.4386951,1,13_linkedin_4370506836,13,linkedin_4370506836
14,10,0,14,0.0,18,2,0.1111111111111111,0.2,0.5,False,0.56566936,1,24_linkedin_4407489838,24,linkedin_4407489838
5,9,0,5,0.0,18,3,0.16666666666666666,0.3333333333333333,0.3333333333333333,False,0.576185,1,697_linkedin_4384841120,697,linkedin_4384841120
5,9,5,0,1.0,23,3,0.13043478260869565,0.3333333333333333,0.5,False,0.5925998,1,744_linkedin_4392891744,744,linkedin_4392891744
5,9,0,5,0.0,12,2,0.16666666666666666,0.2222222222222222,0.5,False,0.5385218,1,695_linkedin_4371039081,695,linkedin_4371039081
2,7,0,2,0.0,17,5,0.29411764705882354,0.7142857142857143,0.2,False,0.59491533,1,221_linkedin_4403568041,221,linkedin_4403568041
5,8,0,5,0.0,16,3,0.1875,0.375,0.2857142857142857,False,0.6101902,1,11_linkedin_4405651873,11,linkedin_4405651873
8,9,2,6,0.0,7,0,0.0,0.0,0.0,True,0.29867885,1,704_linkedin_4404681576,704,linkedin_4404681576
7,7,2,5,0.0,22,4,0.18181818181818182,0.5714285714285714,0.3333333333333333,False,0.70910305,1,523_linkedin_4408769564,523,linkedin_4408769564
10,7,0,10,0.0,4,0,0.0,0.0,0.2857142857142857,False,0.4304848,1,293_linkedin_4390682886,293,linkedin_4390682886
5,2,5,0,1.0,13,1,0.07692307692307693,0.5,0.0,False,0.42126733,1,734_linkedin_4402491097,734,linkedin_4402491097
5,9,5,0,1.0,12,2,0.16666666666666666,0.2222222222222222,0.5,False,0.59755164,1,695_linkedin_4404587669,695,linkedin_4404587669
5,2,5,0,1.0,29,2,0.06896551724137931,1.0,0.0,False,0.5348836,1,734_linkedin_4388250228,734,linkedin_4388250228
5,9,5,0,1.0,9,3,0.3333333333333333,0.3333333333333333,0.0,False,0.60432184,1,839_linkedin_4406555146,839,linkedin_4406555146
4,6,0,4,0.0,3,0,0.0,0.0,0.0,False,0.55626106,1,521_linkedin_4407802473,521,linkedin_4407802473
5,5,2,3,0.0,11,2,0.18181818181818182,0.4,0.3333333333333333,False,0.5783907,1,718_linkedin_4401611670,718,linkedin_4401611670
5,9,2,3,0.0,13,3,0.23076923076923078,0.3333333333333333,0.6666666666666666,False,0.6626789,1,669_linkedin_4404693152,669,linkedin_4404693152
5,6,2,3,0.0,19,1,0.05263157894736842,0.16666666666666666,0.0,False,0.4379462,1,258_linkedin_4408748547,258,linkedin_4408748547
3,8,1,2,0.0,14,3,0.21428571428571427,0.375,1.0,False,0.61391014,1,819_linkedin_4402273849,819,linkedin_4402273849
5,2,5,0,1.0,10,1,0.1,0.5,0.0,False,0.37585667,1,722_linkedin_4378524875,722,linkedin_4378524875
8,8,2,6,0.0,13,1,0.07692307692307693,0.125,0.25,False,0.4623346,1,540_linkedin_4409052156,540,linkedin_4409052156
8,9,1,7,0.0,45,7,0.15555555555555556,0.7777777777777778,0.0,False,0.5871652,1,112_linkedin_4326582848,112,linkedin_4326582848
5,9,8,-3,0.6666666666666667,13,0,0.0,0.0,0.0,False,0.53103775,1,644_linkedin_4406923903,644,linkedin_4406923903
3,9,0,3,0.0,23,3,0.13043478260869565,0.3333333333333333,0.25,False,0.52036303,1,684_linkedin_4409098383,684,linkedin_4409098383
10,7,2,8,0.0,7,1,0.14285714285714285,0.14285714285714285,0.3333333333333333,False,0.5202723,1,216_linkedin_4395298696,216,linkedin_4395298696
5,2,5,0,1.0,17,1,0.058823529411764705,0.5,0.6666666666666666,False,0.46430117,1,823_linkedin_4394756229,823,linkedin_4394756229
6,7,1,5,0.0,17,2,0.11764705882352941,0.2857142857142857,0.25,False,0.3456171,1,223_linkedin_4401947414,223,linkedin_4401947414
10,2,5,5,0.16666666666666663,8,1,0.125,0.5,0.0,False,0.27577713,1,732_linkedin_4399967112,732,linkedin_4399967112
1,6,0,1,0.0,22,3,0.13636363636363635,0.5,1.0,False,0.61514074,1,252_linkedin_4405236154,252,linkedin_4405236154
2,5,2,0,1.0,18,3,0.16666666666666666,0.6,0.5,False,0.70167214,1,126_linkedin_4398491928,126,linkedin_4398491928
8,9,8,0,1.0,19,5,0.2631578947368421,0.5555555555555556,0.4,False,0.5957603,1,665_linkedin_4317450207,665,linkedin_4317450207
14,10,8,6,0.33333333333333337,21,4,0.19047619047619047,0.4,0.3333333333333333,False,0.6286938,1,24_linkedin_4402770506,24,linkedin_4402770506
15,10,8,7,0.2222222222222222,16,2,0.125,0.2,0.2,False,0.5152591,1,21_linkedin_4372065996,21,linkedin_4372065996
5,9,1,4,0.0,12,4,0.3333333333333333,0.4444444444444444,0.0,False,0.35230964,1,796_linkedin_4398958152,796,linkedin_4398958152
11,8,5,6,0.0,18,4,0.2222222222222222,0.5,0.5,False,0.5974684,1,531_linkedin_4403501171,531,linkedin_4403501171
2,6,5,-3,0.5,10,1,0.1,0.16666666666666666,0.5,False,0.42638335,1,150_linkedin_4404058455,150,linkedin_4404058455
8,8,8,0,1.0,29,2,0.06896551724137931,0.25,0.2,False,0.314794,1,540_linkedin_4394334803,540,linkedin_4394334803
6,3,5,1,0.8333333333333334,19,1,0.05263157894736842,0.3333333333333333,0.0,False,0.46319735,1,788_linkedin_4398121294,788,linkedin_4398121294
9,9,0,9,0.0,10,4,0.4,0.4444444444444444,0.0,False,0.5812939,1,14_linkedin_4406216770,14,linkedin_4406216770
1,5,2,-1,0.6666666666666667,16,1,0.0625,0.2,0.6666666666666666,False,0.52122205,1,5_linkedin_4374661990,5,linkedin_4374661990
4,7,2,2,0.33333333333333337,9,1,0.1111111111111111,0.14285714285714285,0.0,False,0.37666965,1,589_linkedin_4400719541,589,linkedin_4400719541
3,8,0,3,0.0,14,1,0.07142857142857142,0.125,0.0,False,0.47576943,1,179_linkedin_4401751740,179,linkedin_4401751740
8,9,2,6,0.0,18,3,0.16666666666666666,0.3333333333333333,1.0,True,0.6655806,1,17_linkedin_4402455762,17,linkedin_4402455762
8,9,0,8,0.0,7,0,0.0,0.0,0.3333333333333333,False,0.5076702,1,13_linkedin_4407680824,13,linkedin_4407680824
9,9,2,7,0.0,14,1,0.07142857142857142,0.1111111111111111,0.3333333333333333,False,0.39864764,1,113_linkedin_4404031827,113,linkedin_4404031827
3,8,1,2,0.0,24,4,0.16666666666666666,0.5,0.0,False,0.47547933,1,12_linkedin_4393837243,12,linkedin_4393837243
5,8,5,0,1.0,13,1,0.07692307692307693,0.125,0.2,False,0.5720293,1,539_linkedin_4370337080,539,linkedin_4370337080
5,2,0,5,0.0,1,0,0.0,0.0,0.0,False,0.2056583,1,735_linkedin_4408065442,735,linkedin_4408065442
6,7,0,6,0.0,2,0,0.0,0.0,0.75,False,0.48365822,1,215_linkedin_4397177457,215,linkedin_4397177457
7,9,0,7,0.0,9,2,0.2222222222222222,0.2222222222222222,1.0,False,0.4188532,1,38_linkedin_4405434487,38,linkedin_4405434487
4,8,0,4,0.0,24,5,0.20833333333333334,0.625,0.5,False,0.6197598,1,178_linkedin_4390334089,178,linkedin_4390334089
4,6,2,2,0.33333333333333337,27,4,0.14814814814814814,0.6666666666666666,1.0,False,0.6613206,1,521_linkedin_4400810186,521,linkedin_4400810186
3,8,2,1,0.6666666666666667,22,3,0.13636363636363635,0.375,0.1,False,0.4327348,1,12_linkedin_4404822642,12,linkedin_4404822642
5,5,0,5,0.0,17,1,0.058823529411764705,0.2,0.2,False,0.49023482,1,718_linkedin_4403568041,718,linkedin_4403568041
12,7,2,10,0.0,15,2,0.13333333333333333,0.2857142857142857,0.0,False,0.47323093,1,520_linkedin_4398468647,520,linkedin_4398468647
7,6,5,2,0.6666666666666667,15,0,0.0,0.0,0.25,False,0.51071984,1,608_linkedin_4401076084,608,linkedin_4401076084
3,8,0,3,0.0,25,6,0.24,0.75,0.2,False,0.574711,1,819_linkedin_4405825476,819,linkedin_4405825476
13,9,0,13,0.0,11,1,0.09090909090909091,0.1111111111111111,0.3333333333333333,False,0.34620497,1,142_linkedin_4403518158,142,linkedin_4403518158
1,6,5,-4,0.33333333333333337,11,0,0.0,0.0,1.0,False,0.58001554,1,147_linkedin_4395278655,147,linkedin_4395278655
2,6,0,2,0.0,22,3,0.13636363636363635,0.5,1.0,False,0.59842056,1,248_linkedin_4405236154,248,linkedin_4405236154
5,9,0,5,0.0,37,7,0.1891891891891892,0.7777777777777778,0.0,False,0.32438788,1,668_linkedin_4403331758,668,linkedin_4403331758
1,7,8,-7,0.2222222222222222,14,1,0.07142857142857142,0.14285714285714285,0.25,False,0.33809882,1,542_linkedin_4396875018,542,linkedin_4396875018
5,9,0,5,0.0,13,2,0.15384615384615385,0.2222222222222222,0.0,False,0.44633994,1,747_linkedin_4405538487,747,linkedin_4405538487
14,9,0,14,0.0,21,2,0.09523809523809523,0.2222222222222222,0.0,False,0.4098575,1,193_linkedin_4399138767,193,linkedin_4399138767
13,10,8,5,0.4444444444444444,26,2,0.07692307692307693,0.2,0.2,False,0.43813545,1,19_linkedin_4299758880,19,linkedin_4299758880
3,2,8,-5,0.4444444444444444,16,1,0.0625,0.5,0.4,False,0.44788128,1,825_linkedin_4404853370,825,linkedin_4404853370
1,6,0,1,0.0,3,0,0.0,0.0,0.0,False,0.50634825,1,169_linkedin_4393558602,169,linkedin_4393558602
7,9,1,6,0.0,30,6,0.2,0.6666666666666666,0.0,False,0.34357652,1,111_linkedin_4337643834,111,linkedin_4337643834
12,10,2,10,0.0,28,3,0.10714285714285714,0.3,0.3333333333333333,False,0.43609425,1,22_linkedin_4401926198,22,linkedin_4401926198
5,9,0,5,0.0,21,6,0.2857142857142857,0.6666666666666666,0.6666666666666666,False,0.54838145,1,741_linkedin_4397745567,741,linkedin_4397745567
3,7,0,3,0.0,4,0,0.0,0.0,0.3333333333333333,False,0.40163478,1,806_linkedin_4235914611,806,linkedin_4235914611
8,7,0,8,0.0,16,1,0.0625,0.14285714285714285,0.3333333333333333,False,0.6855141,1,529_linkedin_4397629654,529,linkedin_4397629654
1,7,8,-7,0.2222222222222222,6,0,0.0,0.0,0.0,False,0.35683775,1,224_linkedin_4376723728,224,linkedin_4376723728
1,6,5,-4,0.33333333333333337,13,1,0.07692307692307693,0.16666666666666666,0.3333333333333333,False,0.4289191,1,169_linkedin_4397571569,169,linkedin_4397571569
7,7,0,7,0.0,12,2,0.16666666666666666,0.2857142857142857,0.0,False,0.54209644,1,511_linkedin_4404503143,511,linkedin_4404503143
5,8,1,4,0.0,9,1,0.1111111111111111,0.125,0.3333333333333333,False,0.40385735,1,177_linkedin_4401548112,177,linkedin_4401548112
4,8,2,2,0.33333333333333337,27,5,0.18518518518518517,0.625,1.0,False,0.64684117,1,7_linkedin_4400810186,7,linkedin_4400810186
5,3,0,5,0.0,21,2,0.09523809523809523,0.6666666666666666,0.0,False,0.62303805,1,677_linkedin_4363525833,677,linkedin_4363525833
13,10,8,5,0.4444444444444444,21,3,0.14285714285714285,0.3,0.2,False,0.4325201,1,115_linkedin_4404204086,115,linkedin_4404204086
4,8,0,4,0.0,29,2,0.06896551724137931,0.25,0.3333333333333333,False,0.3796965,1,182_linkedin_4378971730,182,linkedin_4378971730
8,9,0,8,0.0,8,1,0.125,0.1111111111111111,0.5,False,0.63159907,1,40_linkedin_4406231599,40,linkedin_4406231599
5,2,8,-3,0.6666666666666667,38,2,0.05263157894736842,1.0,0.0,False,0.58388674,1,735_linkedin_4385661202,735,linkedin_4385661202
4,8,0,4,0.0,1,0,0.0,0.0,0.0,False,0.2083004,1,178_linkedin_4408065442,178,linkedin_4408065442
1,5,2,-1,0.6666666666666667,18,1,0.05555555555555555,0.2,0.5,False,0.46590048,1,125_linkedin_4398491928,125,linkedin_4398491928
15,9,0,15,0.0,14,3,0.21428571428571427,0.3333333333333333,0.0,False,0.47032917,1,200_linkedin_4361892643,200,linkedin_4361892643
4,8,0,4,0.0,11,2,0.18181818181818182,0.25,0.6666666666666666,False,0.6953991,1,31_linkedin_4379080898,31,linkedin_4379080898
15,10,0,15,0.0,1,0,0.0,0.0,0.0,False,0.5053482,1,117_linkedin_4407331500,117,linkedin_4407331500
11,7,2,9,0.0,18,3,0.16666666666666666,0.42857142857142855,0.3333333333333333,False,0.529976,1,515_linkedin_4399716325,515,linkedin_4399716325
10,6,0,10,0.0,4,0,0.0,0.0,0.2857142857142857,False,0.44019848,1,621_linkedin_4390682886,621,linkedin_4390682886
5,7,5,0,1.0,14,4,0.2857142857142857,0.5714285714285714,0.6666666666666666,False,0.5814054,1,688_linkedin_4403534076,688,linkedin_4403534076
5,7,0,5,0.0,17,2,0.11764705882352941,0.2857142857142857,0.0,False,0.37862208,1,685_linkedin_4399214391,685,linkedin_4399214391
4,7,5,-1,0.8333333333333334,19,1,0.05263157894736842,0.14285714285714285,1.0,False,0.575984,1,589_linkedin_4399725678,589,linkedin_4399725678
14,10,0,14,0.0,26,5,0.19230769230769232,0.5,0.5,False,0.6555327,1,47_linkedin_4234772391,47,linkedin_4234772391
13,10,2,11,0.0,28,8,0.2857142857142857,0.8,0.6666666666666666,False,0.6980916,1,115_linkedin_4368191990,115,linkedin_4368191990
3,4,5,-2,0.6666666666666667,11,2,0.18181818181818182,0.5,0.3333333333333333,False,0.42239773,1,824_linkedin_4398503479,824,linkedin_4398503479
13,9,2,11,0.0,18,3,0.16666666666666666,0.3333333333333333,0.0,False,0.5404634,1,142_linkedin_4398491928,142,linkedin_4398491928
3,4,5,-2,0.6666666666666667,16,3,0.1875,0.75,1.0,False,0.5102484,1,822_linkedin_4405913392,822,linkedin_4405913392
14,10,2,12,0.0,11,3,0.2727272727272727,0.3,0.0,False,0.50015074,1,24_linkedin_4306118486,24,linkedin_4306118486
14,10,5,9,0.0,5,1,0.2,0.1,0.0,False,0.5805304,1,92_linkedin_4341318288,92,linkedin_4341318288
5,3,1,4,0.0,7,1,0.14285714285714285,0.3333333333333333,0.0,False,0.313117,1,714_linkedin_4258063386,714,linkedin_4258063386
5,9,2,3,0.0,17,7,0.4117647058823529,0.7777777777777778,1.0,False,0.689475,1,712_linkedin_4385227615,712,linkedin_4385227615
7,9,0,7,0.0,30,7,0.23333333333333334,0.7777777777777778,1.0,False,0.71412855,1,41_linkedin_4399676095,41,linkedin_4399676095
9,9,0,9,0.0,24,3,0.125,0.3333333333333333,0.14285714285714285,True,0.40530854,1,110_linkedin_4402929948,110,linkedin_4402929948
4,7,2,2,0.33333333333333337,4,1,0.25,0.14285714285714285,0.6666666666666666,False,0.6002103,1,295_linkedin_4399266480,295,linkedin_4399266480
5,9,1,4,0.0,14,2,0.14285714285714285,0.2222222222222222,0.5,False,0.59752244,1,748_linkedin_4404732037,748,linkedin_4404732037
13,9,0,13,0.0,13,1,0.07692307692307693,0.1111111111111111,0.3333333333333333,False,0.47569686,1,46_linkedin_4407112406,46,linkedin_4407112406
6,7,0,6,0.0,7,0,0.0,0.0,0.25,False,0.45723265,1,282_linkedin_4391565334,282,linkedin_4391565334
5,9,0,5,0.0,14,8,0.5714285714285714,0.8888888888888888,0.4,False,0.40375888,1,709_linkedin_4367948022,709,linkedin_4367948022
4,8,5,-1,0.8333333333333334,14,2,0.14285714285714285,0.25,0.5,False,0.69431317,1,36_linkedin_4306118481,36,linkedin_4306118481
9,7,8,1,0.8888888888888888,26,5,0.19230769230769232,0.7142857142857143,0.0,False,0.5050031,1,514_linkedin_4247147141,514,linkedin_4247147141
5,6,8,-3,0.6666666666666667,35,3,0.08571428571428572,0.5,0.0,False,0.35189012,1,517_linkedin_4400545567,517,linkedin_4400545567
5,2,2,3,0.0,17,1,0.058823529411764705,0.5,0.0,False,0.36722907,1,720_linkedin_4406978945,720,linkedin_4406978945
7,7,0,7,0.0,11,3,0.2727272727272727,0.42857142857142855,0.0,False,0.35800496,1,560_linkedin_4248783539,560,linkedin_4248783539
3,8,2,1,0.6666666666666667,13,1,0.07692307692307693,0.125,0.25,False,0.43869925,1,81_linkedin_4409045536,81,linkedin_4409045536
1,5,0,1,0.0,10,2,0.2,0.4,0.5,False,0.53668517,1,5_linkedin_4406216770,5,linkedin_4406216770
5,9,0,5,0.0,10,1,0.1,0.1111111111111111,0.0,False,0.41937026,1,818_linkedin_4359245286,818,linkedin_4359245286
7,9,5,2,0.6666666666666667,10,1,0.1,0.1111111111111111,0.16666666666666666,False,0.39316806,1,187_linkedin_4402483406,187,linkedin_4402483406
14,10,2,12,0.0,19,2,0.10526315789473684,0.2,0.0,False,0.50830114,1,47_linkedin_4381207520,47,linkedin_4381207520
5,3,0,5,0.0,11,2,0.18181818181818182,0.6666666666666666,0.0,False,0.2307695,1,719_linkedin_4401454343,719,linkedin_4401454343
5,6,0,5,0.0,4,0,0.0,0.0,0.14285714285714285,False,0.4237041,1,614_linkedin_4390682886,614,linkedin_4390682886
1,6,8,-7,0.2222222222222222,21,2,0.09523809523809523,0.3333333333333333,0.2,False,0.41722155,1,97_linkedin_4404204086,97,linkedin_4404204086
8,4,8,0,1.0,16,1,0.0625,0.25,0.0,False,0.40839496,1,664_linkedin_4407191616,664,linkedin_4407191616
8,9,0,8,0.0,11,2,0.18181818181818182,0.2222222222222222,0.0,False,0.2767085,1,112_linkedin_4248785248,112,linkedin_4248785248
5,9,0,5,0.0,16,3,0.1875,0.3333333333333333,0.5,False,0.6350987,1,747_linkedin_4405540622,747,linkedin_4405540622
5,9,0,5,0.0,15,3,0.2,0.3333333333333333,0.3333333333333333,False,0.55021244,1,837_linkedin_4238704831,837,linkedin_4238704831
7,9,5,2,0.6666666666666667,25,2,0.08,0.2222222222222222,1.0,False,0.7583503,1,41_linkedin_4386610920,41,linkedin_4386610920
2,7,1,1,0.5,4,0,0.0,0.0,0.07692307692307693,False,0.45730948,1,566_linkedin_4404913844,566,linkedin_4404913844
8,8,2,6,0.0,12,1,0.08333333333333333,0.125,0.5,False,0.42188597,1,136_linkedin_4298975318,136,linkedin_4298975318
3,2,0,3,0.0,23,1,0.043478260869565216,0.5,0.14285714285714285,False,0.23225729,1,825_linkedin_4395545264,825,linkedin_4395545264
13,9,0,13,0.0,6,0,0.0,0.0,0.2,False,0.41679126,1,167_linkedin_4404391973,167,linkedin_4404391973
5,7,0,5,0.0,19,4,0.21052631578947367,0.5714285714285714,1.0,False,0.7257524,1,688_linkedin_4386978200,688,linkedin_4386978200
4,8,2,2,0.33333333333333337,14,1,0.07142857142857142,0.125,0.3333333333333333,False,0.28289425,1,10_linkedin_4404031827,10,linkedin_4404031827
8,9,0,8,0.0,14,3,0.21428571428571427,0.3333333333333333,0.25,False,0.70665205,1,17_linkedin_4391505933,17,linkedin_4391505933
1,6,2,-1,0.6666666666666667,11,1,0.09090909090909091,0.16666666666666666,0.0,False,0.23695515,1,169_linkedin_4399142428,169,linkedin_4399142428
4,8,0,4,0.0,22,4,0.18181818181818182,0.5,0.3333333333333333,False,0.45903483,1,178_linkedin_4397785570,178,linkedin_4397785570
5,9,2,3,0.0,12,1,0.08333333333333333,0.1111111111111111,0.0,False,0.29972368,1,668_linkedin_4302730124,668,linkedin_4302730124
5,9,2,3,0.0,12,2,0.16666666666666666,0.2222222222222222,0.0,False,0.27449486,1,711_linkedin_4302730124,711,linkedin_4302730124
5,9,0,5,0.0,18,4,0.2222222222222222,0.4444444444444444,0.0,False,0.70540196,1,793_linkedin_4405983499,793,linkedin_4405983499
5,8,0,5,0.0,36,6,0.16666666666666666,0.75,0.5,False,0.71693504,1,104_linkedin_4397994905,104,linkedin_4397994905
1,6,0,1,0.0,16,2,0.125,0.3333333333333333,0.0,False,0.43579608,1,169_linkedin_4358861183,169,linkedin_4358861183
15,9,0,15,0.0,8,1,0.125,0.1111111111111111,0.4,False,0.50353014,1,200_linkedin_4387885934,200,linkedin_4387885934
4,8,0,4,0.0,16,1,0.0625,0.125,0.3333333333333333,False,0.5534912,1,36_linkedin_4397629654,36,linkedin_4397629654
5,9,2,3,0.0,28,7,0.25,0.7777777777777778,0.3333333333333333,False,0.6754004,1,673_linkedin_4368191990,673,linkedin_4368191990
15,10,2,13,0.0,13,3,0.23076923076923078,0.3,0.0,False,0.60535955,1,546_linkedin_4409042754,546,linkedin_4409042754
5,8,5,0,1.0,13,1,0.07692307692307693,0.125,0.2,False,0.42787018,1,184_linkedin_4405404188,184,linkedin_4405404188
2,5,0,2,0.0,11,2,0.18181818181818182,0.4,0.0,False,0.55583984,1,4_linkedin_4367161014,4,linkedin_4367161014
5,5,5,0,1.0,6,2,0.3333333333333333,0.4,0.25,False,0.43396908,1,654_linkedin_4407048217,654,linkedin_4407048217
2,5,0,2,0.0,30,2,0.06666666666666667,0.4,0.0,False,0.2425555,1,170_linkedin_4396158062,170,linkedin_4396158062
1,6,0,1,0.0,14,5,0.35714285714285715,0.8333333333333334,0.4,False,0.36408457,1,101_linkedin_4367948022,101,linkedin_4367948022
11,8,2,9,0.0,14,0,0.0,0.0,0.3333333333333333,False,0.33978415,1,562_linkedin_4404031827,562,linkedin_4404031827
1,6,2,-1,0.6666666666666667,20,4,0.2,0.6666666666666666,0.5,False,0.37386823,1,527_linkedin_4395866208,527,linkedin_4395866208
12,6,0,12,0.0,18,3,0.16666666666666666,0.5,0.0,False,0.3516211,1,526_linkedin_4374029128,526,linkedin_4374029128
4,8,5,-1,0.8333333333333334,11,2,0.18181818181818182,0.25,0.0,False,0.5116147,1,178_linkedin_4405982427,178,linkedin_4405982427
7,8,5,2,0.6666666666666667,14,3,0.21428571428571427,0.375,0.5,False,0.4232504,1,161_linkedin_4382112242,161,linkedin_4382112242
4,7,0,4,0.0,17,1,0.058823529411764705,0.14285714285714285,0.0,False,0.5139247,1,589_linkedin_4392183467,589,linkedin_4392183467
5,6,2,3,0.0,16,2,0.125,0.3333333333333333,1.0,False,0.7335382,1,517_linkedin_4394754885,517,linkedin_4394754885
5,9,0,5,0.0,11,3,0.2727272727272727,0.3333333333333333,0.25,False,0.57453007,1,838_linkedin_4317736299,838,linkedin_4317736299
2,6,8,-6,0.33333333333333337,36,4,0.1111111111111111,0.6666666666666666,0.0,False,0.37554124,1,76_linkedin_4403667187,76,linkedin_4403667187
8,9,2,6,0.0,14,1,0.07142857142857142,0.1111111111111111,0.0,False,0.2574146,1,666_linkedin_4404031827,666,linkedin_4404031827
9,9,0,9,0.0,18,5,0.2777777777777778,0.5555555555555556,0.6666666666666666,False,0.49728745,1,159_linkedin_4405141036,159,linkedin_4405141036
1,5,1,0,1.0,15,2,0.13333333333333333,0.4,0.5,False,0.53938746,1,125_linkedin_4398769407,125,linkedin_4398769407
2,6,0,2,0.0,15,5,0.3333333333333333,0.8333333333333334,0.3333333333333333,False,0.6978757,1,98_linkedin_4398177856,98,linkedin_4398177856
5,8,0,5,0.0,20,4,0.2,0.5,0.2,False,0.54156893,1,107_linkedin_4397466991,107,linkedin_4397466991
13,10,0,13,0.0,25,6,0.24,0.6,0.3333333333333333,False,0.55336016,1,120_linkedin_4364302087,120,linkedin_4364302087
5,9,5,0,1.0,22,3,0.13636363636363635,0.3333333333333333,0.25,False,0.7216192,1,837_linkedin_4405811016,837,linkedin_4405811016
4,8,0,4,0.0,18,2,0.1111111111111111,0.25,0.0,False,0.5884551,1,31_linkedin_4374029127,31,linkedin_4374029127
4,8,8,-4,0.5555555555555556,16,1,0.0625,0.125,0.0,False,0.4117183,1,10_linkedin_4407191616,10,linkedin_4407191616
2,6,0,2,0.0,29,2,0.06896551724137931,0.3333333333333333,0.0,False,0.5381169,1,28_linkedin_4387690365,28,linkedin_4387690365
4,8,2,2,0.33333333333333337,24,2,0.08333333333333333,0.25,0.07692307692307693,False,0.47154707,1,34_linkedin_4402165865,34,linkedin_4402165865
5,9,0,5,0.0,14,2,0.14285714285714285,0.2222222222222222,1.0,False,0.61813563,1,669_linkedin_4404474124,669,linkedin_4404474124
1,5,5,-4,0.33333333333333337,20,2,0.1,0.4,0.0,False,0.40739977,1,173_linkedin_4406169910,173,linkedin_4406169910
7,9,0,7,0.0,29,2,0.06896551724137931,0.2222222222222222,0.0,False,0.28915343,1,86_linkedin_4400027020,86,linkedin_4400027020
8,9,0,8,0.0,22,4,0.18181818181818182,0.4444444444444444,0.5,False,0.4466023,1,109_linkedin_4394433826,109,linkedin_4394433826
12,10,2,10,0.0,18,4,0.2222222222222222,0.4,0.0,False,0.2846447,1,118_linkedin_4381572042,118,linkedin_4381572042
5,8,0,5,0.0,11,4,0.36363636363636365,0.5,0.4,False,0.6605535,1,535_linkedin_4335108683,535,linkedin_4335108683
15,9,5,10,0.0,12,4,0.3333333333333333,0.4444444444444444,0.5,False,0.4402791,1,195_linkedin_4357419117,195,linkedin_4357419117
10,9,2,8,0.0,12,1,0.08333333333333333,0.1111111111111111,0.0,False,0.22403179,1,114_linkedin_4302730124,114,linkedin_4302730124
5,9,0,5,0.0,9,4,0.4444444444444444,0.4444444444444444,0.5,False,0.5960776,1,793_linkedin_4319983823,793,linkedin_4319983823
4,8,2,2,0.33333333333333337,19,5,0.2631578947368421,0.625,1.0,False,0.67595524,1,106_linkedin_4344855337,106,linkedin_4344855337
5,9,5,0,1.0,12,1,0.08333333333333333,0.1111111111111111,1.0,False,0.70659244,1,697_linkedin_4287154113,697,linkedin_4287154113
5,2,5,0,1.0,2,0,0.0,0.0,0.6666666666666666,False,0.38312042,1,753_linkedin_4406853691,753,linkedin_4406853691
4,8,2,2,0.33333333333333337,18,3,0.16666666666666666,0.375,0.25,False,0.47090688,1,130_linkedin_4398491928,130,linkedin_4398491928
14,10,2,12,0.0,22,5,0.22727272727272727,0.5,0.3333333333333333,False,0.38602063,1,20_linkedin_4384180075,20,linkedin_4384180075
9,9,2,7,0.0,12,4,0.3333333333333333,0.4444444444444444,0.3333333333333333,False,0.6650267,1,113_linkedin_4400406559,113,linkedin_4400406559
3,9,1,2,0.0,20,5,0.25,0.5555555555555556,0.0,False,0.49851137,1,836_linkedin_4403656591,836,linkedin_4403656591
5,9,8,-3,0.6666666666666667,17,4,0.23529411764705882,0.4444444444444444,0.0,False,0.5163616,1,713_linkedin_4395396789,713,linkedin_4395396789
2,6,5,-3,0.5,8,2,0.25,0.3333333333333333,0.5,False,0.50598663,1,78_linkedin_4401460038,78,linkedin_4401460038
3,8,5,-2,0.6666666666666667,25,5,0.2,0.625,0.25,False,0.43852332,1,179_linkedin_4389564579,179,linkedin_4389564579
4,8,0,4,0.0,22,2,0.09090909090909091,0.25,0.4,False,0.49312073,1,82_linkedin_4406587394,82,linkedin_4406587394
3,8,5,-2,0.6666666666666667,11,0,0.0,0.0,0.5,False,0.43126798,1,153_linkedin_4395278655,153,linkedin_4395278655
8,9,8,0,1.0,19,5,0.2631578947368421,0.5555555555555556,0.5,False,0.56352234,1,88_linkedin_4400402631,88,linkedin_4400402631
14,10,2,12,0.0,13,1,0.07692307692307693,0.1,0.5,False,0.5893356,1,47_linkedin_4306126311,47,linkedin_4306126311
5,8,5,0,1.0,17,2,0.11764705882352941,0.25,0.25,False,0.5800267,1,539_linkedin_4403784076,539,linkedin_4403784076
7,7,0,7,0.0,7,0,0.0,0.0,0.25,False,0.45714265,1,207_linkedin_4391565334,207,linkedin_4391565334
7,9,8,-1,0.8888888888888888,5,1,0.2,0.1111111111111111,0.2,False,0.46502617,1,187_linkedin_4403911168,187,linkedin_4403911168
4,8,1,3,0.0,15,6,0.4,0.75,1.0,True,0.65107095,1,106_linkedin_4407008767,106,linkedin_4407008767
2,5,2,0,1.0,13,1,0.07692307692307693,0.2,0.5,True,0.4160697,1,126_linkedin_4398838741,126,linkedin_4398838741
1,6,5,-4,0.33333333333333337,21,4,0.19047619047619047,0.6666666666666666,0.2,False,0.608555,1,97_linkedin_4406543085,97,linkedin_4406543085
5,5,5,0,1.0,8,1,0.125,0.2,0.0,False,0.6376761,1,785_linkedin_4383769197,785,linkedin_4383769197
5,9,2,3,0.0,10,3,0.3,0.3333333333333333,0.5,False,0.71950716,1,711_linkedin_4400445215,711,linkedin_4400445215
14,10,0,14,0.0,19,1,0.05263157894736842,0.1,0.0,False,0.36468154,1,92_linkedin_4404112449,92,linkedin_4404112449
5,9,5,0,1.0,15,5,0.3333333333333333,0.5555555555555556,0.0,False,0.41018242,1,709_linkedin_4394234505,709,linkedin_4394234505
7,9,0,7,0.0,1,0,0.0,0.0,0.0,False,0.47724298,1,111_linkedin_4407331500,111,linkedin_4407331500
14,10,2,12,0.0,6,1,0.16666666666666666,0.1,0.5,False,0.46495134,1,24_linkedin_4409043415,24,linkedin_4409043415
5,2,2,3,0.0,8,1,0.125,0.5,0.6666666666666666,False,0.47928622,1,823_linkedin_4405209033,823,linkedin_4405209033
5,8,0,5,0.0,15,2,0.13333333333333333,0.25,0.3333333333333333,False,0.6220025,1,80_linkedin_4404302967,80,linkedin_4404302967
8,9,2,6,0.0,11,3,0.2727272727272727,0.3333333333333333,0.0,False,0.40076855,1,13_linkedin_4306118486,13,linkedin_4306118486
14,10,5,9,0.0,10,2,0.2,0.2,0.0,False,0.6121263,1,144_linkedin_4406549895,144,linkedin_4406549895
2,7,2,0,1.0,24,2,0.08333333333333333,0.2857142857142857,0.0,False,0.40978217,1,594_linkedin_4409002192,594,linkedin_4409002192
5,9,8,-3,0.6666666666666667,19,2,0.10526315789473684,0.2222222222222222,0.0,True,0.44599944,1,818_linkedin_4310147892,818,linkedin_4310147892
1,6,1,0,1.0,22,4,0.18181818181818182,0.6666666666666666,1.0,False,0.72542095,1,97_linkedin_4336031176,97,linkedin_4336031176
4,8,2,2,0.33333333333333337,15,2,0.13333333333333333,0.25,0.0,False,0.45201457,1,10_linkedin_4398468647,10,linkedin_4398468647
5,6,8,-3,0.6666666666666667,30,4,0.13333333333333333,0.6666666666666666,0.0,False,0.32935044,1,672_linkedin_4395282174,672,linkedin_4395282174
8,9,2,6,0.0,28,3,0.10714285714285714,0.3333333333333333,0.0,False,0.51909524,1,13_linkedin_4376079627,13,linkedin_4376079627
5,5,5,0,1.0,19,2,0.10526315789473684,0.4,0.2,False,0.49070826,1,718_linkedin_4387605885,718,linkedin_4387605885
13,9,0,13,0.0,2,0,0.0,0.0,0.0,False,0.43519717,1,142_linkedin_4399844015,142,linkedin_4399844015
2,6,8,-6,0.33333333333333337,13,2,0.15384615384615385,0.3333333333333333,0.0,False,0.3328288,1,248_linkedin_4392508422,248,linkedin_4392508422
5,9,2,3,0.0,9,5,0.5555555555555556,0.5555555555555556,0.0,False,0.4945409,1,749_linkedin_4330008476,749,linkedin_4330008476
12,10,8,4,0.5555555555555556,16,1,0.0625,0.1,0.0,False,0.40136904,1,118_linkedin_4407191616,118,linkedin_4407191616
14,10,0,14,0.0,9,1,0.1111111111111111,0.1,0.0,True,0.6408713,1,47_linkedin_4401071747,47,linkedin_4401071747
8,9,0,8,0.0,14,2,0.14285714285714285,0.2222222222222222,0.3333333333333333,False,0.45009544,1,157_linkedin_4402534425,157,linkedin_4402534425
5,3,0,5,0.0,14,2,0.14285714285714285,0.6666666666666666,0.6666666666666666,False,0.7081699,1,714_linkedin_4404449057,714,linkedin_4404449057
5,9,2,3,0.0,13,1,0.07692307692307693,0.1111111111111111,0.25,False,0.43055114,1,696_linkedin_4409032969,696,linkedin_4409032969
3,3,8,-5,0.4444444444444444,5,0,0.0,0.0,0.0,False,0.349275,1,761_linkedin_4322247751,761,linkedin_4322247751
13,10,5,8,0.0,15,5,0.3333333333333333,0.5,0.5,False,0.6379417,1,120_linkedin_4371136616,120,linkedin_4371136616
4,8,0,4,0.0,6,1,0.16666666666666666,0.125,0.4,False,0.35654062,1,151_linkedin_4384119747,151,linkedin_4384119747
10,9,0,10,0.0,13,1,0.07692307692307693,0.1111111111111111,0.25,False,0.4271923,1,15_linkedin_4399398705,15,linkedin_4399398705
5,7,0,5,0.0,22,5,0.22727272727272727,0.7142857142857143,0.0,False,0.5281617,1,685_linkedin_4408772900,685,linkedin_4408772900
5,9,5,0,1.0,14,1,0.07142857142857142,0.1111111111111111,0.0,False,0.20196009,1,648_linkedin_4407908635,648,linkedin_4407908635
5,9,8,-3,0.6666666666666667,21,3,0.14285714285714285,0.3333333333333333,0.2,False,0.4123367,1,709_linkedin_4404204086,709,linkedin_4404204086
9,9,1,8,0.0,14,2,0.14285714285714285,0.2222222222222222,0.0,False,0.5322371,1,135_linkedin_4404732037,135,linkedin_4404732037
4,8,0,4,0.0,9,1,0.1111111111111111,0.125,0.3333333333333333,False,0.5571667,1,60_linkedin_4273381378,60,linkedin_4273381378
1,5,0,1,0.0,2,0,0.0,0.0,0.0,False,0.41710097,1,123_linkedin_4399844015,123,linkedin_4399844015
5,9,2,3,0.0,30,4,0.13333333333333333,0.4444444444444444,0.5,False,0.66680455,1,699_linkedin_4388462776,699,linkedin_4388462776
7,9,5,2,0.6666666666666667,21,2,0.09523809523809523,0.2222222222222222,0.2,False,0.66105235,1,86_linkedin_4328828438,86,linkedin_4328828438
4,8,0,4,0.0,9,1,0.1111111111111111,0.125,0.0,True,0.59400547,1,36_linkedin_4401071747,36,linkedin_4401071747
13,10,0,13,0.0,24,5,0.20833333333333334,0.5,0.2857142857142857,True,0.5008011,1,115_linkedin_4402929948,115,linkedin_4402929948
9,9,0,9,0.0,10,2,0.2,0.2222222222222222,0.5,False,0.5960605,1,18_linkedin_4404669421,18,linkedin_4404669421
2,5,8,-6,0.33333333333333337,32,4,0.125,0.8,0.08333333333333333,False,0.69716525,1,2_linkedin_4400704163,2,linkedin_4400704163
5,9,0,5,0.0,6,2,0.3333333333333333,0.2222222222222222,0.0,False,0.34626412,1,794_linkedin_4306130230,794,linkedin_4306130230
4,9,5,-1,0.8333333333333334,4,1,0.25,0.1111111111111111,0.2,False,0.47766343,1,816_linkedin_4406505366,816,linkedin_4406505366
5,9,0,5,0.0,14,4,0.2857142857142857,0.4444444444444444,0.0,False,0.57531357,1,837_linkedin_4377168699,837,linkedin_4377168699
5,9,0,5,0.0,19,2,0.10526315789473684,0.2222222222222222,0.5,False,0.4092991,1,815_linkedin_4404127001,815,linkedin_4404127001
5,7,0,5,0.0,18,4,0.2222222222222222,0.5714285714285714,0.16666666666666666,False,0.48057905,1,688_linkedin_4384841120,688,linkedin_4384841120
2,6,2,0,1.0,15,1,0.06666666666666667,0.16666666666666666,0.0,False,0.45714045,1,248_linkedin_4408282435,248,linkedin_4408282435
9,9,0,9,0.0,21,1,0.047619047619047616,0.1111111111111111,0.0,False,0.51148665,1,135_linkedin_4405876076,135,linkedin_4405876076
5,9,8,-3,0.6666666666666667,21,4,0.19047619047619047,0.4444444444444444,0.2,False,0.4207456,1,711_linkedin_4404204086,711,linkedin_4404204086
8,9,8,0,1.0,21,3,0.14285714285714285,0.3333333333333333,0.2,False,0.45043582,1,109_linkedin_4404204086,109,linkedin_4404204086
5,9,5,0,1.0,22,1,0.045454545454545456,0.1111111111111111,0.0,False,0.27138597,1,781_linkedin_4407362438,781,linkedin_4407362438
2,5,2,0,1.0,16,3,0.1875,0.6,1.0,False,0.6939963,1,2_linkedin_4323505510,2,linkedin_4323505510
5,9,0,5,0.0,12,2,0.16666666666666666,0.2222222222222222,0.25,False,0.575794,1,838_linkedin_4389069426,838,linkedin_4389069426
5,8,2,3,0.0,20,5,0.25,0.625,1.0,False,0.73011667,1,128_linkedin_4399214810,128,linkedin_4399214810
2,7,5,-3,0.5,10,2,0.2,0.2857142857142857,0.16666666666666666,False,0.43494055,1,594_linkedin_4402483406,594,linkedin_4402483406
9,9,0,9,0.0,13,1,0.07692307692307693,0.1111111111111111,0.25,False,0.43599784,1,110_linkedin_4399398705,110,linkedin_4399398705
4,6,5,-1,0.8333333333333334,13,1,0.07692307692307693,0.16666666666666666,0.0,False,0.22880931,1,603_linkedin_4405404188,603,linkedin_4405404188
7,9,8,-1,0.8888888888888888,21,4,0.19047619047619047,0.4444444444444444,0.0,False,0.4762446,1,111_linkedin_4302192216,111,linkedin_4302192216
5,5,5,0,1.0,13,0,0.0,0.0,0.14285714285714285,False,0.5078151,1,718_linkedin_4371682863,718,linkedin_4371682863
5,9,0,5,0.0,21,2,0.09523809523809523,0.2222222222222222,0.5,False,0.5695932,1,743_linkedin_4344535529,743,linkedin_4344535529
9,9,1,8,0.0,45,4,0.08888888888888889,0.4444444444444444,0.0,False,0.5144459,1,113_linkedin_4326582848,113,linkedin_4326582848
5,9,0,5,0.0,23,4,0.17391304347826086,0.4444444444444444,0.2,False,0.51366085,1,818_linkedin_4402976861,818,linkedin_4402976861
10,9,0,10,0.0,17,4,0.23529411764705882,0.4444444444444444,0.6666666666666666,False,0.6829801,1,812_linkedin_4405379030,812,linkedin_4405379030
13,9,0,13,0.0,13,1,0.07692307692307693,0.1111111111111111,0.0,False,0.4560159,1,142_linkedin_4405538487,142,linkedin_4405538487
3,8,2,1,0.6666666666666667,13,2,0.15384615384615385,0.25,0.0,False,0.38535088,1,809_linkedin_4409032969,809,linkedin_4409032969
5,9,0,5,0.0,18,4,0.2222222222222222,0.4444444444444444,0.0,False,0.6458524,1,796_linkedin_4374029127,796,linkedin_4374029127
5,6,2,3,0.0,11,1,0.09090909090909091,0.16666666666666666,0.0,False,0.35621524,1,804_linkedin_4375705829,804,linkedin_4375705829
1,6,5,-4,0.33333333333333337,18,5,0.2777777777777778,0.8333333333333334,0.6666666666666666,False,0.75638026,1,97_linkedin_4398138025,97,linkedin_4398138025
5,9,5,0,1.0,12,3,0.25,0.3333333333333333,0.6666666666666666,False,0.6324505,1,815_linkedin_4405291630,815,linkedin_4405291630
5,9,8,-3,0.6666666666666667,21,4,0.19047619047619047,0.4444444444444444,0.0,False,0.4193096,1,668_linkedin_4404204086,668,linkedin_4404204086
1,6,2,-1,0.6666666666666667,13,5,0.38461538461538464,0.8333333333333334,0.5,False,0.70883864,1,97_linkedin_4399143156,97,linkedin_4399143156
4,8,2,2,0.33333333333333337,15,1,0.06666666666666667,0.125,0.0,False,0.48122805,1,10_linkedin_4400713744,10,linkedin_4400713744
5,9,0,5,0.0,19,2,0.10526315789473684,0.2222222222222222,0.4,False,0.63522655,1,698_linkedin_4386971508,698,linkedin_4386971508
2,6,8,-6,0.33333333333333337,21,2,0.09523809523809523,0.3333333333333333,0.2,False,0.42696112,1,100_linkedin_4404204086,100,linkedin_4404204086
5,9,0,5,0.0,1,0,0.0,0.0,0.5,False,0.5885831,1,710_linkedin_4407327896,710,linkedin_4407327896
7,9,5,2,0.6666666666666667,31,2,0.06451612903225806,0.2222222222222222,0.5,False,0.4151177,1,86_linkedin_4406524897,86,linkedin_4406524897
7,7,5,2,0.6666666666666667,3,0,0.0,0.0,0.4,False,0.3760095,1,565_linkedin_4389716229,565,linkedin_4389716229
5,9,2,3,0.0,9,4,0.4444444444444444,0.4444444444444444,0.0,False,0.52278274,1,700_linkedin_4394793241,700,linkedin_4394793241
2,7,5,-3,0.5,21,1,0.047619047619047616,0.14285714285714285,0.0,False,0.38558185,1,221_linkedin_4406712154,221,linkedin_4406712154
3,9,0,3,0.0,21,1,0.047619047619047616,0.1111111111111111,0.0,False,0.37844634,1,830_linkedin_4363525833,830,linkedin_4363525833
2,7,8,-6,0.33333333333333337,13,2,0.15384615384615385,0.2857142857142857,0.0,False,0.3787314,1,594_linkedin_4392508422,594,linkedin_4392508422
2,8,8,-6,0.33333333333333337,6,2,0.3333333333333333,0.25,0.3333333333333333,False,0.6490474,1,580_linkedin_4376731486,580,linkedin_4376731486
4,9,0,4,0.0,11,1,0.09090909090909091,0.1111111111111111,0.25,False,0.42085952,1,816_linkedin_4399560069,816,linkedin_4399560069
10,4,8,2,0.7777777777777778,12,1,0.08333333333333333,0.25,0.0,False,0.24620782,1,760_linkedin_4402814744,760,linkedin_4402814744
9,9,2,7,0.0,19,2,0.10526315789473684,0.2222222222222222,0.0,False,0.4402762,1,18_linkedin_4406704967,18,linkedin_4406704967
4,8,2,2,0.33333333333333337,14,2,0.14285714285714285,0.25,0.5,True,0.54275507,1,532_linkedin_4382930677,532,linkedin_4382930677
5,9,0,5,0.0,25,5,0.2,0.5555555555555556,0.09090909090909091,False,0.48282456,1,696_linkedin_4402650751,696,linkedin_4402650751
5,7,5,0,1.0,20,7,0.35,1.0,0.25,False,0.64728796,1,670_linkedin_4399860023,670,linkedin_4399860023
1,6,0,1,0.0,13,4,0.3076923076923077,0.6666666666666666,0.6666666666666666,False,0.6642382,1,527_linkedin_4392267376,527,linkedin_4392267376
2,6,8,-6,0.33333333333333337,19,2,0.10526315789473684,0.3333333333333333,0.1111111111111111,False,0.39938617,1,102_linkedin_4400516267,102,linkedin_4400516267
9,9,1,8,0.0,24,4,0.16666666666666666,0.4444444444444444,0.6666666666666666,False,0.61737704,1,18_linkedin_4403138145,18,linkedin_4403138145
2,6,5,-3,0.5,9,2,0.2222222222222222,0.3333333333333333,0.0,False,0.59180325,1,248_linkedin_4379845522,248,linkedin_4379845522
9,9,0,9,0.0,6,0,0.0,0.0,0.4,False,0.3544865,1,159_linkedin_4367412693,159,linkedin_4367412693
5,9,2,3,0.0,12,4,0.3333333333333333,0.4444444444444444,0.5,False,0.6189714,1,747_linkedin_4388481083,747,linkedin_4388481083
9,9,5,4,0.33333333333333337,20,1,0.05,0.1111111111111111,0.2,False,0.40966514,1,159_linkedin_4366742804,159,linkedin_4366742804
7,9,5,2,0.6666666666666667,4,1,0.25,0.1111111111111111,0.0,False,0.588993,1,111_linkedin_4398696645,111,linkedin_4398696645
7,7,8,-1,0.8888888888888888,21,6,0.2857142857142857,0.8571428571428571,0.0,False,0.58595544,1,511_linkedin_4251737970,511,linkedin_4251737970
1,6,0,1,0.0,22,2,0.09090909090909091,0.3333333333333333,0.0,False,0.38600013,1,169_linkedin_4393096932,169,linkedin_4393096932
4,8,1,3,0.0,30,5,0.16666666666666666,0.625,0.3333333333333333,False,0.3840258,1,106_linkedin_4337673695,106,linkedin_4337673695
1,6,8,-7,0.2222222222222222,8,1,0.125,0.16666666666666666,0.16666666666666666,False,0.5989526,1,27_linkedin_4406489679,27,linkedin_4406489679
5,9,5,0,1.0,21,5,0.23809523809523808,0.5555555555555556,0.4,False,0.7043011,1,696_linkedin_4328828438,696,linkedin_4328828438
5,9,5,0,1.0,10,2,0.2,0.2222222222222222,0.0,False,0.3377867,1,762_linkedin_4402159768,762,linkedin_4402159768
8,9,0,8,0.0,15,6,0.4,0.6666666666666666,0.0,False,0.72868586,1,665_linkedin_4398177856,665,linkedin_4398177856
2,6,1,1,0.5,1,0,0.0,0.0,0.0,False,0.3251733,1,248_linkedin_4407901095,248,linkedin_4407901095
5,9,2,3,0.0,15,1,0.06666666666666667,0.1111111111111111,0.5,False,0.55311245,1,749_linkedin_4380276787,749,linkedin_4380276787
8,4,8,0,1.0,19,2,0.10526315789473684,0.5,0.4,False,0.6071668,1,664_linkedin_4317450207,664,linkedin_4317450207
1,6,0,1,0.0,1,0,0.0,0.0,0.5,False,0.5798299,1,101_linkedin_4407331500,101,linkedin_4407331500
1,5,1,0,1.0,10,0,0.0,0.0,0.0,False,0.3456358,1,125_linkedin_4402237300,125,linkedin_4402237300
5,4,8,-3,0.6666666666666667,10,1,0.1,0.25,0.0,True,0.28903294,1,717_linkedin_4272066328,717,linkedin_4272066328
15,10,5,10,0.0,18,2,0.1111111111111111,0.2,0.0,False,0.54664725,1,546_linkedin_4406294375,546,linkedin_4406294375
1,6,0,1,0.0,29,4,0.13793103448275862,0.6666666666666666,0.3333333333333333,False,0.39693686,1,27_linkedin_4393478151,27,linkedin_4393478151
5,9,8,-3,0.6666666666666667,12,5,0.4166666666666667,0.5555555555555556,0.0,False,0.6019998,1,710_linkedin_4312697868,710,linkedin_4312697868
4,8,8,-4,0.5555555555555556,14,2,0.14285714285714285,0.25,0.14285714285714285,False,0.43252188,1,84_linkedin_4392456150,84,linkedin_4392456150
9,9,5,4,0.33333333333333337,18,2,0.1111111111111111,0.2222222222222222,0.5,False,0.3566846,1,159_linkedin_4402478723,159,linkedin_4402478723
8,7,2,6,0.0,24,2,0.08333333333333333,0.2857142857142857,0.5,False,0.729077,1,529_linkedin_4407406219,529,linkedin_4407406219
5,3,0,5,0.0,17,1,0.058823529411764705,0.3333333333333333,0.2,False,0.5109373,1,714_linkedin_4403568041,714,linkedin_4403568041
8,7,5,3,0.5,13,1,0.07692307692307693,0.14285714285714285,0.4,False,0.47837883,1,264_linkedin_4405404188,264,linkedin_4405404188
11,8,0,11,0.0,22,2,0.09090909090909091,0.25,0.4,False,0.6160119,1,537_linkedin_4304013814,537,linkedin_4304013814
2,6,0,2,0.0,9,1,0.1111111111111111,0.16666666666666666,0.0,False,0.5305409,1,530_linkedin_4168640096,530,linkedin_4168640096
5,9,5,0,1.0,14,1,0.07142857142857142,0.1111111111111111,1.0,False,0.6090021,1,699_linkedin_4406298336,699,linkedin_4406298336
5,9,1,4,0.0,30,4,0.13333333333333333,0.4444444444444444,0.3333333333333333,False,0.48627448,1,669_linkedin_4338403103,669,linkedin_4338403103
2,8,8,-6,0.33333333333333337,6,2,0.3333333333333333,0.25,0.3333333333333333,False,0.6490474,1,580_linkedin_4376723728,580,linkedin_4376723728
8,9,8,0,1.0,21,5,0.23809523809523808,0.5555555555555556,0.0,False,0.4416669,1,666_linkedin_4404204086,666,linkedin_4404204086
5,8,0,5,0.0,13,1,0.07692307692307693,0.125,0.25,False,0.42045772,1,104_linkedin_4399398705,104,linkedin_4399398705
5,9,5,0,1.0,11,2,0.18181818181818182,0.2222222222222222,0.0,False,0.47666335,1,795_linkedin_4366422916,795,linkedin_4366422916
5,6,1,4,0.0,28,5,0.17857142857142858,0.8333333333333334,0.5,False,0.69505876,1,517_linkedin_4372699758,517,linkedin_4372699758
5,9,0,5,0.0,29,6,0.20689655172413793,0.6666666666666666,0.0,False,0.6101206,1,792_linkedin_4387690365,792,linkedin_4387690365
5,9,5,0,1.0,13,4,0.3076923076923077,0.4444444444444444,0.16666666666666666,False,0.60190874,1,795_linkedin_4400750306,795,linkedin_4400750306
1,6,2,-1,0.6666666666666667,13,0,0.0,0.0,0.3333333333333333,False,0.44873565,1,169_linkedin_4401588753,169,linkedin_4401588753
2,6,2,0,1.0,24,4,0.16666666666666666,0.6666666666666666,1.0,False,0.6038597,1,530_linkedin_4407406219,530,linkedin_4407406219
5,9,0,5,0.0,3,0,0.0,0.0,0.08333333333333333,False,0.5386298,1,668_linkedin_4397483545,668,linkedin_4397483545
5,4,1,4,0.0,22,3,0.13636363636363635,0.75,0.5,False,0.7525912,1,671_linkedin_4336031176,671,linkedin_4336031176
3,2,0,3,0.0,26,2,0.07692307692307693,1.0,0.25,False,0.45806202,1,825_linkedin_4371796723,825,linkedin_4371796723
10,7,0,10,0.0,6,0,0.0,0.0,0.4,False,0.47725278,1,557_linkedin_4367412693,557,linkedin_4367412693
15,10,0,15,0.0,14,4,0.2857142857142857,0.4,0.0,False,0.30727467,1,117_linkedin_4367948022,117,linkedin_4367948022
5,8,5,0,1.0,10,1,0.1,0.125,1.0,False,0.53004146,1,152_linkedin_4404058455,152,linkedin_4404058455
8,4,8,0,1.0,25,3,0.12,0.75,0.3333333333333333,False,0.45287505,1,664_linkedin_4399672793,664,linkedin_4399672793
1,7,0,1,0.0,17,3,0.17647058823529413,0.42857142857142855,0.5,False,0.49313816,1,542_linkedin_4371957148,542,linkedin_4371957148
8,9,0,8,0.0,28,3,0.10714285714285714,0.3333333333333333,0.0,True,0.5476205,1,17_linkedin_4386980027,17,linkedin_4386980027
3,8,0,3,0.0,10,2,0.2,0.25,0.0,False,0.4977354,1,9_linkedin_4406216770,9,linkedin_4406216770
1,6,0,1,0.0,8,1,0.125,0.16666666666666666,0.0,False,0.45993418,1,252_linkedin_4089480089,252,linkedin_4089480089
5,9,5,0,1.0,6,2,0.3333333333333333,0.2222222222222222,0.3333333333333333,False,0.6440215,1,702_linkedin_4383951278,702,linkedin_4383951278
8,9,0,8,0.0,19,1,0.05263157894736842,0.1111111111111111,0.5,False,0.4069378,1,90_linkedin_4404112449,90,linkedin_4404112449
8,9,0,8,0.0,21,1,0.047619047619047616,0.1111111111111111,0.0,False,0.28598565,1,691_linkedin_4370245483,691,linkedin_4370245483
5,9,8,-3,0.6666666666666667,21,4,0.19047619047619047,0.4444444444444444,0.2,False,0.41792914,1,673_linkedin_4404204086,673,linkedin_4404204086
5,9,2,3,0.0,12,2,0.16666666666666666,0.2222222222222222,0.5,True,0.487523,1,746_linkedin_4397716588,746,linkedin_4397716588
5,8,2,3,0.0,22,2,0.09090909090909091,0.25,0.3333333333333333,False,0.62185955,1,181_linkedin_4397676781,181,linkedin_4397676781
12,10,2,10,0.0,13,1,0.07692307692307693,0.1,0.5,False,0.53830796,1,94_linkedin_4409045536,94,linkedin_4409045536
3,8,5,-2,0.6666666666666667,31,3,0.0967741935483871,0.375,0.5,False,0.46869445,1,686_linkedin_4406524897,686,linkedin_4406524897
6,2,2,4,0.0,9,1,0.1111111111111111,0.5,0.0,False,0.5411672,1,733_linkedin_3953538867,733,linkedin_3953538867
12,7,8,4,0.5555555555555556,26,2,0.07692307692307693,0.2857142857142857,0.1,False,0.24626362,1,520_linkedin_4299778206,520,linkedin_4299778206
4,8,2,2,0.33333333333333337,10,1,0.1,0.125,0.5,False,0.566153,1,79_linkedin_4403192693,79,linkedin_4403192693
1,6,5,-4,0.33333333333333337,11,0,0.0,0.0,0.0,False,0.4469833,1,252_linkedin_4405140553,252,linkedin_4405140553
5,9,0,5,0.0,21,2,0.09523809523809523,0.2222222222222222,0.25,False,0.6088427,1,750_linkedin_4405876076,750,linkedin_4405876076
5,7,0,5,0.0,4,1,0.25,0.14285714285714285,0.0,False,0.41157192,1,763_linkedin_4313207651,763,linkedin_4313207651
7,9,5,2,0.6666666666666667,13,3,0.23076923076923078,0.3333333333333333,0.0,False,0.58401316,1,111_linkedin_4306114541,111,linkedin_4306114541
5,8,0,5,0.0,21,1,0.047619047619047616,0.125,0.25,False,0.48100993,1,155_linkedin_4373586373,155,linkedin_4373586373
10,9,2,8,0.0,14,2,0.14285714285714285,0.2222222222222222,0.0,False,0.33067167,1,114_linkedin_4366909142,114,linkedin_4366909142
12,10,5,7,0.0,27,6,0.2222222222222222,0.6,0.3333333333333333,False,0.27379104,1,48_linkedin_4400454837,48,linkedin_4400454837
9,7,2,7,0.0,4,0,0.0,0.0,0.6666666666666666,False,0.5714716,1,281_linkedin_4399266480,281,linkedin_4399266480
5,6,5,0,1.0,17,1,0.058823529411764705,0.16666666666666666,0.2,False,0.3681232,1,661_linkedin_4375523422,661,linkedin_4375523422
7,8,5,2,0.6666666666666667,36,3,0.08333333333333333,0.375,0.5,False,0.5227502,1,161_linkedin_4370781613,161,linkedin_4370781613
7,8,5,2,0.6666666666666667,24,2,0.08333333333333333,0.25,0.5,False,0.5869994,1,161_linkedin_4363392864,161,linkedin_4363392864
5,9,0,5,0.0,24,1,0.041666666666666664,0.1111111111111111,0.0,False,0.6024315,1,749_linkedin_4378924549,749,linkedin_4378924549
1,6,0,1,0.0,19,2,0.10526315789473684,0.3333333333333333,0.0,False,0.4504527,1,169_linkedin_4393556668,169,linkedin_4393556668
14,10,0,14,0.0,16,5,0.3125,0.5,0.0,False,0.2968442,1,119_linkedin_4218857089,119,linkedin_4218857089
5,9,2,3,0.0,15,2,0.13333333333333333,0.2222222222222222,0.5,False,0.4966381,1,695_linkedin_4400762174,695,linkedin_4400762174
12,10,1,11,0.0,6,1,0.16666666666666666,0.1,0.3333333333333333,False,0.5604814,1,118_linkedin_4404930079,118,linkedin_4404930079
5,9,2,3,0.0,22,6,0.2727272727272727,0.6666666666666666,1.0,False,0.5989191,1,709_linkedin_4400424121,709,linkedin_4400424121
12,10,2,10,0.0,21,2,0.09523809523809523,0.2,0.0,False,0.46552965,1,22_linkedin_4406164085,22,linkedin_4406164085
4,8,1,3,0.0,12,2,0.16666666666666666,0.25,0.0,False,0.5597343,1,36_linkedin_4311992205,36,linkedin_4311992205
5,8,1,4,0.0,15,6,0.4,0.75,0.5,True,0.6234847,1,107_linkedin_4407008767,107,linkedin_4407008767
2,6,0,2,0.0,1,0,0.0,0.0,1.0,False,0.64832574,1,98_linkedin_4407331500,98,linkedin_4407331500
9,9,0,9,0.0,16,2,0.125,0.2222222222222222,0.0,False,0.41451102,1,110_linkedin_4399674294,110,linkedin_4399674294
2,6,0,2,0.0,16,3,0.1875,0.5,0.6666666666666666,False,0.45025784,1,176_linkedin_4406640355,176,linkedin_4406640355
7,8,0,7,0.0,14,4,0.2857142857142857,0.5,1.0,False,0.6970527,1,533_linkedin_4308002859,533,linkedin_4308002859
2,6,5,-3,0.5,12,1,0.08333333333333333,0.16666666666666666,0.0,False,0.44764793,1,176_linkedin_4401909884,176,linkedin_4401909884
5,9,2,3,0.0,9,1,0.1111111111111111,0.1111111111111111,0.0,False,0.34591812,1,778_linkedin_4399974682,778,linkedin_4399974682
5,9,0,5,0.0,2,0,0.0,0.0,0.0,False,0.4267797,1,750_linkedin_4399844015,750,linkedin_4399844015
5,9,0,5,0.0,18,5,0.2777777777777778,0.5555555555555556,0.0,False,0.45520142,1,743_linkedin_4359215396,743,linkedin_4359215396
5,9,0,5,0.0,22,6,0.2727272727272727,0.6666666666666666,0.0,False,0.3314923,1,668_linkedin_4408277570,668,linkedin_4408277570
2,6,0,2,0.0,14,1,0.07142857142857142,0.16666666666666666,0.2,False,0.42772463,1,52_linkedin_4392402896,52,linkedin_4392402896
5,4,5,0,1.0,15,4,0.26666666666666666,1.0,0.5,False,0.691912,1,671_linkedin_4371136616,671,linkedin_4371136616
5,2,0,5,0.0,27,1,0.037037037037037035,0.5,0.6666666666666666,False,0.5405454,1,734_linkedin_4406429848,734,linkedin_4406429848
5,9,2,3,0.0,14,5,0.35714285714285715,0.5555555555555556,0.5,True,0.71536285,1,840_linkedin_4402457758,840,linkedin_4402457758
3,8,0,3,0.0,19,2,0.10526315789473684,0.25,0.3333333333333333,False,0.52000135,1,81_linkedin_4386968580,81,linkedin_4386968580
5,6,5,0,1.0,12,3,0.25,0.5,0.0,False,0.35250604,1,258_linkedin_4400823040,258,linkedin_4400823040
2,6,5,-3,0.5,9,2,0.2222222222222222,0.3333333333333333,0.5,False,0.63854134,1,176_linkedin_4398141730,176,linkedin_4398141730
5,9,2,3,0.0,14,2,0.14285714285714285,0.2222222222222222,0.3333333333333333,False,0.24582309,1,711_linkedin_4404031827,711,linkedin_4404031827
5,4,5,0,1.0,29,3,0.10344827586206896,0.75,0.6666666666666666,False,0.6400754,1,717_linkedin_4404753015,717,linkedin_4404753015
9,7,0,9,0.0,4,0,0.0,0.0,0.25,False,0.3028059,1,570_linkedin_4377682353,570,linkedin_4377682353
8,9,8,0,1.0,19,4,0.21052631578947367,0.4444444444444444,1.0,False,0.64892244,1,90_linkedin_4400402631,90,linkedin_4400402631
4,8,2,2,0.33333333333333337,13,1,0.07692307692307693,0.125,0.25,False,0.46777597,1,82_linkedin_4409032969,82,linkedin_4409032969
5,4,2,3,0.0,22,3,0.13636363636363635,0.75,0.3333333333333333,False,0.5210936,1,717_linkedin_4354415512,717,linkedin_4354415512
5,9,1,4,0.0,7,1,0.14285714285714285,0.1111111111111111,0.2,False,0.7274357,1,673_linkedin_4258063425,673,linkedin_4258063425
5,7,5,0,1.0,15,5,0.3333333333333333,0.7142857142857143,0.5,False,0.7656876,1,670_linkedin_4393450943,670,linkedin_4393450943
14,10,2,12,0.0,21,2,0.09523809523809523,0.2,0.2,False,0.49182463,1,24_linkedin_4385907077,24,linkedin_4385907077
4,9,2,2,0.33333333333333337,15,2,0.13333333333333333,0.2222222222222222,0.25,False,0.39754322,1,816_linkedin_4400762174,816,linkedin_4400762174
9,6,0,9,0.0,6,0,0.0,0.0,0.25,False,0.4080907,1,616_linkedin_4382112573,616,linkedin_4382112573
9,6,8,1,0.8888888888888888,13,0,0.0,0.0,0.0,False,0.20797889,1,628_linkedin_4406923903,628,linkedin_4406923903
5,2,8,-3,0.6666666666666667,24,1,0.041666666666666664,0.5,0.0,False,0.46218073,1,676_linkedin_4403519517,676,linkedin_4403519517
2,6,5,-3,0.5,17,1,0.058823529411764705,0.16666666666666666,0.0,False,0.30595684,1,248_linkedin_4398728296,248,linkedin_4398728296
8,4,0,8,0.0,11,2,0.18181818181818182,0.5,0.0,False,0.27264893,1,664_linkedin_4248785248,664,linkedin_4248785248
1,6,5,-4,0.33333333333333337,11,3,0.2727272727272727,0.5,0.4,False,0.31479594,1,147_linkedin_4390369363,147,linkedin_4390369363
5,8,0,5,0.0,16,2,0.125,0.25,0.5,False,0.4630062,1,177_linkedin_4358861183,177,linkedin_4358861183
2,6,0,2,0.0,16,3,0.1875,0.5,0.5,False,0.3634462,1,100_linkedin_4218857089,100,linkedin_4218857089
5,7,2,3,0.0,12,2,0.16666666666666666,0.2857142857142857,0.0,False,0.2904181,1,670_linkedin_4302730124,670,linkedin_4302730124
9,7,0,9,0.0,4,0,0.0,0.0,0.2857142857142857,False,0.4569301,1,292_linkedin_4390682886,292,linkedin_4390682886
8,9,0,8,0.0,32,5,0.15625,0.5555555555555556,0.0,False,0.6139285,1,61_linkedin_4109853402,61,linkedin_4109853402
1,5,2,-1,0.6666666666666667,21,2,0.09523809523809523,0.4,0.2,False,0.6745337,1,173_linkedin_4404056014,173,linkedin_4404056014
3,8,5,-2,0.6666666666666667,25,5,0.2,0.625,0.0,False,0.38661107,1,153_linkedin_4408217125,153,linkedin_4408217125
2,5,0,2,0.0,11,2,0.18181818181818182,0.4,0.0,False,0.42117763,1,170_linkedin_4389557112,170,linkedin_4389557112
4,8,2,2,0.33333333333333337,18,3,0.16666666666666666,0.375,1.0,True,0.685512,1,7_linkedin_4402455762,7,linkedin_4402455762
3,8,5,-2,0.6666666666666667,13,4,0.3076923076923077,0.5,0.0,True,0.35234675,1,828_linkedin_4403758585,828,linkedin_4403758585
3,8,2,1,0.6666666666666667,24,1,0.041666666666666664,0.125,0.0,False,0.3123661,1,179_linkedin_4409002192,179,linkedin_4409002192
4,8,0,4,0.0,21,1,0.047619047619047616,0.125,0.25,False,0.5481699,1,132_linkedin_4405876076,132,linkedin_4405876076
5,9,8,-3,0.6666666666666667,39,2,0.05128205128205128,0.2222222222222222,0.3333333333333333,False,0.20496279,1,702_linkedin_4394603899,702,linkedin_4394603899
8,9,5,3,0.5,27,4,0.14814814814814814,0.4444444444444444,0.0,False,0.5027795,1,17_linkedin_4406520776,17,linkedin_4406520776
12,10,2,10,0.0,20,4,0.2,0.4,0.0,False,0.6285307,1,22_linkedin_4395851881,22,linkedin_4395851881
8,2,2,6,0.0,17,1,0.058823529411764705,0.5,0.0,False,0.57740086,1,736_linkedin_4372728372,736,linkedin_4372728372
5,8,5,0,1.0,8,1,0.125,0.125,0.4,False,0.43976453,1,177_linkedin_4403032755,177,linkedin_4403032755
12,10,0,12,0.0,13,1,0.07692307692307693,0.1,0.25,False,0.39661348,1,22_linkedin_4399398705,22,linkedin_4399398705
5,8,0,5,0.0,15,1,0.06666666666666667,0.125,0.4,False,0.37940958,1,181_linkedin_4383643765,181,linkedin_4383643765
8,9,5,3,0.5,21,6,0.2857142857142857,0.6666666666666666,0.4,False,0.66522306,1,17_linkedin_4399847413,17,linkedin_4399847413
3,4,5,-2,0.6666666666666667,2,0,0.0,0.0,0.6666666666666666,False,0.3761538,1,822_linkedin_4406853691,822,linkedin_4406853691
15,10,2,13,0.0,13,4,0.3076923076923077,0.4,0.0,False,0.50606906,1,546_linkedin_4405741051,546,linkedin_4405741051
2,6,2,0,1.0,6,0,0.0,0.0,0.2,False,0.5679477,1,263_linkedin_4402902987,263,linkedin_4402902987
1,6,8,-7,0.2222222222222222,18,4,0.2222222222222222,0.6666666666666666,1.0,False,0.6591936,1,73_linkedin_4227396573,73,linkedin_4227396573
5,9,2,3,0.0,12,5,0.4166666666666667,0.5555555555555556,0.6666666666666666,False,0.70834804,1,709_linkedin_4400406559,709,linkedin_4400406559
6,6,0,6,0.0,19,1,0.05263157894736842,0.16666666666666666,0.0,False,0.4475199,1,255_linkedin_4389906825,255,linkedin_4389906825
5,9,0,5,0.0,19,3,0.15789473684210525,0.3333333333333333,0.3333333333333333,False,0.6008395,1,703_linkedin_4386978200,703,linkedin_4386978200
5,5,2,3,0.0,7,1,0.14285714285714285,0.2,0.25,False,0.45655885,1,716_linkedin_4399161350,716,linkedin_4399161350
5,9,1,4,0.0,7,1,0.14285714285714285,0.1111111111111111,0.0,False,0.2958991,1,796_linkedin_4364351264,796,linkedin_4364351264
2,5,5,-3,0.5,8,3,0.375,0.6,0.5,False,0.68043464,1,124_linkedin_4306112553,124,linkedin_4306112553
5,3,5,0,1.0,12,2,0.16666666666666666,0.6666666666666666,0.0,False,0.53965384,1,719_linkedin_4380688675,719,linkedin_4380688675
4,8,1,3,0.0,22,5,0.22727272727272727,0.625,1.0,False,0.71743214,1,103_linkedin_4336031176,103,linkedin_4336031176
5,7,0,5,0.0,5,0,0.0,0.0,0.0,False,0.3966591,1,569_linkedin_4399920193,569,linkedin_4399920193
9,9,0,9,0.0,26,4,0.15384615384615385,0.4444444444444444,0.4,False,0.44037306,1,42_linkedin_4402747403,42,linkedin_4402747403
5,8,2,3,0.0,13,2,0.15384615384615385,0.25,0.5,False,0.61500823,1,80_linkedin_4409052156,80,linkedin_4409052156
5,9,0,5,0.0,17,3,0.17647058823529413,0.3333333333333333,0.0,False,0.50652647,1,710_linkedin_4248974224,710,linkedin_4248974224
14,10,2,12,0.0,10,2,0.2,0.2,0.16666666666666666,False,0.36027184,1,144_linkedin_4371387533,144,linkedin_4371387533
1,6,1,0,1.0,14,2,0.14285714285714285,0.3333333333333333,0.0,False,0.4727363,1,99_linkedin_4402271822,99,linkedin_4402271822
4,7,2,2,0.33333333333333337,17,1,0.058823529411764705,0.14285714285714285,0.0,False,0.3276265,1,589_linkedin_4406630830,589,linkedin_4406630830
12,10,0,12,0.0,18,2,0.1111111111111111,0.2,0.0,False,0.5886682,1,45_linkedin_4276144424,45,linkedin_4276144424
3,8,8,-5,0.4444444444444444,14,3,0.21428571428571427,0.375,0.14285714285714285,False,0.4970029,1,686_linkedin_4392456150,686,linkedin_4392456150
1,6,8,-7,0.2222222222222222,29,2,0.06896551724137931,0.3333333333333333,0.0,False,0.3690845,1,252_linkedin_4388654643,252,linkedin_4388654643
5,3,0,5,0.0,9,2,0.2222222222222222,0.6666666666666666,0.5,False,0.459799,1,714_linkedin_4388571978,714,linkedin_4388571978
12,7,5,7,0.0,11,1,0.09090909090909091,0.14285714285714285,1.0,False,0.61729187,1,551_linkedin_4395278655,551,linkedin_4395278655
8,9,0,8,0.0,9,1,0.1111111111111111,0.1111111111111111,1.0,False,0.6009965,1,37_linkedin_4319983823,37,linkedin_4319983823
5,8,8,-3,0.6666666666666667,21,2,0.09523809523809523,0.25,0.3333333333333333,False,0.6260159,1,11_linkedin_4402770506,11,linkedin_4402770506
5,5,0,5,0.0,7,1,0.14285714285714285,0.2,0.3333333333333333,False,0.5536217,1,716_linkedin_4407341482,716,linkedin_4407341482
15,10,0,15,0.0,22,2,0.09090909090909091,0.2,0.0,False,0.50624835,1,546_linkedin_4408772900,546,linkedin_4408772900
13,10,1,12,0.0,30,6,0.2,0.6,0.3333333333333333,False,0.4068767,1,95_linkedin_4337643834,95,linkedin_4337643834
5,6,2,3,0.0,12,2,0.16666666666666666,0.3333333333333333,0.0,False,0.29660305,1,672_linkedin_4302730124,672,linkedin_4302730124
3,4,5,-2,0.6666666666666667,18,2,0.1111111111111111,0.5,0.25,False,0.50625116,1,822_linkedin_4401904227,822,linkedin_4401904227
8,9,1,7,0.0,10,0,0.0,0.0,0.5,False,0.4069523,1,138_linkedin_4402237300,138,linkedin_4402237300
5,6,1,4,0.0,7,2,0.2857142857142857,0.3333333333333333,0.0,False,0.44467518,1,656_linkedin_4399242231,656,linkedin_4399242231
5,9,0,5,0.0,11,4,0.36363636363636365,0.4444444444444444,1.0,False,0.6949389,1,746_linkedin_4404066996,746,linkedin_4404066996
1,6,0,1,0.0,12,3,0.25,0.5,0.25,False,0.62602794,1,169_linkedin_4404205315,169,linkedin_4404205315
5,6,2,3,0.0,24,1,0.041666666666666664,0.16666666666666666,0.0,False,0.36929244,1,258_linkedin_4405617743,258,linkedin_4405617743
5,6,0,5,0.0,13,1,0.07692307692307693,0.16666666666666666,0.0,False,0.22633846,1,253_linkedin_4402297813,253,linkedin_4402297813
5,9,0,5,0.0,27,4,0.14814814814814814,0.4444444444444444,0.25,False,0.34813002,1,702_linkedin_4378807531,702,linkedin_4378807531
8,2,5,3,0.5,19,1,0.05263157894736842,0.5,0.0,False,0.44437566,1,736_linkedin_4385010691,736,linkedin_4385010691
9,8,2,7,0.0,18,4,0.2222222222222222,0.5,0.0,False,0.65514195,1,536_linkedin_4398491928,536,linkedin_4398491928
4,8,2,2,0.33333333333333337,14,1,0.07142857142857142,0.125,0.3333333333333333,False,0.3137359,1,103_linkedin_4404031827,103,linkedin_4404031827
15,9,5,10,0.0,15,3,0.2,0.3333333333333333,0.0,False,0.40651286,1,200_linkedin_4405828129,200,linkedin_4405828129
4,8,5,-1,0.8333333333333334,12,3,0.25,0.375,0.6666666666666666,False,0.7713105,1,79_linkedin_4402516633,79,linkedin_4402516633
12,7,2,10,0.0,9,1,0.1111111111111111,0.14285714285714285,0.5,False,0.5113437,1,204_linkedin_4403394112,204,linkedin_4403394112
7,7,2,5,0.0,13,0,0.0,0.0,0.0,False,0.45756447,1,565_linkedin_4401588753,565,linkedin_4401588753
5,9,0,5,0.0,25,4,0.16,0.4444444444444444,0.2,False,0.58631766,1,742_linkedin_4405825476,742,linkedin_4405825476
7,7,0,7,0.0,7,0,0.0,0.0,0.3333333333333333,False,0.45875156,1,511_linkedin_4407680824,511,linkedin_4407680824
5,2,5,0,1.0,17,2,0.11764705882352941,1.0,0.0,False,0.4187304,1,734_linkedin_4405577156,734,linkedin_4405577156
5,9,0,5,0.0,9,2,0.2222222222222222,0.2222222222222222,0.3333333333333333,False,0.44085073,1,700_linkedin_4398099427,700,linkedin_4398099427
4,7,0,4,0.0,27,2,0.07407407407407407,0.2857142857142857,0.0,False,0.47233066,1,589_linkedin_4404050062,589,linkedin_4404050062
4,8,0,4,0.0,17,2,0.11764705882352941,0.25,0.0,False,0.453541,1,178_linkedin_4303288842,178,linkedin_4303288842
7,7,2,5,0.0,13,3,0.23076923076923078,0.42857142857142855,0.5,False,0.7224245,1,523_linkedin_4306126311,523,linkedin_4306126311
3,7,0,3,0.0,19,3,0.15789473684210525,0.42857142857142855,0.4,False,0.6895905,1,806_linkedin_4386971508,806,linkedin_4386971508
10,9,8,2,0.7777777777777778,16,3,0.1875,0.3333333333333333,0.5,False,0.61386317,1,812_linkedin_4369138688,812,linkedin_4369138688
5,9,2,3,0.0,16,1,0.0625,0.1111111111111111,0.5,False,0.5390321,1,749_linkedin_4326608875,749,linkedin_4326608875
14,10,8,6,0.33333333333333337,9,1,0.1111111111111111,0.1,0.0,False,0.3445486,1,116_linkedin_4304001137,116,linkedin_4304001137
5,8,0,5,0.0,17,4,0.23529411764705882,0.5,0.25,False,0.514621,1,83_linkedin_4399214391,83,linkedin_4399214391
8,9,1,7,0.0,19,3,0.15789473684210525,0.3333333333333333,0.3333333333333333,False,0.44538194,1,17_linkedin_4360771011,17,linkedin_4360771011
1,6,1,0,1.0,12,5,0.4166666666666667,0.8333333333333334,0.5,False,0.67096555,1,29_linkedin_4311992205,29,linkedin_4311992205
13,10,0,13,0.0,16,3,0.1875,0.3,0.5,False,0.46798173,1,120_linkedin_4339495942,120,linkedin_4339495942
1,6,5,-4,0.33333333333333337,9,2,0.2222222222222222,0.3333333333333333,0.3333333333333333,False,0.603805,1,527_linkedin_4406555146,527,linkedin_4406555146
5,7,0,5,0.0,22,3,0.13636363636363635,0.42857142857142855,0.2,False,0.45775446,1,685_linkedin_4406587394,685,linkedin_4406587394
3,6,5,-2,0.6666666666666667,4,0,0.0,0.0,0.14285714285714285,False,0.4212036,1,230_linkedin_4404663537,230,linkedin_4404663537
8,9,0,8,0.0,13,1,0.07692307692307693,0.1111111111111111,0.0,False,0.36230528,1,667_linkedin_4399398705,667,linkedin_4399398705
4,7,0,4,0.0,16,1,0.0625,0.14285714285714285,0.0,False,0.262464,1,589_linkedin_4406213055,589,linkedin_4406213055
6,7,2,4,0.0,3,0,0.0,0.0,0.0,False,0.3790149,1,244_linkedin_4406037933,244,linkedin_4406037933
11,8,2,9,0.0,12,2,0.16666666666666666,0.25,1.0,False,0.6355664,1,537_linkedin_4388481083,537,linkedin_4388481083
8,9,0,8,0.0,21,4,0.19047619047619047,0.4444444444444444,0.0,False,0.47576362,1,666_linkedin_4404078812,666,linkedin_4404078812
1,6,0,1,0.0,10,1,0.1,0.16666666666666666,0.16666666666666666,False,0.45212606,1,169_linkedin_4404338551,169,linkedin_4404338551
1,6,1,0,1.0,18,2,0.1111111111111111,0.3333333333333333,0.3333333333333333,False,0.46132877,1,169_linkedin_4345374235,169,linkedin_4345374235
1,5,0,1,0.0,20,1,0.05,0.2,0.3333333333333333,False,0.555854,1,171_linkedin_4409013613,171,linkedin_4409013613
5,3,1,4,0.0,18,2,0.1111111111111111,0.6666666666666666,0.25,False,0.41937184,1,715_linkedin_4404507119,715,linkedin_4404507119
7,9,0,7,0.0,27,5,0.18518518518518517,0.5555555555555556,0.4,False,0.59039205,1,41_linkedin_4308021555,41,linkedin_4308021555
5,8,2,3,0.0,16,2,0.125,0.25,0.6666666666666666,False,0.6073735,1,8_linkedin_4374661990,8,linkedin_4374661990
13,10,2,11,0.0,17,2,0.11764705882352941,0.2,0.3333333333333333,False,0.49735364,1,70_linkedin_4403972210,70,linkedin_4403972210
5,8,0,5,0.0,4,1,0.25,0.125,0.3333333333333333,False,0.42432705,1,658_linkedin_4397229963,658,linkedin_4397229963
7,9,0,7,0.0,29,2,0.06896551724137931,0.2222222222222222,0.5,False,0.400628,1,89_linkedin_4401847444,89,linkedin_4401847444
1,6,0,1,0.0,23,3,0.13043478260869565,0.5,0.0,False,0.44120115,1,99_linkedin_4404074816,99,linkedin_4404074816
3,8,0,3,0.0,13,2,0.15384615384615385,0.25,0.5,False,0.5732326,1,819_linkedin_4393572024,819,linkedin_4393572024
1,6,0,1,0.0,21,1,0.047619047619047616,0.16666666666666666,0.25,False,0.56333405,1,147_linkedin_4373586373,147,linkedin_4373586373
5,9,0,5,0.0,17,3,0.17647058823529413,0.3333333333333333,0.0,False,0.70758027,1,794_linkedin_4255987276,794,linkedin_4255987276
5,9,2,3,0.0,25,1,0.04,0.1111111111111111,0.0,False,0.20351556,1,829_linkedin_4385304646,829,linkedin_4385304646
5,9,0,5,0.0,11,2,0.18181818181818182,0.2222222222222222,0.3333333333333333,False,0.44445485,1,794_linkedin_4270545927,794,linkedin_4270545927
7,8,8,-1,0.8888888888888888,16,2,0.125,0.25,0.3333333333333333,False,0.38745308,1,161_linkedin_4404963007,161,linkedin_4404963007
11,8,2,9,0.0,19,2,0.10526315789473684,0.25,0.0,False,0.5076205,1,531_linkedin_4381207520,531,linkedin_4381207520
8,9,2,6,0.0,21,3,0.14285714285714285,0.3333333333333333,0.5,False,0.48620802,1,157_linkedin_4396958592,157,linkedin_4396958592
5,7,0,5,0.0,24,5,0.20833333333333334,0.7142857142857143,0.3333333333333333,False,0.7085819,1,670_linkedin_4364610593,670,linkedin_4364610593
7,9,1,6,0.0,18,2,0.1111111111111111,0.2222222222222222,0.3333333333333333,False,0.5546576,1,65_linkedin_4403914807,65,linkedin_4403914807
5,2,0,5,0.0,13,2,0.15384615384615385,1.0,0.0,False,0.63778144,1,734_linkedin_4403971651,734,linkedin_4403971651
1,5,5,-4,0.33333333333333337,29,2,0.06896551724137931,0.4,0.0,False,0.43090513,1,175_linkedin_4388250228,175,linkedin_4388250228
5,3,2,3,0.0,11,1,0.09090909090909091,0.3333333333333333,0.3333333333333333,False,0.49665853,1,714_linkedin_4368619431,714,linkedin_4368619431
5,9,0,5,0.0,11,4,0.36363636363636365,0.4444444444444444,0.3333333333333333,False,0.7435505,1,795_linkedin_4379080898,795,linkedin_4379080898
14,10,2,12,0.0,6,1,0.16666666666666666,0.1,0.5,False,0.46495134,1,24_linkedin_4409026779,24,linkedin_4409026779
8,9,0,8,0.0,14,2,0.14285714285714285,0.2222222222222222,0.5,False,0.670558,1,133_linkedin_4308002859,133,linkedin_4308002859
15,10,2,13,0.0,12,4,0.3333333333333333,0.4,0.0,False,0.6459078,1,117_linkedin_4400406559,117,linkedin_4400406559
6,7,2,4,0.0,17,0,0.0,0.0,0.25,False,0.20299135,1,223_linkedin_4399523408,223,linkedin_4399523408
5,9,2,3,0.0,15,2,0.13333333333333333,0.2222222222222222,0.25,False,0.488604,1,818_linkedin_4400762174,818,linkedin_4400762174
5,8,8,-3,0.6666666666666667,21,5,0.23809523809523808,0.625,0.6666666666666666,False,0.6941151,1,8_linkedin_4402753679,8,linkedin_4402753679
12,10,8,4,0.5555555555555556,16,1,0.0625,0.1,0.0,False,0.36748713,1,22_linkedin_4407191616,22,linkedin_4407191616
13,8,0,13,0.0,6,0,0.0,0.0,0.1,False,0.39032465,1,194_linkedin_4402640777,194,linkedin_4402640777
3,9,1,2,0.0,12,3,0.25,0.3333333333333333,0.0,False,0.5670535,1,836_linkedin_4311992205,836,linkedin_4311992205
1,5,0,1,0.0,17,1,0.058823529411764705,0.2,0.0,False,0.25487584,1,175_linkedin_4392034127,175,linkedin_4392034127
15,10,2,13,0.0,15,2,0.13333333333333333,0.2,0.0,False,0.4065304,1,21_linkedin_4048200127,21,linkedin_4048200127
2,7,1,1,0.5,1,0,0.0,0.0,0.0,False,0.29260954,1,594_linkedin_4407901095,594,linkedin_4407901095
5,9,5,0,1.0,27,4,0.14814814814814814,0.4444444444444444,0.2,False,0.38919944,1,742_linkedin_4395942366,742,linkedin_4395942366
8,2,1,7,0.0,7,1,0.14285714285714285,0.5,0.0,False,0.5013069,1,736_linkedin_4408073339,736,linkedin_4408073339
5,6,8,-3,0.6666666666666667,16,1,0.0625,0.16666666666666666,0.0,False,0.44159406,1,672_linkedin_4407191616,672,linkedin_4407191616
2,6,0,2,0.0,15,1,0.06666666666666667,0.16666666666666666,0.6666666666666666,False,0.61905056,1,78_linkedin_4404302967,78,linkedin_4404302967
5,3,2,3,0.0,22,2,0.09090909090909091,0.6666666666666666,0.3333333333333333,False,0.5737636,1,715_linkedin_4387910645,715,linkedin_4387910645
7,8,5,2,0.6666666666666667,27,3,0.1111111111111111,0.375,0.5,False,0.50986946,1,544_linkedin_4393034116,544,linkedin_4393034116
2,6,2,0,1.0,4,0,0.0,0.0,1.0,False,0.6526125,1,615_linkedin_4399266480,615,linkedin_4399266480
5,9,0,5,0.0,30,5,0.16666666666666666,0.5555555555555556,0.0,False,0.6536423,1,839_linkedin_4399676095,839,linkedin_4399676095
5,4,0,5,0.0,6,1,0.16666666666666666,0.25,0.25,False,0.46191448,1,717_linkedin_4372115927,717,linkedin_4372115927
9,8,1,8,0.0,25,2,0.08,0.25,0.0,False,0.6449054,1,536_linkedin_4302530492,536,linkedin_4302530492
8,7,2,6,0.0,6,1,0.16666666666666666,0.14285714285714285,0.0,False,0.5564799,1,250_linkedin_4402902987,250,linkedin_4402902987
8,9,0,8,0.0,1,0,0.0,0.0,1.0,False,0.5677722,1,112_linkedin_4407538348,112,linkedin_4407538348
7,8,0,7,0.0,18,4,0.2222222222222222,0.5,0.16666666666666666,False,0.5851152,1,544_linkedin_4384841120,544,linkedin_4384841120
8,9,8,0,1.0,21,6,0.2857142857142857,0.6666666666666666,0.0,False,0.43116775,1,665_linkedin_4404204086,665,linkedin_4404204086
15,10,5,10,0.0,15,5,0.3333333333333333,0.5,0.0,False,0.5855246,1,117_linkedin_4407014726,117,linkedin_4407014726
8,7,0,8,0.0,28,2,0.07142857142857142,0.2857142857142857,0.5,False,0.6687121,1,529_linkedin_4275595150,529,linkedin_4275595150
7,9,0,7,0.0,21,2,0.09523809523809523,0.2222222222222222,0.0,False,0.49796626,1,187_linkedin_4405277133,187,linkedin_4405277133
5,3,0,5,0.0,24,2,0.08333333333333333,0.6666666666666666,0.18181818181818182,False,0.58972836,1,714_linkedin_4397676082,714,linkedin_4397676082
5,6,8,-3,0.6666666666666667,21,3,0.14285714285714285,0.5,0.2,False,0.50438243,1,517_linkedin_4404204086,517,linkedin_4404204086
5,9,5,0,1.0,12,1,0.08333333333333333,0.1111111111111111,0.0,False,0.56968355,1,744_linkedin_4401605319,744,linkedin_4401605319
8,9,2,6,0.0,12,1,0.08333333333333333,0.1111111111111111,0.3333333333333333,False,0.64465165,1,666_linkedin_4403348701,666,linkedin_4403348701
8,9,0,8,0.0,24,6,0.25,0.6666666666666666,0.0,False,0.7139153,1,667_linkedin_4394414906,667,linkedin_4394414906
5,6,2,3,0.0,16,1,0.0625,0.16666666666666666,0.0,False,0.4636104,1,258_linkedin_4408787972,258,linkedin_4408787972
4,7,2,2,0.33333333333333337,4,1,0.25,0.14285714285714285,0.6666666666666666,False,0.5901579,1,280_linkedin_4399266480,280,linkedin_4399266480
7,7,2,5,0.0,15,3,0.2,0.42857142857142855,0.3333333333333333,False,0.46496463,1,560_linkedin_4399877263,560,linkedin_4399877263
5,9,5,0,1.0,7,1,0.14285714285714285,0.1111111111111111,0.5,False,0.4347502,1,748_linkedin_4398474947,748,linkedin_4398474947
11,8,2,9,0.0,14,2,0.14285714285714285,0.25,0.5,True,0.67067647,1,531_linkedin_4402454825,531,linkedin_4402454825
3,7,0,3,0.0,13,4,0.3076923076923077,0.5714285714285714,1.0,False,0.70291805,1,806_linkedin_4393572024,806,linkedin_4393572024
5,9,5,0,1.0,17,5,0.29411764705882354,0.5555555555555556,0.0,False,0.46544152,1,839_linkedin_4381834372,839,linkedin_4381834372
5,8,0,5,0.0,8,2,0.25,0.25,0.25,False,0.4417792,1,184_linkedin_4397375613,184,linkedin_4397375613
3,8,0,3,0.0,19,3,0.15789473684210525,0.375,0.2,False,0.6530431,1,129_linkedin_4323538557,129,linkedin_4323538557
5,9,2,3,0.0,13,2,0.15384615384615385,0.2222222222222222,0.25,True,0.37873086,1,746_linkedin_4398838741,746,linkedin_4398838741
10,6,5,5,0.16666666666666663,13,0,0.0,0.0,0.2,False,0.30785722,1,609_linkedin_4405404188,609,linkedin_4405404188
4,6,0,4,0.0,28,2,0.07142857142857142,0.3333333333333333,0.2,False,0.4752018,1,512_linkedin_4370506836,512,linkedin_4370506836
13,9,0,13,0.0,11,3,0.2727272727272727,0.3333333333333333,0.5,False,0.7020175,1,142_linkedin_4404066996,142,linkedin_4404066996
3,7,5,-2,0.6666666666666667,19,4,0.21052631578947367,0.5714285714285714,0.25,False,0.51211,1,183_linkedin_4401039876,183,linkedin_4401039876
5,2,0,5,0.0,24,2,0.08333333333333333,1.0,0.0,True,0.5580989,1,734_linkedin_4213589636,734,linkedin_4213589636
5,9,8,-3,0.6666666666666667,39,6,0.15384615384615385,0.6666666666666666,0.3333333333333333,False,0.16129765,1,703_linkedin_4394603899,703,linkedin_4394603899
7,7,5,2,0.6666666666666667,11,1,0.09090909090909091,0.14285714285714285,0.0,False,0.47291267,1,595_linkedin_4405140553,595,linkedin_4405140553
8,8,0,8,0.0,6,0,0.0,0.0,0.1,False,0.37504998,1,186_linkedin_4402633852,186,linkedin_4402633852
2,6,5,-3,0.5,25,2,0.08,0.3333333333333333,0.5,False,0.6746989,1,28_linkedin_4386610920,28,linkedin_4386610920
4,8,2,2,0.33333333333333337,28,4,0.14285714285714285,0.5,0.3333333333333333,False,0.5250584,1,7_linkedin_4401926198,7,linkedin_4401926198
13,10,8,5,0.4444444444444444,16,1,0.0625,0.1,0.0,False,0.44527233,1,115_linkedin_4407191616,115,linkedin_4407191616
1,6,2,-1,0.6666666666666667,14,1,0.07142857142857142,0.16666666666666666,0.0,False,0.41170126,1,169_linkedin_4404092359,169,linkedin_4404092359
5,3,5,0,1.0,16,3,0.1875,1.0,1.0,False,0.37837029,1,756_linkedin_4399270596,756,linkedin_4399270596
7,7,2,5,0.0,7,1,0.14285714285714285,0.14285714285714285,0.25,False,0.43159863,1,207_linkedin_4406068865,207,linkedin_4406068865
5,8,8,-3,0.6666666666666667,28,4,0.14285714285714285,0.5,0.0,False,0.48013398,1,104_linkedin_4366544387,104,linkedin_4366544387
4,8,0,4,0.0,15,4,0.26666666666666666,0.5,0.25,False,0.5306392,1,106_linkedin_4393279399,106,linkedin_4393279399
5,9,0,5,0.0,21,5,0.23809523809523808,0.5555555555555556,0.25,False,0.36613128,1,709_linkedin_4365486815,709,linkedin_4365486815
14,10,1,13,0.0,14,2,0.14285714285714285,0.2,0.5,False,0.6339907,1,119_linkedin_4402271822,119,linkedin_4402271822
14,10,8,6,0.33333333333333337,16,1,0.0625,0.1,0.0,False,0.4260488,1,20_linkedin_4407191616,20,linkedin_4407191616
3,4,5,-2,0.6666666666666667,14,2,0.14285714285714285,0.5,0.2222222222222222,False,0.32336894,1,824_linkedin_4389281747,824,linkedin_4389281747
3,8,0,3,0.0,9,1,0.1111111111111111,0.125,0.5,False,0.52299184,1,12_linkedin_4142489999,12,linkedin_4142489999
5,9,1,4,0.0,6,1,0.16666666666666666,0.1111111111111111,0.0,False,0.36125833,1,829_linkedin_4381408358,829,linkedin_4381408358
1,6,5,-4,0.33333333333333337,15,2,0.13333333333333333,0.3333333333333333,0.6666666666666666,False,0.6016778,1,527_linkedin_4344634134,527,linkedin_4344634134
10,7,2,8,0.0,4,0,0.0,0.0,0.6666666666666666,False,0.572237,1,293_linkedin_4399266480,293,linkedin_4399266480
4,8,8,-4,0.5555555555555556,21,3,0.14285714285714285,0.375,0.3333333333333333,False,0.6229756,1,7_linkedin_4402770506,7,linkedin_4402770506
5,3,0,5,0.0,12,1,0.08333333333333333,0.3333333333333333,0.3333333333333333,False,0.469685,1,756_linkedin_4370185837,756,linkedin_4370185837
5,5,0,5,0.0,14,2,0.14285714285714285,0.4,0.09090909090909091,False,0.47774,1,718_linkedin_4407335662,718,linkedin_4407335662
3,9,0,3,0.0,7,1,0.14285714285714285,0.1111111111111111,0.0,False,0.25353673,1,832_linkedin_4399222099,832,linkedin_4399222099
5,8,2,3,0.0,15,1,0.06666666666666667,0.125,0.5,False,0.564276,1,131_linkedin_4395864397,131,linkedin_4395864397
2,6,5,-3,0.5,10,1,0.1,0.16666666666666666,0.3333333333333333,False,0.504251,1,146_linkedin_4406501562,146,linkedin_4406501562
8,9,0,8,0.0,24,3,0.125,0.3333333333333333,0.2222222222222222,False,0.6877734,1,138_linkedin_4378924549,138,linkedin_4378924549
8,4,8,0,1.0,19,1,0.05263157894736842,0.25,0.0,False,0.31699377,1,791_linkedin_4306344839,791,linkedin_4306344839
7,7,2,5,0.0,13,1,0.07692307692307693,0.14285714285714285,0.3333333333333333,False,0.60805637,1,207_linkedin_4381555539,207,linkedin_4381555539
10,9,2,8,0.0,22,4,0.18181818181818182,0.4444444444444444,0.3333333333333333,False,0.40530542,1,15_linkedin_4384180075,15,linkedin_4384180075
5,4,2,3,0.0,21,1,0.047619047619047616,0.25,0.0,False,0.22024108,1,801_linkedin_4404780279,801,linkedin_4404780279
5,8,2,3,0.0,12,1,0.08333333333333333,0.125,0.4,False,0.4319467,1,181_linkedin_4403943434,181,linkedin_4403943434
5,9,0,5,0.0,11,2,0.18181818181818182,0.2222222222222222,0.0,False,0.22514854,1,793_linkedin_4306117436,793,linkedin_4306117436
12,10,2,10,0.0,14,1,0.07142857142857142,0.1,0.3333333333333333,False,0.30024782,1,22_linkedin_4404031827,22,linkedin_4404031827
4,8,0,4,0.0,17,1,0.058823529411764705,0.125,0.5,False,0.42705315,1,79_linkedin_4371957148,79,linkedin_4371957148
5,4,8,-3,0.6666666666666667,20,3,0.15,0.75,0.6666666666666666,False,0.5255755,1,717_linkedin_4400515080,717,linkedin_4400515080
4,8,8,-4,0.5555555555555556,10,2,0.2,0.25,0.0,False,0.46383438,1,178_linkedin_4383975364,178,linkedin_4383975364
1,7,0,1,0.0,16,2,0.125,0.2857142857142857,0.0,False,0.43026626,1,561_linkedin_4399674294,561,linkedin_4399674294
12,10,5,7,0.0,12,3,0.25,0.3,0.5,False,0.6363171,1,94_linkedin_4404587669,94,linkedin_4404587669
5,9,0,5,0.0,22,5,0.22727272727272727,0.5555555555555556,0.0,False,0.4616374,1,792_linkedin_4351239737,792,linkedin_4351239737
4,8,0,4,0.0,21,3,0.14285714285714285,0.375,0.2,False,0.4410408,1,178_linkedin_4408226750,178,linkedin_4408226750
2,5,0,2,0.0,11,2,0.18181818181818182,0.4,0.2,False,0.6630641,1,124_linkedin_4335108683,124,linkedin_4335108683
3,7,5,-2,0.6666666666666667,27,3,0.1111111111111111,0.42857142857142855,0.3333333333333333,False,0.5597985,1,183_linkedin_4385280427,183,linkedin_4385280427
10,9,8,2,0.7777777777777778,24,4,0.16666666666666666,0.4444444444444444,0.3333333333333333,False,0.4688286,1,15_linkedin_4404804267,15,linkedin_4404804267
5,7,0,5,0.0,16,2,0.125,0.2857142857142857,0.5,False,0.4252283,1,569_linkedin_4358861183,569,linkedin_4358861183
5,8,1,4,0.0,28,6,0.21428571428571427,0.75,0.5,False,0.70599055,1,11_linkedin_4372699758,11,linkedin_4372699758
5,9,1,4,0.0,8,1,0.125,0.1111111111111111,0.5,False,0.3876274,1,724_linkedin_4401752914,724,linkedin_4401752914
11,7,0,11,0.0,24,3,0.125,0.42857142857142855,0.25,False,0.3764197,1,515_linkedin_4404775367,515,linkedin_4404775367
5,8,0,5,0.0,17,3,0.17647058823529413,0.375,1.0,False,0.5346967,1,539_linkedin_4371957148,539,linkedin_4371957148
13,9,2,11,0.0,20,3,0.15,0.3333333333333333,0.25,False,0.44965348,1,142_linkedin_4386762254,142,linkedin_4386762254
2,6,5,-3,0.5,12,3,0.25,0.5,0.5,False,0.28203773,1,150_linkedin_4403480018,150,linkedin_4403480018
8,9,0,8,0.0,27,2,0.07407407407407407,0.2222222222222222,0.25,False,0.36886266,1,90_linkedin_4378807531,90,linkedin_4378807531
13,10,0,13,0.0,22,4,0.18181818181818182,0.4,0.3333333333333333,False,0.5876944,1,43_linkedin_4404833122,43,linkedin_4404833122
6,6,0,6,0.0,11,1,0.09090909090909091,0.16666666666666666,0.0,False,0.5393417,1,255_linkedin_4404298395,255,linkedin_4404298395
2,7,5,-3,0.5,16,2,0.125,0.2857142857142857,0.3333333333333333,False,0.492195,1,221_linkedin_4403469851,221,linkedin_4403469851
14,10,1,13,0.0,7,1,0.14285714285714285,0.1,0.2,True,0.63294005,1,20_linkedin_4258060723,20,linkedin_4258060723
12,7,2,10,0.0,6,0,0.0,0.0,0.2,False,0.40489537,1,204_linkedin_4401017570,204,linkedin_4401017570
5,3,0,5,0.0,22,3,0.13636363636363635,1.0,0.3333333333333333,False,0.5267915,1,714_linkedin_4402577824,714,linkedin_4402577824
2,6,5,-3,0.5,12,3,0.25,0.5,0.0,False,0.50776297,1,263_linkedin_4389185935,263,linkedin_4389185935
15,10,8,7,0.2222222222222222,18,4,0.2222222222222222,0.4,0.0,False,0.55497545,1,117_linkedin_4393500974,117,linkedin_4393500974
5,9,5,0,1.0,14,2,0.14285714285714285,0.2222222222222222,0.3333333333333333,False,0.504206,1,820_linkedin_4403534076,820,linkedin_4403534076
7,7,5,2,0.6666666666666667,19,4,0.21052631578947367,0.5714285714285714,0.5,False,0.71585613,1,523_linkedin_4314280801,523,linkedin_4314280801
3,4,5,-2,0.6666666666666667,15,1,0.06666666666666667,0.25,1.0,False,0.57862985,1,822_linkedin_4389708516,822,linkedin_4389708516
8,9,2,6,0.0,19,2,0.10526315789473684,0.2222222222222222,0.3333333333333333,False,0.40678132,1,13_linkedin_4398360031,13,linkedin_4398360031
5,8,8,-3,0.6666666666666667,18,3,0.16666666666666666,0.375,0.2857142857142857,False,0.55845964,1,177_linkedin_4320959500,177,linkedin_4320959500
5,3,0,5,0.0,26,2,0.07692307692307693,0.6666666666666666,0.25,False,0.45973578,1,756_linkedin_4371796723,756,linkedin_4371796723
5,9,0,5,0.0,17,5,0.29411764705882354,0.5555555555555556,0.0,False,0.21517381,1,669_linkedin_4248974290,669,linkedin_4248974290
5,2,5,0,1.0,36,2,0.05555555555555555,1.0,0.25,False,0.5457155,1,735_linkedin_4405732569,735,linkedin_4405732569
14,10,1,13,0.0,45,5,0.1111111111111111,0.5,0.0,False,0.4801369,1,119_linkedin_4326582848,119,linkedin_4326582848
7,9,5,2,0.6666666666666667,10,3,0.3,0.3333333333333333,1.0,False,0.6465135,1,41_linkedin_4373337133,41,linkedin_4373337133
3,8,0,3,0.0,9,1,0.1111111111111111,0.125,0.5,False,0.52299184,1,12_linkedin_4142492720,12,linkedin_4142492720
15,10,1,14,0.0,24,6,0.25,0.6,0.3333333333333333,False,0.6403776,1,21_linkedin_4403138145,21,linkedin_4403138145
5,9,2,3,0.0,16,5,0.3125,0.5555555555555556,0.5,False,0.7350372,1,749_linkedin_4379415346,749,linkedin_4379415346
14,10,0,14,0.0,21,4,0.19047619047619047,0.4,0.6666666666666666,False,0.49515653,1,47_linkedin_4368025094,47,linkedin_4368025094
9,9,0,9,0.0,15,7,0.4666666666666667,0.7777777777777778,0.25,False,0.623427,1,113_linkedin_4377063354,113,linkedin_4377063354
5,9,0,5,0.0,15,2,0.13333333333333333,0.2222222222222222,0.3333333333333333,False,0.6569034,1,699_linkedin_4404302967,699,linkedin_4404302967
2,6,0,2,0.0,25,2,0.08,0.3333333333333333,0.25,False,0.46698028,1,74_linkedin_4398861071,74,linkedin_4398861071
5,9,1,4,0.0,20,5,0.25,0.5555555555555556,0.0,False,0.531285,1,837_linkedin_4403656591,837,linkedin_4403656591
5,9,5,0,1.0,16,5,0.3125,0.5555555555555556,0.5,False,0.6631376,1,695_linkedin_4393458442,695,linkedin_4393458442
10,8,0,10,0.0,18,1,0.05555555555555555,0.125,0.0,False,0.16750324,1,642_linkedin_4402212721,642,linkedin_4402212721
5,9,5,0,1.0,23,3,0.13043478260869565,0.3333333333333333,0.0,False,0.6701326,1,793_linkedin_4404172880,793,linkedin_4404172880
14,10,0,14,0.0,29,4,0.13793103448275862,0.4,0.0,False,0.6013467,1,47_linkedin_4387690365,47,linkedin_4387690365
8,4,0,8,0.0,13,1,0.07692307692307693,0.25,0.0,False,0.34998155,1,664_linkedin_4399398705,664,linkedin_4399398705
11,8,1,10,0.0,15,3,0.2,0.375,1.0,True,0.6305643,1,562_linkedin_4407008767,562,linkedin_4407008767
5,9,0,5,0.0,15,3,0.2,0.3333333333333333,0.0,False,0.4866422,1,794_linkedin_4324619442,794,linkedin_4324619442
14,10,2,12,0.0,12,1,0.08333333333333333,0.1,0.0,False,0.34034505,1,24_linkedin_4302730124,24,linkedin_4302730124
5,9,0,5,0.0,15,2,0.13333333333333333,0.2222222222222222,1.0,False,0.7005511,1,815_linkedin_4404302967,815,linkedin_4404302967
4,8,2,2,0.33333333333333337,28,3,0.10714285714285714,0.375,0.3333333333333333,False,0.4362808,1,10_linkedin_4401926198,10,linkedin_4401926198
4,6,0,4,0.0,4,0,0.0,0.0,0.2857142857142857,False,0.43056834,1,612_linkedin_4390682886,612,linkedin_4390682886
5,9,0,5,0.0,20,6,0.3,0.6666666666666666,0.5,False,0.65899795,1,793_linkedin_4333176046,793,linkedin_4333176046
1,6,5,-4,0.33333333333333337,19,3,0.15789473684210525,0.5,1.0,False,0.67458844,1,527_linkedin_4314280801,527,linkedin_4314280801
1,6,0,1,0.0,29,5,0.1724137931034483,0.8333333333333334,0.5,False,0.44480982,1,25_linkedin_4402867800,25,linkedin_4402867800
1,6,0,1,0.0,28,2,0.07142857142857142,0.3333333333333333,0.3333333333333333,False,0.44359738,1,149_linkedin_4406956769,149,linkedin_4406956769
15,10,0,15,0.0,24,9,0.375,0.9,0.5,False,0.6935981,1,117_linkedin_4404738960,117,linkedin_4404738960
3,7,0,3,0.0,6,0,0.0,0.0,0.0,False,0.3120483,1,553_linkedin_4367412693,553,linkedin_4367412693
4,8,0,4,0.0,13,1,0.07692307692307693,0.125,0.25,False,0.34941518,1,103_linkedin_4399398705,103,linkedin_4399398705
4,7,2,2,0.33333333333333337,16,1,0.0625,0.14285714285714285,0.0,False,0.4750017,1,589_linkedin_4398009352,589,linkedin_4398009352
15,10,0,15,0.0,13,1,0.07692307692307693,0.1,0.0,False,0.3492575,1,117_linkedin_4399398705,117,linkedin_4399398705
7,7,8,-1,0.8888888888888888,29,4,0.13793103448275862,0.5714285714285714,0.0,False,0.3996937,1,259_linkedin_4388654643,259,linkedin_4388654643
5,9,0,5,0.0,29,8,0.27586206896551724,0.8888888888888888,0.5,False,0.5133116,1,794_linkedin_4402867800,794,linkedin_4402867800
5,5,0,5,0.0,14,3,0.21428571428571427,0.6,0.09090909090909091,False,0.48625055,1,716_linkedin_4407335662,716,linkedin_4407335662
8,7,2,6,0.0,9,1,0.1111111111111111,0.14285714285714285,1.0,False,0.60364556,1,203_linkedin_4403394112,203,linkedin_4403394112
8,9,0,8,0.0,14,6,0.42857142857142855,0.6666666666666666,0.0,False,0.34189335,1,667_linkedin_4367948022,667,linkedin_4367948022
5,9,0,5,0.0,9,1,0.1111111111111111,0.1111111111111111,0.21428571428571427,True,0.60421556,1,746_linkedin_4406824756,746,linkedin_4406824756
5,6,8,-3,0.6666666666666667,16,1,0.0625,0.16666666666666666,0.0,False,0.33148468,1,258_linkedin_4395454837,258,linkedin_4395454837
1,6,8,-7,0.2222222222222222,39,5,0.1282051282051282,0.8333333333333334,0.3333333333333333,False,0.10719281,1,77_linkedin_4394603899,77,linkedin_4394603899
5,7,0,5,0.0,12,4,0.3333333333333333,0.5714285714285714,0.16666666666666666,False,0.68696284,1,670_linkedin_4399913337,670,linkedin_4399913337
5,9,0,5,0.0,5,0,0.0,0.0,0.5,False,0.3592977,1,725_linkedin_4405012647,725,linkedin_4405012647
2,6,0,2,0.0,22,3,0.13636363636363635,0.5,0.2,False,0.43351758,1,76_linkedin_4404915391,76,linkedin_4404915391
5,8,2,3,0.0,14,2,0.14285714285714285,0.25,1.0,False,0.5059549,1,83_linkedin_4405740027,83,linkedin_4405740027
6,6,0,6,0.0,12,1,0.08333333333333333,0.16666666666666666,0.0,False,0.30168504,1,255_linkedin_4405981417,255,linkedin_4405981417
2,7,2,0,1.0,19,1,0.05263157894736842,0.14285714285714285,0.0,False,0.40097028,1,594_linkedin_4406607644,594,linkedin_4406607644
3,9,0,3,0.0,13,2,0.15384615384615385,0.2222222222222222,1.0,False,0.617885,1,684_linkedin_4393572024,684,linkedin_4393572024
9,6,8,1,0.8888888888888888,19,0,0.0,0.0,0.16666666666666666,False,0.4636464,1,616_linkedin_4325783445,616,linkedin_4325783445
2,5,2,0,1.0,12,1,0.08333333333333333,0.2,0.0,False,0.32125252,1,4_linkedin_4302730124,4,linkedin_4302730124
5,7,2,3,0.0,7,0,0.0,0.0,0.16666666666666666,False,0.5076527,1,569_linkedin_4395298696,569,linkedin_4395298696
1,6,0,1,0.0,20,2,0.1,0.3333333333333333,0.4,False,0.62949175,1,101_linkedin_4397466991,101,linkedin_4397466991
1,7,8,-7,0.2222222222222222,25,2,0.08,0.2857142857142857,0.0,False,0.38209742,1,561_linkedin_4399672793,561,linkedin_4399672793
7,7,0,7,0.0,18,2,0.1111111111111111,0.2857142857142857,0.0,False,0.4254077,1,272_linkedin_4389806770,272,linkedin_4389806770
7,7,1,6,0.0,4,0,0.0,0.0,0.07692307692307693,False,0.40444157,1,207_linkedin_4404913844,207,linkedin_4404913844
4,9,0,4,0.0,21,4,0.19047619047619047,0.4444444444444444,0.25,False,0.503418,1,813_linkedin_4361439395,813,linkedin_4361439395
7,9,2,5,0.0,12,1,0.08333333333333333,0.1111111111111111,0.0,False,0.23352791,1,111_linkedin_4302730124,111,linkedin_4302730124
3,7,5,-2,0.6666666666666667,14,1,0.07142857142857142,0.14285714285714285,0.5,False,0.60197914,1,806_linkedin_4406298336,806,linkedin_4406298336
1,6,0,1,0.0,28,3,0.10714285714285714,0.5,0.6666666666666666,False,0.43947443,1,145_linkedin_4406956769,145,linkedin_4406956769
8,2,0,8,0.0,28,2,0.07142857142857142,1.0,0.4,True,0.63928884,1,736_linkedin_4393065011,736,linkedin_4393065011
2,6,2,0,1.0,24,4,0.16666666666666666,0.6666666666666666,0.15384615384615385,False,0.3326685,1,530_linkedin_4402165865,530,linkedin_4402165865
5,8,0,5,0.0,15,2,0.13333333333333333,0.25,0.25,False,0.5114036,1,11_linkedin_4340115756,11,linkedin_4340115756
3,8,2,1,0.6666666666666667,24,1,0.041666666666666664,0.125,0.0,False,0.30480078,1,179_linkedin_4405632305,179,linkedin_4405632305
5,9,5,0,1.0,11,1,0.09090909090909091,0.1111111111111111,1.0,False,0.54687417,1,815_linkedin_4375585139,815,linkedin_4375585139
5,8,8,-3,0.6666666666666667,22,2,0.09090909090909091,0.25,0.3333333333333333,False,0.4556288,1,181_linkedin_4399733648,181,linkedin_4399733648
5,7,0,5,0.0,12,2,0.16666666666666666,0.2857142857142857,0.0,False,0.2879368,1,687_linkedin_4368495659,687,linkedin_4368495659
1,6,2,-1,0.6666666666666667,16,5,0.3125,0.8333333333333334,0.5,False,0.58373195,1,29_linkedin_4394682708,29,linkedin_4394682708
9,9,0,9,0.0,28,6,0.21428571428571427,0.6666666666666666,0.5,False,0.6697161,1,42_linkedin_4275595150,42,linkedin_4275595150
1,5,8,-7,0.2222222222222222,20,2,0.1,0.4,0.0,False,0.30245107,1,175_linkedin_4358974463,175,linkedin_4358974463
4,7,0,4,0.0,6,1,0.16666666666666666,0.14285714285714285,0.1,False,0.37145358,1,236_linkedin_4402640777,236,linkedin_4402640777
2,5,2,0,1.0,4,0,0.0,0.0,0.6666666666666666,False,0.5128202,1,174_linkedin_4399266480,174,linkedin_4399266480
5,9,5,0,1.0,24,6,0.25,0.6666666666666666,0.0,False,0.757048,1,837_linkedin_4391836115,837,linkedin_4391836115
12,10,1,11,0.0,22,5,0.22727272727272727,0.5,1.0,False,0.6520316,1,118_linkedin_4336031176,118,linkedin_4336031176
14,10,0,14,0.0,35,5,0.14285714285714285,0.5,0.5,False,0.53530043,1,24_linkedin_4139842127,24,linkedin_4139842127
5,9,2,3,0.0,13,6,0.46153846153846156,0.6666666666666666,0.5,False,0.64423454,1,710_linkedin_4399143156,710,linkedin_4399143156
12,7,0,12,0.0,27,4,0.14814814814814814,0.5714285714285714,0.0,False,0.5519616,1,520_linkedin_4332997234,520,linkedin_4332997234
14,10,0,14,0.0,11,2,0.18181818181818182,0.2,0.0,False,0.4108085,1,20_linkedin_4248785240,20,linkedin_4248785240
1,6,1,0,1.0,45,3,0.06666666666666667,0.5,0.0,False,0.52250856,1,97_linkedin_4326582848,97,linkedin_4326582848
5,9,0,5,0.0,6,2,0.3333333333333333,0.2222222222222222,0.3333333333333333,False,0.54902714,1,749_linkedin_4405289858,749,linkedin_4405289858
5,5,0,5,0.0,7,2,0.2857142857142857,0.4,0.5,False,0.6355011,1,718_linkedin_4386983058,718,linkedin_4386983058
5,8,2,3,0.0,16,3,0.1875,0.375,0.5,False,0.5685441,1,35_linkedin_4394682708,35,linkedin_4394682708
1,6,0,1,0.0,10,0,0.0,0.0,0.3333333333333333,False,0.38220638,1,169_linkedin_4373503901,169,linkedin_4373503901
5,9,8,-3,0.6666666666666667,21,4,0.19047619047619047,0.4444444444444444,0.0,False,0.62095565,1,673_linkedin_4302192216,673,linkedin_4302192216
7,9,5,2,0.6666666666666667,18,2,0.1111111111111111,0.2222222222222222,0.0,False,0.57453513,1,38_linkedin_4405325057,38,linkedin_4405325057
3,9,0,3,0.0,18,3,0.16666666666666666,0.3333333333333333,0.0,False,0.38348246,1,777_linkedin_4397737872,777,linkedin_4397737872
14,10,2,12,0.0,14,1,0.07142857142857142,0.1,0.3333333333333333,False,0.33924872,1,20_linkedin_4404031827,20,linkedin_4404031827
5,9,0,5,0.0,9,1,0.1111111111111111,0.1111111111111111,0.0,False,0.38593978,1,655_linkedin_4402856190,655,linkedin_4402856190
8,9,0,8,0.0,8,0,0.0,0.0,0.0,False,0.3816423,1,689_linkedin_4406232498,689,linkedin_4406232498
8,9,1,7,0.0,18,5,0.2777777777777778,0.5555555555555556,0.0,False,0.4269794,1,693_linkedin_4403914807,693,linkedin_4403914807
14,10,0,14,0.0,18,2,0.1111111111111111,0.2,0.0,False,0.60541075,1,47_linkedin_4405983499,47,linkedin_4405983499
1,6,5,-4,0.33333333333333337,27,2,0.07407407407407407,0.3333333333333333,0.6666666666666666,False,0.51578516,1,145_linkedin_4393403439,145,linkedin_4393403439
2,7,2,0,1.0,4,0,0.0,0.0,1.0,False,0.5778651,1,283_linkedin_4399266480,283,linkedin_4399266480
7,9,1,6,0.0,25,4,0.16,0.4444444444444444,0.0,False,0.48164746,1,134_linkedin_4302530492,134,linkedin_4302530492
5,8,5,0,1.0,18,2,0.1111111111111111,0.25,0.6666666666666666,False,0.6487682,1,35_linkedin_4399022535,35,linkedin_4399022535
1,6,0,1,0.0,3,1,0.3333333333333333,0.16666666666666666,1.0,False,0.60514027,1,97_linkedin_4268599389,97,linkedin_4268599389
5,9,0,5,0.0,18,1,0.05555555555555555,0.1111111111111111,0.0,False,0.17219862,1,646_linkedin_4402212721,646,linkedin_4402212721
5,6,0,5,0.0,23,2,0.08695652173913043,0.3333333333333333,0.25,False,0.1941615,1,258_linkedin_4393568544,258,linkedin_4393568544
5,5,2,3,0.0,18,3,0.16666666666666666,0.6,0.6666666666666666,False,0.54990804,1,716_linkedin_4398117524,716,linkedin_4398117524
4,8,5,-1,0.8333333333333334,27,3,0.1111111111111111,0.375,0.0,False,0.46780536,1,10_linkedin_4406520776,10,linkedin_4406520776
5,9,5,0,1.0,17,4,0.23529411764705882,0.4444444444444444,0.0,False,0.46667245,1,840_linkedin_4381834372,840,linkedin_4381834372
8,9,0,8,0.0,29,7,0.2413793103448276,0.7777777777777778,0.3333333333333333,False,0.55902374,1,693_linkedin_4320901783,693,linkedin_4320901783
5,8,2,3,0.0,19,5,0.2631578947368421,0.625,1.0,False,0.7218956,1,131_linkedin_4399218658,131,linkedin_4399218658
3,9,2,1,0.6666666666666667,22,4,0.18181818181818182,0.4444444444444444,0.0,False,0.57248604,1,836_linkedin_4408769564,836,linkedin_4408769564
5,8,0,5,0.0,6,0,0.0,0.0,0.25,False,0.44770375,1,582_linkedin_4372115927,582,linkedin_4372115927
8,9,0,8,0.0,7,1,0.14285714285714285,0.1111111111111111,0.0,False,0.61109805,1,666_linkedin_4392106338,666,linkedin_4392106338
1,6,5,-4,0.33333333333333337,16,4,0.25,0.6666666666666666,1.0,False,0.65257424,1,25_linkedin_4405344110,25,linkedin_4405344110
2,5,2,0,1.0,15,1,0.06666666666666667,0.2,0.0,False,0.44796747,1,4_linkedin_4400713744,4,linkedin_4400713744
5,9,0,5,0.0,12,7,0.5833333333333334,0.7777777777777778,0.3333333333333333,False,0.68435,1,710_linkedin_4408771202,710,linkedin_4408771202
5,9,8,-3,0.6666666666666667,16,2,0.125,0.2222222222222222,0.4,False,0.65115255,1,814_linkedin_4403389903,814,linkedin_4403389903
8,9,0,8,0.0,15,1,0.06666666666666667,0.1111111111111111,0.0,False,0.31413946,1,707_linkedin_4108939219,707,linkedin_4108939219
12,7,0,12,0.0,13,1,0.07692307692307693,0.14285714285714285,0.25,False,0.32584885,1,520_linkedin_4399398705,520,linkedin_4399398705
5,7,0,5,0.0,19,5,0.2631578947368421,0.7142857142857143,0.5,False,0.42338586,1,688_linkedin_4404120063,688,linkedin_4404120063
3,8,0,3,0.0,14,2,0.14285714285714285,0.25,0.1111111111111111,False,0.40441525,1,179_linkedin_4385735405,179,linkedin_4385735405
9,9,5,4,0.33333333333333337,20,3,0.15,0.3333333333333333,0.5,False,0.5107993,1,159_linkedin_4405501317,159,linkedin_4405501317
5,3,5,0,1.0,17,2,0.11764705882352941,0.6666666666666666,0.4,False,0.3755752,1,756_linkedin_4395339212,756,linkedin_4395339212
5,9,5,0,1.0,9,4,0.4444444444444444,0.4444444444444444,0.0,False,0.59865284,1,794_linkedin_4406555146,794,linkedin_4406555146
4,7,8,-4,0.5555555555555556,6,1,0.16666666666666666,0.14285714285714285,0.3333333333333333,False,0.54739404,1,225_linkedin_4376723728,225,linkedin_4376723728
12,10,1,11,0.0,15,7,0.4666666666666667,0.7,1.0,True,0.7085988,1,118_linkedin_4407008767,118,linkedin_4407008767
5,2,0,5,0.0,12,1,0.08333333333333333,0.5,0.3333333333333333,False,0.4858118,1,753_linkedin_4370185837,753,linkedin_4370185837
5,6,0,5,0.0,13,2,0.15384615384615385,0.3333333333333333,0.25,False,0.3694331,1,672_linkedin_4399398705,672,linkedin_4399398705
8,9,2,6,0.0,18,6,0.3333333333333333,0.6666666666666666,0.3333333333333333,False,0.5750675,1,37_linkedin_4400710740,37,linkedin_4400710740
5,8,0,5,0.0,34,5,0.14705882352941177,0.625,0.3333333333333333,False,0.39224508,1,35_linkedin_4405267720,35,linkedin_4405267720
5,2,5,0,1.0,11,0,0.0,0.0,1.0,False,0.6266141,1,823_linkedin_4395278655,823,linkedin_4395278655
9,9,0,9,0.0,13,1,0.07692307692307693,0.1111111111111111,0.25,False,0.42491075,1,113_linkedin_4399398705,113,linkedin_4399398705
2,5,0,2,0.0,2,0,0.0,0.0,0.0,False,0.34801167,1,124_linkedin_4399844015,124,linkedin_4399844015
8,9,1,7,0.0,30,6,0.2,0.6666666666666666,0.0,False,0.5062738,1,665_linkedin_4337673695,665,linkedin_4337673695
5,4,0,5,0.0,17,2,0.11764705882352941,0.5,0.2,False,0.5072252,1,717_linkedin_4403568041,717,linkedin_4403568041
5,9,8,-3,0.6666666666666667,12,5,0.4166666666666667,0.5555555555555556,0.0,False,0.53949,1,711_linkedin_4312697868,711,linkedin_4312697868
5,6,2,3,0.0,21,5,0.23809523809523808,0.8333333333333334,0.5,False,0.7173478,1,672_linkedin_4386963753,672,linkedin_4386963753
2,6,0,2,0.0,18,4,0.2222222222222222,0.6666666666666666,0.0,False,0.6668656,1,28_linkedin_4374021878,28,linkedin_4374021878
2,5,2,0,1.0,18,2,0.1111111111111111,0.4,1.0,False,0.53270763,1,4_linkedin_4407423993,4,linkedin_4407423993
3,4,5,-2,0.6666666666666667,25,3,0.12,0.75,0.25,False,0.55015093,1,824_linkedin_4408217125,824,linkedin_4408217125
5,7,0,5,0.0,6,0,0.0,0.0,0.25,False,0.41827708,1,226_linkedin_4372115927,226,linkedin_4372115927
2,6,0,2,0.0,15,2,0.13333333333333333,0.3333333333333333,0.0,False,0.3794474,1,176_linkedin_4383643765,176,linkedin_4383643765
5,9,5,0,1.0,9,1,0.1111111111111111,0.1111111111111111,0.5,False,0.45895946,1,703_linkedin_4402821106,703,linkedin_4402821106
4,8,0,4,0.0,19,1,0.05263157894736842,0.125,0.5,False,0.38063037,1,84_linkedin_4404112449,84,linkedin_4404112449
4,6,5,-1,0.8333333333333334,16,2,0.125,0.3333333333333333,0.0,False,0.66511124,1,521_linkedin_4397776930,521,linkedin_4397776930
5,9,0,5,0.0,27,6,0.2222222222222222,0.6666666666666666,0.25,False,0.34801197,1,701_linkedin_4378807531,701,linkedin_4378807531
1,6,0,1,0.0,20,3,0.15,0.5,0.5,False,0.6152473,1,527_linkedin_4333176046,527,linkedin_4333176046
2,6,0,2,0.0,19,3,0.15789473684210525,0.5,0.3333333333333333,True,0.4662906,1,530_linkedin_4404068861,530,linkedin_4404068861
2,2,5,-3,0.5,10,1,0.1,0.5,0.0,False,0.30084118,1,751_linkedin_4404163631,751,linkedin_4404163631
9,9,8,1,0.8888888888888888,21,2,0.09523809523809523,0.2222222222222222,0.2,False,0.43238515,1,113_linkedin_4404204086,113,linkedin_4404204086
1,7,0,1,0.0,13,0,0.0,0.0,0.0,False,0.25924507,1,294_linkedin_4403547929,294,linkedin_4403547929
3,7,0,3,0.0,1,0,0.0,0.0,0.25,False,0.434089,1,183_linkedin_4395947827,183,linkedin_4395947827
3,9,0,3,0.0,10,2,0.2,0.2222222222222222,0.0,False,0.27842358,1,832_linkedin_4402813693,832,linkedin_4402813693
4,6,0,4,0.0,8,0,0.0,0.0,0.25,False,0.60273695,1,603_linkedin_4397375613,603,linkedin_4397375613
14,9,1,13,0.0,8,1,0.125,0.1111111111111111,0.0,False,0.3911672,1,164_linkedin_4397516964,164,linkedin_4397516964
4,8,0,4,0.0,21,1,0.047619047619047616,0.125,0.25,False,0.5013595,1,154_linkedin_4373586373,154,linkedin_4373586373
1,6,5,-4,0.33333333333333337,11,2,0.18181818181818182,0.3333333333333333,0.16666666666666666,False,0.4917704,1,149_linkedin_4402689396,149,linkedin_4402689396
1,5,0,1,0.0,22,1,0.045454545454545456,0.2,0.0,False,0.4002804,1,175_linkedin_4397785570,175,linkedin_4397785570
4,8,5,-1,0.8333333333333334,11,1,0.09090909090909091,0.125,1.0,False,0.59937274,1,82_linkedin_4375585139,82,linkedin_4375585139
8,9,0,8,0.0,11,5,0.45454545454545453,0.5555555555555556,0.0,False,0.4448422,1,690_linkedin_4340315193,690,linkedin_4340315193
1,7,5,-4,0.33333333333333337,24,3,0.125,0.42857142857142855,0.5,False,0.6210872,1,548_linkedin_4320968888,548,linkedin_4320968888
5,9,5,0,1.0,31,3,0.0967741935483871,0.3333333333333333,0.5,False,0.44864795,1,742_linkedin_4406524897,742,linkedin_4406524897
5,9,0,5,0.0,9,1,0.1111111111111111,0.1111111111111111,0.5,False,0.38397592,1,840_linkedin_4405434487,840,linkedin_4405434487
15,7,2,13,0.0,11,0,0.0,0.0,0.0,False,0.3862151,1,573_linkedin_4404531795,573,linkedin_4404531795
5,8,5,0,1.0,11,2,0.18181818181818182,0.25,0.3333333333333333,False,0.42478362,1,152_linkedin_4402689396,152,linkedin_4402689396
3,8,2,1,0.6666666666666667,17,3,0.17647058823529413,0.375,0.0,False,0.29151243,1,827_linkedin_4382404477,827,linkedin_4382404477
5,6,5,0,1.0,6,1,0.16666666666666666,0.16666666666666666,0.0,False,0.40673426,1,258_linkedin_4403924844,258,linkedin_4403924844
4,8,2,2,0.33333333333333337,19,2,0.10526315789473684,0.25,0.0,False,0.47774237,1,7_linkedin_4406704967,7,linkedin_4406704967
5,9,2,3,0.0,19,4,0.21052631578947367,0.4444444444444444,0.0,False,0.6317168,1,794_linkedin_4352604064,794,linkedin_4352604064
9,9,0,9,0.0,19,4,0.21052631578947367,0.4444444444444444,0.0,False,0.63997996,1,42_linkedin_4358452670,42,linkedin_4358452670
9,9,1,8,0.0,15,5,0.3333333333333333,0.5555555555555556,0.5,True,0.6133554,1,113_linkedin_4407008767,113,linkedin_4407008767
5,2,0,5,0.0,28,2,0.07142857142857142,1.0,0.4,True,0.6036492,1,734_linkedin_4393065011,734,linkedin_4393065011
3,8,5,-2,0.6666666666666667,27,3,0.1111111111111111,0.375,0.0,False,0.22496775,1,33_linkedin_4400454837,33,linkedin_4400454837
2,5,5,-3,0.5,25,2,0.08,0.4,0.0,False,0.6087193,1,170_linkedin_4403919826,170,linkedin_4403919826
13,10,0,13,0.0,20,3,0.15,0.3,1.0,False,0.60491484,1,43_linkedin_4339855966,43,linkedin_4339855966
7,7,5,2,0.6666666666666667,7,2,0.2857142857142857,0.2857142857142857,0.0,False,0.54144865,1,259_linkedin_4407832469,259,linkedin_4407832469
10,4,0,10,0.0,11,1,0.09090909090909091,0.25,0.0,False,0.36198828,1,760_linkedin_4379575660,760,linkedin_4379575660
9,9,0,9,0.0,20,3,0.15,0.3333333333333333,0.0,False,0.6681009,1,39_linkedin_4397166999,39,linkedin_4397166999
5,2,5,0,1.0,10,0,0.0,0.0,1.0,False,0.54925734,1,823_linkedin_4404058455,823,linkedin_4404058455
5,7,5,0,1.0,17,3,0.17647058823529413,0.42857142857142855,0.5,False,0.42153755,1,266_linkedin_4350643158,266,linkedin_4350643158
12,10,0,12,0.0,20,3,0.15,0.3,0.6666666666666666,False,0.67059815,1,48_linkedin_4299509147,48,linkedin_4299509147
3,8,5,-2,0.6666666666666667,8,2,0.25,0.25,0.0,False,0.63590944,1,33_linkedin_4306117463,33,linkedin_4306117463
3,8,5,-2,0.6666666666666667,18,1,0.05555555555555555,0.125,0.5,False,0.46086997,1,153_linkedin_4401904227,153,linkedin_4401904227
3,7,2,1,0.6666666666666667,23,2,0.08695652173913043,0.2857142857142857,0.0,False,0.4411425,1,183_linkedin_4407309760,183,linkedin_4407309760
3,4,0,3,0.0,13,1,0.07692307692307693,0.25,0.25,False,0.3308496,1,824_linkedin_4381102989,824,linkedin_4381102989
5,9,5,0,1.0,16,2,0.125,0.2222222222222222,0.5,False,0.6327771,1,814_linkedin_4393458442,814,linkedin_4393458442
9,9,0,9,0.0,22,2,0.09090909090909091,0.2222222222222222,0.5,True,0.35525095,1,42_linkedin_4379621296,42,linkedin_4379621296
14,10,0,14,0.0,16,3,0.1875,0.3,0.0,False,0.49612054,1,119_linkedin_4399674294,119,linkedin_4399674294
5,6,0,5,0.0,14,2,0.14285714285714285,0.3333333333333333,0.0,False,0.4908535,1,258_linkedin_4401751740,258,linkedin_4401751740
5,2,2,3,0.0,19,1,0.05263157894736842,0.5,0.0,False,0.33117086,1,735_linkedin_4382364621,735,linkedin_4382364621
4,7,0,4,0.0,1,0,0.0,0.0,1.0,False,0.57267123,1,559_linkedin_4407538348,559,linkedin_4407538348
6,7,0,6,0.0,12,1,0.08333333333333333,0.14285714285714285,0.25,False,0.43865973,1,567_linkedin_4404205315,567,linkedin_4404205315
5,8,5,0,1.0,16,2,0.125,0.25,0.3333333333333333,False,0.39903408,1,177_linkedin_4405959816,177,linkedin_4405959816
5,9,0,5,0.0,16,4,0.25,0.4444444444444444,0.0,False,0.5503541,1,668_linkedin_4399674294,668,linkedin_4399674294
8,6,0,8,0.0,1,0,0.0,0.0,0.0,False,0.35702902,1,620_linkedin_4403793546,620,linkedin_4403793546
5,4,10,-5,0.5454545454545454,4,1,0.25,0.25,0.0,False,0.21661107,1,758_linkedin_4320449344,758,linkedin_4320449344
1,6,0,1,0.0,1,0,0.0,0.0,0.25,False,0.405808,1,243_linkedin_4395947827,243,linkedin_4395947827
7,6,0,7,0.0,4,0,0.0,0.0,0.14285714285714285,False,0.45432442,1,613_linkedin_4390682886,613,linkedin_4390682886
9,9,2,7,0.0,15,3,0.2,0.3333333333333333,0.3333333333333333,False,0.5436012,1,110_linkedin_4399877263,110,linkedin_4399877263
13,9,2,11,0.0,27,4,0.14814814814814814,0.4444444444444444,0.5,True,0.48580635,1,142_linkedin_4404906644,142,linkedin_4404906644
12,10,0,12,0.0,22,7,0.3181818181818182,0.7,0.3333333333333333,False,0.41422856,1,118_linkedin_4394794404,118,linkedin_4394794404
14,10,0,14,0.0,14,4,0.2857142857142857,0.4,0.0,False,0.2890315,1,119_linkedin_4367948022,119,linkedin_4367948022
8,9,5,3,0.5,15,3,0.2,0.3333333333333333,0.0,False,0.4435976,1,109_linkedin_4394234505,109,linkedin_4394234505
3,8,2,1,0.6666666666666667,15,1,0.06666666666666667,0.125,0.25,False,0.4331039,1,12_linkedin_4400713744,12,linkedin_4400713744
7,9,2,5,0.0,15,1,0.06666666666666667,0.1111111111111111,0.1,False,0.44051853,1,187_linkedin_4405617737,187,linkedin_4405617737
5,7,2,3,0.0,18,4,0.2222222222222222,0.5714285714285714,0.0,False,0.28560925,1,670_linkedin_4381572042,670,linkedin_4381572042
14,10,0,14,0.0,24,8,0.3333333333333333,0.8,0.0,False,0.7068253,1,119_linkedin_4394414906,119,linkedin_4394414906
5,6,5,0,1.0,11,1,0.09090909090909091,0.16666666666666666,0.0,False,0.4422477,1,258_linkedin_4384022996,258,linkedin_4384022996
9,9,0,9,0.0,22,3,0.13636363636363635,0.3333333333333333,0.0,False,0.5139156,1,39_linkedin_4404833122,39,linkedin_4404833122
8,4,5,3,0.5,18,1,0.05555555555555555,0.25,0.25,False,0.5117676,1,754_linkedin_4401904227,754,linkedin_4401904227
8,2,8,0,1.0,33,2,0.06060606060606061,1.0,0.0,False,0.47514525,1,736_linkedin_4251125151,736,linkedin_4251125151
2,7,2,0,1.0,24,2,0.08333333333333333,0.2857142857142857,0.0,False,0.38597462,1,594_linkedin_4405632305,594,linkedin_4405632305
4,9,5,-1,0.8333333333333334,15,2,0.13333333333333333,0.2222222222222222,0.3333333333333333,False,0.5487828,1,816_linkedin_4400426797,816,linkedin_4400426797
13,8,5,8,0.0,9,1,0.1111111111111111,0.125,0.0,False,0.49335182,1,194_linkedin_4346702156,194,linkedin_4346702156
4,7,5,-1,0.8333333333333334,6,1,0.16666666666666666,0.14285714285714285,0.0,False,0.6295052,1,589_linkedin_4351132338,589,linkedin_4351132338
2,5,5,-3,0.5,27,2,0.07407407407407407,0.4,0.0,False,0.44140506,1,170_linkedin_4385280427,170,linkedin_4385280427
3,9,0,3,0.0,16,3,0.1875,0.3333333333333333,0.125,False,0.31732932,1,811_linkedin_4378954198,811,linkedin_4378954198
5,9,2,3,0.0,10,1,0.1,0.1111111111111111,0.2,False,0.47748443,1,695_linkedin_4406268742,695,linkedin_4406268742
4,8,2,2,0.33333333333333337,23,6,0.2608695652173913,0.75,0.16666666666666666,False,0.46032447,1,10_linkedin_4382272487,10,linkedin_4382272487
10,9,0,10,0.0,22,6,0.2727272727272727,0.6666666666666666,0.0,False,0.62628067,1,114_linkedin_4405890119,114,linkedin_4405890119
7,9,0,7,0.0,16,1,0.0625,0.1111111111111111,0.3333333333333333,False,0.3998982,1,187_linkedin_4359292403,187,linkedin_4359292403
8,9,0,8,0.0,23,5,0.21739130434782608,0.5555555555555556,0.0,False,0.6498068,1,667_linkedin_4184421556,667,linkedin_4184421556
3,8,5,-2,0.6666666666666667,10,1,0.1,0.125,0.5,False,0.4490683,1,153_linkedin_4404058455,153,linkedin_4404058455
13,10,8,5,0.4444444444444444,14,2,0.14285714285714285,0.2,0.14285714285714285,False,0.4179491,1,91_linkedin_4392456150,91,linkedin_4392456150
10,7,0,10,0.0,3,0,0.0,0.0,0.0,False,0.3943973,1,245_linkedin_4408243480,245,linkedin_4408243480
3,9,5,-2,0.6666666666666667,8,2,0.25,0.2222222222222222,1.0,False,0.57203037,1,684_linkedin_4401460038,684,linkedin_4401460038
5,5,2,3,0.0,18,2,0.1111111111111111,0.4,0.6666666666666666,False,0.547284,1,718_linkedin_4398117524,718,linkedin_4398117524
5,9,8,-3,0.6666666666666667,19,3,0.15789473684210525,0.3333333333333333,0.0,False,0.4506869,1,673_linkedin_4395484658,673,linkedin_4395484658
4,8,2,2,0.33333333333333337,21,5,0.23809523809523808,0.625,1.0,False,0.73154473,1,106_linkedin_4386963753,106,linkedin_4386963753
5,5,2,3,0.0,17,1,0.058823529411764705,0.2,0.0,False,0.20323439,1,716_linkedin_4399515674,716,linkedin_4399515674
2,6,0,2,0.0,17,3,0.17647058823529413,0.5,0.0,False,0.47138348,1,263_linkedin_4392183467,263,linkedin_4392183467
5,9,8,-3,0.6666666666666667,19,5,0.2631578947368421,0.5555555555555556,0.0,True,0.47759026,1,700_linkedin_4310147892,700,linkedin_4310147892
5,6,0,5,0.0,6,1,0.16666666666666666,0.16666666666666666,0.0,False,0.348678,1,804_linkedin_4377834512,804,linkedin_4377834512
4,8,5,-1,0.8333333333333334,19,3,0.15789473684210525,0.375,0.0,False,0.52458054,1,178_linkedin_4385010691,178,linkedin_4385010691
2,6,8,-6,0.33333333333333337,5,1,0.2,0.16666666666666666,0.0,False,0.50600636,1,248_linkedin_4403911168,248,linkedin_4403911168
9,9,2,7,0.0,14,2,0.14285714285714285,0.2222222222222222,0.5,True,0.6458354,1,39_linkedin_4402454825,39,linkedin_4402454825
3,8,1,2,0.0,34,4,0.11764705882352941,0.5,0.0,False,0.59072024,1,12_linkedin_4393298249,12,linkedin_4393298249
3,8,2,1,0.6666666666666667,18,3,0.16666666666666666,0.375,1.0,False,0.7060453,1,9_linkedin_4402454790,9,linkedin_4402454790
3,9,5,-2,0.6666666666666667,14,1,0.07142857142857142,0.1111111111111111,0.0,False,0.19173642,1,777_linkedin_4406076146,777,linkedin_4406076146
4,9,5,-1,0.8333333333333334,13,3,0.23076923076923078,0.3333333333333333,0.6666666666666666,False,0.5723236,1,813_linkedin_4398170878,813,linkedin_4398170878
1,6,0,1,0.0,5,1,0.2,0.16666666666666666,0.25,False,0.46830842,1,169_linkedin_4335981820,169,linkedin_4335981820
12,7,8,4,0.5555555555555556,26,2,0.07692307692307693,0.2857142857142857,0.1,False,0.2614572,1,520_linkedin_4299757996,520,linkedin_4299757996
8,10,5,3,0.5,27,2,0.07407407407407407,0.2,0.5,False,0.43374565,1,85_linkedin_4393034116,85,linkedin_4393034116
8,9,8,0,1.0,24,8,0.3333333333333333,0.8888888888888888,0.0,False,0.44383013,1,665_linkedin_4404804267,665,linkedin_4404804267
5,6,0,5,0.0,6,1,0.16666666666666666,0.16666666666666666,0.0,False,0.36708042,1,803_linkedin_4304102661,803,linkedin_4304102661
5,7,0,5,0.0,13,2,0.15384615384615385,0.2857142857142857,0.5,False,0.5503642,1,687_linkedin_4407346462,687,linkedin_4407346462
9,7,8,1,0.8888888888888888,5,1,0.2,0.14285714285714285,0.0,False,0.6113713,1,591_linkedin_4403911168,591,linkedin_4403911168
11,8,2,9,0.0,15,2,0.13333333333333333,0.25,1.0,False,0.6709016,1,537_linkedin_4395864397,537,linkedin_4395864397
4,8,0,4,0.0,19,3,0.15789473684210525,0.375,0.0,False,0.39379922,1,103_linkedin_4377262297,103,linkedin_4377262297
3,8,0,3,0.0,19,4,0.21052631578947367,0.5,0.5,False,0.55146354,1,105_linkedin_4339426392,105,linkedin_4339426392
9,9,2,7,0.0,18,3,0.16666666666666666,0.3333333333333333,0.0,False,0.31756407,1,110_linkedin_4381572042,110,linkedin_4381572042
15,10,0,15,0.0,18,7,0.3888888888888889,0.7,0.0,False,0.4179125,1,117_linkedin_4366034926,117,linkedin_4366034926
5,8,0,5,0.0,15,3,0.2,0.375,0.0,False,0.4508189,1,8_linkedin_4340115756,8,linkedin_4340115756
2,7,5,-3,0.5,17,3,0.17647058823529413,0.42857142857142855,0.0,False,0.30479297,1,594_linkedin_4398728296,594,linkedin_4398728296
1,5,8,-7,0.2222222222222222,16,3,0.1875,0.6,0.2,False,0.7235856,1,1_linkedin_4372065996,1,linkedin_4372065996
8,9,5,3,0.5,31,4,0.12903225806451613,0.4444444444444444,0.5,False,0.42136335,1,88_linkedin_4406524897,88,linkedin_4406524897
10,7,2,8,0.0,6,0,0.0,0.0,0.4,False,0.4774771,1,216_linkedin_4401017570,216,linkedin_4401017570
1,5,5,-4,0.33333333333333337,17,1,0.058823529411764705,0.2,0.0,False,0.35379487,1,171_linkedin_4398728296,171,linkedin_4398728296
3,2,8,-5,0.4444444444444444,14,1,0.07142857142857142,0.5,0.3333333333333333,False,0.4633044,1,825_linkedin_4404848992,825,linkedin_4404848992
5,6,2,3,0.0,6,1,0.16666666666666666,0.16666666666666666,0.0,False,0.4861699,1,517_linkedin_4306119436,517,linkedin_4306119436
7,9,5,2,0.6666666666666667,12,3,0.25,0.3333333333333333,1.0,False,0.48880112,1,187_linkedin_4399551403,187,linkedin_4399551403
14,10,5,9,0.0,18,1,0.05555555555555555,0.1,0.6666666666666666,False,0.53576314,1,92_linkedin_4406294375,92,linkedin_4406294375
5,9,5,0,1.0,18,4,0.2222222222222222,0.4444444444444444,0.0,False,0.60457957,1,796_linkedin_4403501171,796,linkedin_4403501171
9,9,0,9,0.0,21,1,0.047619047619047616,0.1111111111111111,0.5,False,0.5599472,1,162_linkedin_4373586373,162,linkedin_4373586373
1,6,0,1,0.0,20,2,0.1,0.3333333333333333,0.0,False,0.70090055,1,27_linkedin_4397166999,27,linkedin_4397166999
5,9,0,5,0.0,30,7,0.23333333333333334,0.7777777777777778,0.0,False,0.643293,1,796_linkedin_4399676095,796,linkedin_4399676095
5,9,0,5,0.0,11,2,0.18181818181818182,0.2222222222222222,0.14285714285714285,False,0.46758807,1,710_linkedin_4332452391,710,linkedin_4332452391
7,7,5,2,0.6666666666666667,21,1,0.047619047619047616,0.14285714285714285,0.2,False,0.48277438,1,272_linkedin_4401877282,272,linkedin_4401877282
2,8,5,-3,0.5,2,0,0.0,0.0,0.6666666666666666,False,0.3222621,1,558_linkedin_4406853691,558,linkedin_4406853691
5,6,8,-3,0.6666666666666667,5,0,0.0,0.0,0.0,False,0.46433496,1,258_linkedin_4403911168,258,linkedin_4403911168
8,7,8,0,1.0,5,1,0.2,0.14285714285714285,0.2,False,0.58618236,1,599_linkedin_4403911168,599,linkedin_4403911168
5,9,0,5,0.0,8,1,0.125,0.1111111111111111,0.0,False,0.577998,1,837_linkedin_4406231599,837,linkedin_4406231599
5,5,2,3,0.0,20,4,0.2,0.8,1.0,False,0.47770184,1,716_linkedin_4402764074,716,linkedin_4402764074
5,3,0,5,0.0,16,2,0.125,0.6666666666666666,0.3333333333333333,False,0.43344,1,714_linkedin_4403380313,714,linkedin_4403380313
7,9,5,2,0.6666666666666667,8,2,0.25,0.2222222222222222,0.0,False,0.5590672,1,89_linkedin_4401460038,89,linkedin_4401460038
5,5,5,0,1.0,19,3,0.15789473684210525,0.6,0.1111111111111111,False,0.46883905,1,716_linkedin_4405175053,716,linkedin_4405175053
1,6,0,1,0.0,11,1,0.09090909090909091,0.16666666666666666,0.0,False,0.42116323,1,169_linkedin_4312287223,169,linkedin_4312287223
3,7,5,-2,0.6666666666666667,12,1,0.08333333333333333,0.14285714285714285,0.5,False,0.61040485,1,806_linkedin_4287154113,806,linkedin_4287154113
10,9,8,2,0.7777777777777778,18,4,0.2222222222222222,0.4444444444444444,0.3333333333333333,False,0.55364954,1,15_linkedin_4393500974,15,linkedin_4393500974
11,8,0,11,0.0,18,3,0.16666666666666666,0.375,0.0,False,0.594481,1,531_linkedin_4405983499,531,linkedin_4405983499
10,6,5,5,0.16666666666666663,15,0,0.0,0.0,0.25,False,0.3577791,1,609_linkedin_4405828129,609,linkedin_4405828129
5,9,5,0,1.0,12,1,0.08333333333333333,0.1111111111111111,0.5,False,0.5280883,1,818_linkedin_4401605319,818,linkedin_4401605319
5,9,0,5,0.0,7,1,0.14285714285714285,0.1111111111111111,0.5,False,0.64922875,1,669_linkedin_4392106338,669,linkedin_4392106338
3,8,0,3,0.0,21,2,0.09523809523809523,0.25,0.5,False,0.62721956,1,809_linkedin_4344535529,809,linkedin_4344535529
8,9,0,8,0.0,7,3,0.42857142857142855,0.3333333333333333,0.5,True,0.48553225,1,112_linkedin_3960447846,112,linkedin_3960447846
10,4,2,8,0.0,22,3,0.13636363636363635,0.75,0.0,False,0.41823012,1,760_linkedin_4354612519,760,linkedin_4354612519
2,5,5,-3,0.5,21,2,0.09523809523809523,0.4,0.25,False,0.46591774,1,2_linkedin_4406465454,2,linkedin_4406465454
8,9,0,8,0.0,26,3,0.11538461538461539,0.3333333333333333,0.16666666666666666,False,0.49881247,1,157_linkedin_4405160990,157,linkedin_4405160990
14,10,0,14,0.0,28,4,0.14285714285714285,0.4,0.0,True,0.5318797,1,24_linkedin_4386980027,24,linkedin_4386980027
5,8,1,4,0.0,14,2,0.14285714285714285,0.25,0.0,False,0.66067255,1,11_linkedin_4375196690,11,linkedin_4375196690
8,9,5,3,0.5,8,1,0.125,0.1111111111111111,0.0,False,0.5640887,1,138_linkedin_4306112553,138,linkedin_4306112553
5,5,2,3,0.0,16,2,0.125,0.4,0.0,False,0.58427656,1,718_linkedin_4405354092,718,linkedin_4405354092
5,8,0,5,0.0,21,4,0.19047619047619047,0.5,0.25,False,0.41988903,1,8_linkedin_4380226805,8,linkedin_4380226805
1,6,8,-7,0.2222222222222222,21,2,0.09523809523809523,0.3333333333333333,0.2,False,0.36471665,1,169_linkedin_4403942398,169,linkedin_4403942398
8,9,0,8,0.0,22,2,0.09090909090909091,0.2222222222222222,0.6666666666666666,False,0.5789062,1,13_linkedin_4369065716,13,linkedin_4369065716
14,10,2,12,0.0,21,1,0.047619047619047616,0.1,0.3333333333333333,False,0.57311666,1,96_linkedin_4379164271,96,linkedin_4379164271
8,8,8,0,1.0,5,0,0.0,0.0,0.06666666666666667,False,0.5566493,1,186_linkedin_4399728037,186,linkedin_4399728037
5,9,0,5,0.0,11,1,0.09090909090909091,0.1111111111111111,0.5,False,0.5879875,1,749_linkedin_4345037894,749,linkedin_4345037894
3,6,0,3,0.0,12,2,0.16666666666666666,0.3333333333333333,0.0,False,0.41345513,1,605_linkedin_4382075277,605,linkedin_4382075277
4,8,2,2,0.33333333333333337,9,2,0.2222222222222222,0.25,0.5,False,0.47013074,1,130_linkedin_4404033801,130,linkedin_4404033801
15,10,2,13,0.0,12,1,0.08333333333333333,0.1,0.0,False,0.28500375,1,117_linkedin_4302730124,117,linkedin_4302730124
8,9,0,8,0.0,13,2,0.15384615384615385,0.2222222222222222,0.25,False,0.6217316,1,666_linkedin_4381678471,666,linkedin_4381678471
5,4,5,0,1.0,17,2,0.11764705882352941,0.5,0.0,False,0.41330194,1,717_linkedin_4362545210,717,linkedin_4362545210
12,9,2,10,0.0,13,1,0.07692307692307693,0.1111111111111111,0.5,False,0.5062835,1,141_linkedin_4382400116,141,linkedin_4382400116
5,9,2,3,0.0,16,4,0.25,0.4444444444444444,0.0,False,0.57934755,1,837_linkedin_4394682708,837,linkedin_4394682708
5,9,0,5,0.0,23,6,0.2608695652173913,0.6666666666666666,0.0,False,0.6853834,1,838_linkedin_4344958753,838,linkedin_4344958753
5,9,2,3,0.0,29,2,0.06896551724137931,0.2222222222222222,0.0,False,0.55269367,1,702_linkedin_4406634415,702,linkedin_4406634415
5,8,1,4,0.0,25,5,0.2,0.625,1.0,False,0.6433535,1,131_linkedin_4302530492,131,linkedin_4302530492
8,9,1,7,0.0,11,1,0.09090909090909091,0.1111111111111111,0.0,False,0.5121257,1,667_linkedin_4395254314,667,linkedin_4395254314
1,6,8,-7,0.2222222222222222,5,0,0.0,0.0,0.0,False,0.45889494,1,252_linkedin_4403911168,252,linkedin_4403911168
8,9,0,8,0.0,13,2,0.15384615384615385,0.2222222222222222,0.0,False,0.3573039,1,665_linkedin_4399398705,665,linkedin_4399398705
7,7,0,7,0.0,36,6,0.16666666666666666,0.8571428571428571,0.5,False,0.50559986,1,560_linkedin_4397994905,560,linkedin_4397994905
1,6,0,1,0.0,19,3,0.15789473684210525,0.5,0.6666666666666666,False,0.6905408,1,73_linkedin_4386978200,73,linkedin_4386978200
5,9,5,0,1.0,10,3,0.3,0.3333333333333333,0.16666666666666666,False,0.63116217,1,750_linkedin_4406549895,750,linkedin_4406549895
5,2,8,-3,0.6666666666666667,23,2,0.08695652173913043,1.0,1.0,False,0.56790715,1,823_linkedin_4395274556,823,linkedin_4395274556
13,10,0,13,0.0,21,3,0.14285714285714285,0.3,0.5,False,0.428963,1,19_linkedin_4380226805,19,linkedin_4380226805
11,8,0,11,0.0,20,3,0.15,0.375,0.5,False,0.64269495,1,531_linkedin_4339855966,531,linkedin_4339855966
3,9,0,3,0.0,16,3,0.1875,0.3333333333333333,0.0,False,0.5154925,1,836_linkedin_4397629654,836,linkedin_4397629654
11,7,0,11,0.0,3,0,0.0,0.0,0.6666666666666666,False,0.66320854,1,208_linkedin_4393558603,208,linkedin_4393558603
15,9,5,10,0.0,9,2,0.2222222222222222,0.2222222222222222,0.5,False,0.55800885,1,195_linkedin_4372603764,195,linkedin_4372603764
5,9,0,5,0.0,16,5,0.3125,0.5555555555555556,0.0,False,0.5578288,1,839_linkedin_4397629654,839,linkedin_4397629654
14,10,0,14,0.0,12,1,0.08333333333333333,0.1,0.0,False,0.39318094,1,92_linkedin_4371039081,92,linkedin_4371039081
7,7,0,7,0.0,4,0,0.0,0.0,0.75,False,0.64347243,1,207_linkedin_4396676044,207,linkedin_4396676044
4,6,0,4,0.0,7,3,0.42857142857142855,0.5,0.0,False,0.59430236,1,521_linkedin_4200567634,521,linkedin_4200567634
2,7,0,2,0.0,11,1,0.09090909090909091,0.14285714285714285,0.0,False,0.5241654,1,594_linkedin_4404745415,594,linkedin_4404745415
5,9,2,3,0.0,13,3,0.23076923076923078,0.3333333333333333,0.25,True,0.389248,1,748_linkedin_4398838741,748,linkedin_4398838741
5,2,0,5,0.0,22,1,0.045454545454545456,0.5,0.0,False,0.4203622,1,734_linkedin_4406572326,734,linkedin_4406572326
8,9,0,8,0.0,4,0,0.0,0.0,0.0,False,0.25341967,1,64_linkedin_4376178460,64,linkedin_4376178460
4,8,5,-1,0.8333333333333334,18,1,0.05555555555555555,0.125,0.3333333333333333,False,0.46401754,1,84_linkedin_4406294375,84,linkedin_4406294375
2,7,0,2,0.0,3,0,0.0,0.0,0.0,False,0.27936363,1,584_linkedin_4408243480,584,linkedin_4408243480
2,7,2,0,1.0,6,0,0.0,0.0,0.2,False,0.573796,1,594_linkedin_4402902987,594,linkedin_4402902987
5,9,2,3,0.0,12,2,0.16666666666666666,0.2222222222222222,1.0,False,0.6130412,1,749_linkedin_4400770769,749,linkedin_4400770769
12,10,0,12,0.0,22,3,0.13636363636363635,0.3,0.6666666666666666,False,0.5818206,1,22_linkedin_4369065716,22,linkedin_4369065716
4,8,0,4,0.0,13,3,0.23076923076923078,0.375,0.0,False,0.579158,1,543_linkedin_4393572024,543,linkedin_4393572024
13,10,0,13,0.0,7,0,0.0,0.0,0.3333333333333333,False,0.44947386,1,19_linkedin_4405748233,19,linkedin_4405748233
5,9,0,5,0.0,21,4,0.19047619047619047,0.4444444444444444,0.0,False,0.6693689,1,837_linkedin_4265888305,837,linkedin_4265888305
5,8,1,4,0.0,2,0,0.0,0.0,0.5,False,0.4860351,1,32_linkedin_4373581271,32,linkedin_4373581271
8,7,0,8,0.0,4,0,0.0,0.0,0.2857142857142857,False,0.42340606,1,287_linkedin_4390682886,287,linkedin_4390682886
1,5,5,-4,0.33333333333333337,27,2,0.07407407407407407,0.4,0.3333333333333333,False,0.5808942,1,175_linkedin_4385280427,175,linkedin_4385280427
3,8,0,3,0.0,21,3,0.14285714285714285,0.375,0.0,False,0.2743618,1,828_linkedin_4370245483,828,linkedin_4370245483
12,10,0,12,0.0,25,4,0.16,0.4,0.0,False,0.5380147,1,22_linkedin_4359245336,22,linkedin_4359245336
7,8,1,6,0.0,10,1,0.1,0.125,0.0,False,0.38857722,1,533_linkedin_4402237300,533,linkedin_4402237300
5,9,2,3,0.0,22,4,0.18181818181818182,0.4444444444444444,0.6666666666666666,False,0.36116824,1,673_linkedin_4384180075,673,linkedin_4384180075
5,8,0,5,0.0,33,4,0.12121212121212122,0.5,0.3333333333333333,False,0.46539748,1,11_linkedin_4398772971,11,linkedin_4398772971
3,7,0,3,0.0,4,0,0.0,0.0,0.14285714285714285,False,0.39277992,1,284_linkedin_4390682886,284,linkedin_4390682886
1,6,5,-4,0.33333333333333337,17,2,0.11764705882352941,0.3333333333333333,0.25,False,0.47637108,1,169_linkedin_4355100899,169,linkedin_4355100899
8,9,8,0,1.0,21,2,0.09523809523809523,0.2222222222222222,0.2,False,0.46362472,1,112_linkedin_4404204086,112,linkedin_4404204086
7,9,8,-1,0.8888888888888888,31,2,0.06451612903225806,0.2222222222222222,0.0,False,0.37314457,1,111_linkedin_4403886522,111,linkedin_4403886522
8,9,0,8,0.0,7,3,0.42857142857142855,0.3333333333333333,0.0,True,0.40261662,1,667_linkedin_3960447846,667,linkedin_3960447846
3,8,2,1,0.6666666666666667,18,5,0.2777777777777778,0.625,0.3333333333333333,False,0.49276534,1,33_linkedin_4400710740,33,linkedin_4400710740
5,9,0,5,0.0,15,3,0.2,0.3333333333333333,0.3333333333333333,False,0.6450244,1,700_linkedin_4404302972,700,linkedin_4404302972
1,5,0,1,0.0,14,2,0.14285714285714285,0.4,0.0,False,0.42332527,1,171_linkedin_4385735405,171,linkedin_4385735405
5,9,2,3,0.0,10,5,0.5,0.5555555555555556,0.0,False,0.42032957,1,750_linkedin_4371387533,750,linkedin_4371387533
1,6,5,-4,0.33333333333333337,27,3,0.1111111111111111,0.5,0.6666666666666666,False,0.22841403,1,29_linkedin_4400454837,29,linkedin_4400454837
3,4,5,-2,0.6666666666666667,12,2,0.16666666666666666,0.5,1.0,False,0.35075352,1,824_linkedin_4403480018,824,linkedin_4403480018
9,9,0,9,0.0,16,1,0.0625,0.1111111111111111,0.6666666666666666,False,0.38856015,1,159_linkedin_4296469734,159,linkedin_4296469734
14,10,0,14,0.0,11,2,0.18181818181818182,0.2,0.0,False,0.2849265,1,20_linkedin_4248785248,20,linkedin_4248785248
9,7,8,1,0.8888888888888888,6,0,0.0,0.0,0.3333333333333333,False,0.54482317,1,222_linkedin_4376731486,222,linkedin_4376731486
5,8,0,5,0.0,6,1,0.16666666666666666,0.125,0.25,False,0.465924,1,177_linkedin_4360984586,177,linkedin_4360984586
5,9,0,5,0.0,11,3,0.2727272727272727,0.3333333333333333,0.0,False,0.43514535,1,673_linkedin_4248783539,673,linkedin_4248783539
5,9,2,3,0.0,18,1,0.05555555555555555,0.1111111111111111,0.0,False,0.3675908,1,725_linkedin_4408268349,725,linkedin_4408268349
8,9,0,8,0.0,28,5,0.17857142857142858,0.5555555555555556,0.25,False,0.54908997,1,188_linkedin_4356700164,188,linkedin_4356700164
5,9,5,0,1.0,31,2,0.06451612903225806,0.2222222222222222,1.0,False,0.4875473,1,814_linkedin_4406524897,814,linkedin_4406524897
5,9,5,0,1.0,13,7,0.5384615384615384,0.7777777777777778,1.0,False,0.7520473,1,709_linkedin_4306114541,709,linkedin_4306114541
4,8,2,2,0.33333333333333337,15,5,0.3333333333333333,0.625,0.3333333333333333,False,0.638087,1,106_linkedin_4399877263,106,linkedin_4399877263
3,4,5,-2,0.6666666666666667,4,1,0.25,0.25,0.6666666666666666,False,0.5677783,1,822_linkedin_4397519592,822,linkedin_4397519592
12,5,0,12,0.0,11,0,0.0,0.0,0.0,False,0.23383582,1,301_linkedin_4401400279,301,linkedin_4401400279
4,7,0,4,0.0,12,3,0.25,0.42857142857142855,0.3333333333333333,False,0.73574376,1,559_linkedin_4408771202,559,linkedin_4408771202
2,6,2,0,1.0,14,1,0.07142857142857142,0.16666666666666666,0.3333333333333333,False,0.3075571,1,100_linkedin_4404031827,100,linkedin_4404031827
7,7,0,7,0.0,2,0,0.0,0.0,0.25,False,0.2918953,1,565_linkedin_4397177457,565,linkedin_4397177457
11,8,5,6,0.0,7,1,0.14285714285714285,0.125,0.5,False,0.46507508,1,537_linkedin_4398474947,537,linkedin_4398474947
11,8,2,9,0.0,16,2,0.125,0.25,1.0,False,0.73429936,1,537_linkedin_4379415346,537,linkedin_4379415346
14,10,0,14,0.0,1,0,0.0,0.0,0.0,False,0.4445106,1,119_linkedin_4407538348,119,linkedin_4407538348
3,9,0,3,0.0,17,3,0.17647058823529413,0.3333333333333333,0.5,False,0.4588692,1,811_linkedin_4371957148,811,linkedin_4371957148
2,6,0,2,0.0,34,3,0.08823529411764706,0.5,0.5,False,0.72644293,1,28_linkedin_4200229207,28,linkedin_4200229207
1,6,5,-4,0.33333333333333337,9,1,0.1111111111111111,0.16666666666666666,0.0,False,0.46140334,1,252_linkedin_4372603764,252,linkedin_4372603764
15,9,2,13,0.0,17,1,0.058823529411764705,0.1111111111111111,0.0,False,0.39229143,1,195_linkedin_4406630830,195,linkedin_4406630830
1,6,2,-1,0.6666666666666667,24,4,0.16666666666666666,0.6666666666666666,0.15384615384615385,False,0.37975365,1,29_linkedin_4402165865,29,linkedin_4402165865
2,7,2,0,1.0,17,1,0.058823529411764705,0.14285714285714285,0.0,False,0.35384256,1,594_linkedin_4406630830,594,linkedin_4406630830
1,7,0,1,0.0,15,2,0.13333333333333333,0.2857142857142857,0.0,False,0.49974605,1,563_linkedin_4385264588,563,linkedin_4385264588
13,10,0,13,0.0,25,2,0.08,0.2,0.09090909090909091,False,0.46063286,1,91_linkedin_4402650751,91,linkedin_4402650751
8,5,2,6,0.0,21,2,0.09523809523809523,0.4,0.5,False,0.45832437,1,755_linkedin_4396958592,755,linkedin_4396958592
5,2,5,0,1.0,13,2,0.15384615384615385,1.0,0.0,False,0.4506749,1,735_linkedin_4402491097,735,linkedin_4402491097
7,9,0,7,0.0,9,1,0.1111111111111111,0.1111111111111111,0.0,True,0.6251281,1,38_linkedin_4401071747,38,linkedin_4401071747
5,5,5,0,1.0,29,3,0.10344827586206896,0.6,0.6666666666666666,False,0.62262404,1,716_linkedin_4404753015,716,linkedin_4404753015
5,6,5,0,1.0,25,2,0.08,0.3333333333333333,0.25,False,0.3830225,1,258_linkedin_4389564579,258,linkedin_4389564579
2,6,0,2,0.0,16,2,0.125,0.3333333333333333,0.0,False,0.33999458,1,263_linkedin_4359292403,263,linkedin_4359292403
4,8,0,4,0.0,12,2,0.16666666666666666,0.25,0.0,False,0.44269317,1,10_linkedin_4404503143,10,linkedin_4404503143
4,6,5,-1,0.8333333333333334,21,3,0.14285714285714285,0.5,0.4,False,0.70053566,1,521_linkedin_4399847413,521,linkedin_4399847413
5,8,8,-3,0.6666666666666667,12,2,0.16666666666666666,0.25,0.5,False,0.4476808,1,8_linkedin_4306125314,8,linkedin_4306125314
12,8,0,12,0.0,19,1,0.05263157894736842,0.125,0.0,False,0.37575844,1,541_linkedin_4404127001,541,linkedin_4404127001
4,8,0,4,0.0,11,2,0.18181818181818182,0.25,0.0,False,0.42637822,1,106_linkedin_4248783539,106,linkedin_4248783539
2,8,8,-6,0.33333333333333337,19,2,0.10526315789473684,0.25,0.1,True,0.3617891,1,545_linkedin_4310147892,545,linkedin_4310147892
13,10,0,13,0.0,28,5,0.17857142857142858,0.5,0.6666666666666666,False,0.515221,1,163_linkedin_4406956769,163,linkedin_4406956769
3,9,5,-2,0.6666666666666667,17,1,0.058823529411764705,0.1111111111111111,0.0,False,0.42606327,1,833_linkedin_3944557395,833,linkedin_3944557395
2,7,0,2,0.0,2,0,0.0,0.0,0.75,False,0.5106887,1,566_linkedin_4397177457,566,linkedin_4397177457
1,5,8,-7,0.2222222222222222,5,0,0.0,0.0,0.0,False,0.42961398,1,175_linkedin_4399728037,175,linkedin_4399728037
10,9,2,8,0.0,14,1,0.07142857142857142,0.1111111111111111,0.0,False,0.32320672,1,114_linkedin_4404031827,114,linkedin_4404031827
3,6,5,-2,0.6666666666666667,15,1,0.06666666666666667,0.16666666666666666,0.0,False,0.13319595,1,767_linkedin_4408765797,767,linkedin_4408765797
8,5,5,3,0.5,18,2,0.1111111111111111,0.4,0.25,False,0.5329839,1,755_linkedin_4401904227,755,linkedin_4401904227
2,6,5,-3,0.5,6,2,0.3333333333333333,0.3333333333333333,0.1,False,0.578602,1,76_linkedin_4381852280,76,linkedin_4381852280
4,8,5,-1,0.8333333333333334,18,2,0.1111111111111111,0.25,0.3333333333333333,False,0.43474588,1,82_linkedin_4406294375,82,linkedin_4406294375
1,6,0,1,0.0,22,2,0.09090909090909091,0.3333333333333333,0.25,True,0.29333404,1,29_linkedin_4379621296,29,linkedin_4379621296
5,3,8,-3,0.6666666666666667,20,2,0.1,0.6666666666666666,1.0,False,0.5595912,1,756_linkedin_4401019767,756,linkedin_4401019767
3,8,2,1,0.6666666666666667,22,2,0.09090909090909091,0.25,0.1,False,0.36692014,1,9_linkedin_4404822642,9,linkedin_4404822642
5,9,2,3,0.0,13,3,0.23076923076923078,0.3333333333333333,0.25,False,0.44092125,1,694_linkedin_4409038877,694,linkedin_4409038877
9,9,8,1,0.8888888888888888,16,1,0.0625,0.1111111111111111,0.0,False,0.4536195,1,113_linkedin_4407191616,113,linkedin_4407191616
2,8,2,0,1.0,10,1,0.1,0.125,0.0,False,0.2313207,1,534_linkedin_4371387533,534,linkedin_4371387533
13,9,2,11,0.0,12,1,0.08333333333333333,0.1111111111111111,0.0,False,0.5972963,1,142_linkedin_4388481083,142,linkedin_4388481083
3,4,0,3,0.0,14,1,0.07142857142857142,0.25,0.3333333333333333,False,0.516613,1,822_linkedin_4402534425,822,linkedin_4402534425
5,9,0,5,0.0,4,2,0.5,0.2222222222222222,0.4,False,0.61169183,1,750_linkedin_4408785471,750,linkedin_4408785471
1,6,5,-4,0.33333333333333337,12,2,0.16666666666666666,0.3333333333333333,0.25,False,0.47763297,1,75_linkedin_4404587669,75,linkedin_4404587669
2,6,2,0,1.0,9,1,0.1111111111111111,0.16666666666666666,0.0,False,0.38502243,1,248_linkedin_4400719541,248,linkedin_4400719541
5,3,1,4,0.0,4,1,0.25,0.3333333333333333,0.0,False,0.41603455,1,677_linkedin_4408508940,677,linkedin_4408508940
5,2,0,5,0.0,6,0,0.0,0.0,0.09090909090909091,False,0.50213283,1,729_linkedin_4351684161,729,linkedin_4351684161
8,9,2,6,0.0,16,1,0.0625,0.1111111111111111,0.3333333333333333,False,0.5325383,1,17_linkedin_4374661990,17,linkedin_4374661990
3,8,5,-2,0.6666666666666667,5,1,0.2,0.125,0.0,False,0.59705096,1,81_linkedin_4341318288,81,linkedin_4341318288
8,7,5,3,0.5,11,1,0.09090909090909091,0.14285714285714285,1.0,False,0.67785287,1,554_linkedin_4395278655,554,linkedin_4395278655
13,9,0,13,0.0,10,1,0.1,0.1111111111111111,0.0,False,0.4651374,1,139_linkedin_4087201466,139,linkedin_4087201466
4,8,0,4,0.0,22,5,0.22727272727272727,0.625,0.5,False,0.65912193,1,7_linkedin_4259091971,7,linkedin_4259091971
6,7,5,1,0.8333333333333334,3,0,0.0,0.0,0.2,False,0.26843977,1,567_linkedin_4389716229,567,linkedin_4389716229
5,8,0,5,0.0,4,0,0.0,0.0,0.25,False,0.36671963,1,177_linkedin_4377682353,177,linkedin_4377682353
2,6,2,0,1.0,19,2,0.10526315789473684,0.3333333333333333,0.0,False,0.29712027,1,263_linkedin_4406607644,263,linkedin_4406607644
4,6,0,4,0.0,35,4,0.11428571428571428,0.6666666666666666,0.5,False,0.4063983,1,512_linkedin_4139842127,512,linkedin_4139842127
5,5,0,5,0.0,6,2,0.3333333333333333,0.4,0.2,False,0.4933051,1,718_linkedin_4204753712,718,linkedin_4204753712
1,6,8,-7,0.2222222222222222,24,2,0.08333333333333333,0.3333333333333333,0.3333333333333333,False,0.4538861,1,101_linkedin_4404804267,101,linkedin_4404804267
4,7,2,2,0.33333333333333337,17,0,0.0,0.0,0.25,False,0.19232477,1,225_linkedin_4399523408,225,linkedin_4399523408
5,5,0,5,0.0,9,2,0.2222222222222222,0.4,0.0,False,0.5457955,1,785_linkedin_4273380386,785,linkedin_4273380386
8,9,5,3,0.5,14,3,0.21428571428571427,0.3333333333333333,0.3333333333333333,False,0.59940684,1,692_linkedin_4408776071,692,linkedin_4408776071
12,10,2,10,0.0,18,4,0.2222222222222222,0.4,0.5,False,0.4523378,1,45_linkedin_4398204936,45,linkedin_4398204936
8,7,0,8,0.0,9,2,0.2222222222222222,0.2857142857142857,1.0,False,0.44649482,1,529_linkedin_4405434487,529,linkedin_4405434487
5,9,0,5,0.0,18,5,0.2777777777777778,0.5555555555555556,1.0,False,0.6138429,1,728_linkedin_4374140055,728,linkedin_4374140055
5,8,1,4,0.0,30,6,0.2,0.75,0.3333333333333333,False,0.3356551,1,107_linkedin_4337673695,107,linkedin_4337673695
4,8,0,4,0.0,19,1,0.05263157894736842,0.125,0.5,False,0.4139003,1,79_linkedin_4404127001,79,linkedin_4404127001
2,6,2,0,1.0,19,5,0.2631578947368421,0.8333333333333334,0.5,False,0.60171,1,530_linkedin_4352604064,530,linkedin_4352604064
13,10,0,13,0.0,22,4,0.18181818181818182,0.4,0.5,False,0.4650349,1,115_linkedin_4394433826,115,linkedin_4394433826
4,8,2,2,0.33333333333333337,20,4,0.2,0.5,0.6666666666666666,False,0.5008889,1,180_linkedin_4407157419,180,linkedin_4407157419
9,9,0,9,0.0,33,5,0.15151515151515152,0.5555555555555556,0.5,False,0.6442343,1,192_linkedin_4330896158,192,linkedin_4330896158
9,9,2,7,0.0,15,2,0.13333333333333333,0.2222222222222222,0.3333333333333333,False,0.44575194,1,14_linkedin_4048200127,14,linkedin_4048200127
5,7,5,0,1.0,13,0,0.0,0.0,0.0,False,0.4306946,1,274_linkedin_4405404188,274,linkedin_4405404188
5,8,2,3,0.0,26,6,0.23076923076923078,0.75,0.5,False,0.25139958,1,107_linkedin_4399230529,107,linkedin_4399230529
8,7,5,3,0.5,7,1,0.14285714285714285,0.14285714285714285,0.14285714285714285,False,0.48282233,1,203_linkedin_4395243969,203,linkedin_4395243969
3,8,5,-2,0.6666666666666667,12,4,0.3333333333333333,0.5,0.5,False,0.34041092,1,179_linkedin_4357419117,179,linkedin_4357419117
9,9,0,9,0.0,9,1,0.1111111111111111,0.1111111111111111,0.0,False,0.49171627,1,39_linkedin_4168640096,39,linkedin_4168640096
11,7,0,11,0.0,7,0,0.0,0.0,0.5,False,0.5933246,1,208_linkedin_4391565334,208,linkedin_4391565334
3,4,2,1,0.6666666666666667,19,3,0.15789473684210525,0.75,0.5,False,0.46065044,1,824_linkedin_4379617586,824,linkedin_4379617586
9,9,0,9,0.0,36,7,0.19444444444444445,0.7777777777777778,0.5,False,0.68591857,1,113_linkedin_4397994905,113,linkedin_4397994905
3,8,2,1,0.6666666666666667,15,1,0.06666666666666667,0.125,0.0,False,0.3817342,1,179_linkedin_4405617737,179,linkedin_4405617737
14,10,0,14,0.0,23,2,0.08695652173913043,0.2,0.16666666666666666,False,0.36262324,1,92_linkedin_4408752869,92,linkedin_4408752869
13,10,2,11,0.0,18,4,0.2222222222222222,0.4,1.0,False,0.7278972,1,19_linkedin_4402454790,19,linkedin_4402454790
2,6,5,-3,0.5,14,3,0.21428571428571427,0.5,0.6666666666666666,False,0.61877435,1,78_linkedin_4402749745,78,linkedin_4402749745
8,9,2,6,0.0,12,1,0.08333333333333333,0.1111111111111111,0.0,False,0.3205743,1,109_linkedin_4302730124,109,linkedin_4302730124
4,8,0,4,0.0,23,5,0.21739130434782608,0.625,0.5,True,0.5201683,1,178_linkedin_4398047748,178,linkedin_4398047748
5,8,8,-3,0.6666666666666667,17,3,0.17647058823529413,0.375,0.0,False,0.45855266,1,107_linkedin_4395396789,107,linkedin_4395396789
2,5,8,-6,0.33333333333333337,26,2,0.07692307692307693,0.4,0.1,False,0.5615527,1,4_linkedin_4299758880,4,linkedin_4299758880
4,9,0,4,0.0,19,3,0.15789473684210525,0.3333333333333333,0.3333333333333333,False,0.60270214,1,813_linkedin_4386978200,813,linkedin_4386978200
14,10,8,6,0.33333333333333337,16,1,0.0625,0.1,0.0,False,0.37065288,1,119_linkedin_4407191616,119,linkedin_4407191616
2,6,2,0,1.0,12,1,0.08333333333333333,0.16666666666666666,0.0,False,0.44362006,1,248_linkedin_4397408242,248,linkedin_4397408242
11,7,0,11,0.0,4,0,0.0,0.0,0.14285714285714285,False,0.38117713,1,285_linkedin_4390682886,285,linkedin_4390682886
7,7,5,2,0.6666666666666667,15,1,0.06666666666666667,0.14285714285714285,0.25,False,0.5285707,1,272_linkedin_4401076084,272,linkedin_4401076084
8,9,0,8,0.0,22,6,0.2727272727272727,0.6666666666666666,0.0,False,0.4581438,1,665_linkedin_4394433826,665,linkedin_4394433826
14,10,0,14,0.0,11,1,0.09090909090909091,0.1,0.0,False,0.5679552,1,144_linkedin_4345037894,144,linkedin_4345037894
4,7,2,2,0.33333333333333337,13,6,0.46153846153846156,0.8571428571428571,0.5,False,0.70668966,1,559_linkedin_4399143156,559,linkedin_4399143156
2,7,0,2,0.0,3,1,0.3333333333333333,0.14285714285714285,0.3333333333333333,False,0.47712234,1,566_linkedin_4393558603,566,linkedin_4393558603
3,4,2,1,0.6666666666666667,13,1,0.07692307692307693,0.25,0.0,False,0.37734178,1,808_linkedin_4409032969,808,linkedin_4409032969
5,9,5,0,1.0,22,4,0.18181818181818182,0.4444444444444444,0.25,False,0.711276,1,839_linkedin_4405811016,839,linkedin_4405811016
14,10,2,12,0.0,12,1,0.08333333333333333,0.1,0.0,False,0.44132143,1,144_linkedin_4298975318,144,linkedin_4298975318
12,7,5,7,0.0,14,1,0.07142857142857142,0.14285714285714285,0.25,False,0.59075505,1,520_linkedin_4405554234,520,linkedin_4405554234
2,6,8,-6,0.33333333333333337,16,1,0.0625,0.16666666666666666,0.0,False,0.42444855,1,100_linkedin_4407191616,100,linkedin_4407191616
2,6,5,-3,0.5,23,5,0.21739130434782608,0.8333333333333334,0.3333333333333333,False,0.58260417,1,530_linkedin_4387817447,530,linkedin_4387817447
3,9,2,1,0.6666666666666667,13,1,0.07692307692307693,0.1111111111111111,0.25,False,0.41528177,1,811_linkedin_4409032969,811,linkedin_4409032969
4,7,1,3,0.0,6,1,0.16666666666666666,0.14285714285714285,0.0,False,0.1959626,1,206_linkedin_4399890137,206,linkedin_4399890137
5,9,0,5,0.0,11,1,0.09090909090909091,0.1111111111111111,0.0,False,0.19029368,1,839_linkedin_4306117436,839,linkedin_4306117436
4,8,5,-1,0.8333333333333334,23,6,0.2608695652173913,0.75,0.3333333333333333,False,0.6939799,1,106_linkedin_4404554269,106,linkedin_4404554269
5,9,5,0,1.0,15,3,0.2,0.3333333333333333,0.3333333333333333,False,0.6266365,1,702_linkedin_4400426797,702,linkedin_4400426797
8,9,5,3,0.5,20,8,0.4,0.8888888888888888,0.25,False,0.67149425,1,109_linkedin_4399860023,109,linkedin_4399860023
7,9,0,7,0.0,25,6,0.24,0.6666666666666666,0.0,False,0.49883407,1,111_linkedin_4364302087,111,linkedin_4364302087
6,6,5,1,0.8333333333333334,6,2,0.3333333333333333,0.3333333333333333,1.0,False,0.5476041,1,255_linkedin_4403924844,255,linkedin_4403924844
5,7,5,0,1.0,21,5,0.23809523809523808,0.7142857142857143,0.2,False,0.6135188,1,685_linkedin_4328828438,685,linkedin_4328828438
14,10,0,14,0.0,16,5,0.3125,0.5,0.5,False,0.36107203,1,20_linkedin_4218857089,20,linkedin_4218857089
13,9,5,8,0.0,10,2,0.2,0.2222222222222222,0.0,False,0.665128,1,142_linkedin_4406549895,142,linkedin_4406549895
9,9,0,9,0.0,18,2,0.1111111111111111,0.2222222222222222,0.0,False,0.42451403,1,192_linkedin_4389806770,192,linkedin_4389806770
2,6,2,0,1.0,17,1,0.058823529411764705,0.16666666666666666,0.0,False,0.28228167,1,248_linkedin_4406630830,248,linkedin_4406630830
12,9,2,10,0.0,12,1,0.08333333333333333,0.1111111111111111,0.5,False,0.6053532,1,141_linkedin_4388481083,141,linkedin_4388481083
5,9,0,5,0.0,19,5,0.2631578947368421,0.5555555555555556,0.0,False,0.63861644,1,837_linkedin_4301168850,837,linkedin_4301168850
3,8,8,-5,0.4444444444444444,17,2,0.11764705882352941,0.25,0.6666666666666666,False,0.51313984,1,9_linkedin_4330991194,9,linkedin_4330991194
2,6,0,2,0.0,14,3,0.21428571428571427,0.5,0.0,False,0.4353474,1,176_linkedin_4361892643,176,linkedin_4361892643
3,9,0,3,0.0,27,3,0.1111111111111111,0.3333333333333333,0.0,False,0.35856664,1,831_linkedin_4389582809,831,linkedin_4389582809
7,7,0,7,0.0,14,2,0.14285714285714285,0.2857142857142857,0.0,False,0.55595416,1,523_linkedin_4377168699,523,linkedin_4377168699
5,2,2,3,0.0,3,0,0.0,0.0,0.6666666666666666,False,0.5050347,1,735_linkedin_4406037933,735,linkedin_4406037933
7,7,0,7,0.0,16,6,0.375,0.8571428571428571,0.09090909090909091,False,0.63916165,1,523_linkedin_4329650152,523,linkedin_4329650152
1,5,0,1,0.0,21,1,0.047619047619047616,0.2,0.0,False,0.45518857,1,171_linkedin_4346320594,171,linkedin_4346320594
10,9,0,10,0.0,13,1,0.07692307692307693,0.1111111111111111,0.0,False,0.34325036,1,114_linkedin_4399398705,114,linkedin_4399398705
4,8,2,2,0.33333333333333337,12,1,0.08333333333333333,0.125,0.0,False,0.3021976,1,103_linkedin_4302730124,103,linkedin_4302730124
2,6,0,2,0.0,27,2,0.07407407407407407,0.3333333333333333,0.0,False,0.52214634,1,248_linkedin_4404050062,248,linkedin_4404050062
5,9,2,3,0.0,22,2,0.09090909090909091,0.2222222222222222,0.0,False,0.604634,1,744_linkedin_4396347120,744,linkedin_4396347120
4,8,8,-4,0.5555555555555556,18,4,0.2222222222222222,0.5,0.3333333333333333,False,0.6465161,1,103_linkedin_4393500974,103,linkedin_4393500974
12,7,2,10,0.0,14,1,0.07142857142857142,0.14285714285714285,0.3333333333333333,False,0.32672262,1,520_linkedin_4404031827,520,linkedin_4404031827
5,5,2,3,0.0,22,2,0.09090909090909091,0.4,0.0,False,0.4767148,1,718_linkedin_4396591377,718,linkedin_4396591377
4,6,0,4,0.0,13,0,0.0,0.0,0.25,False,0.43647245,1,521_linkedin_4399398705,521,linkedin_4399398705
13,10,8,5,0.4444444444444444,19,2,0.10526315789473684,0.2,0.0,False,0.49456546,1,120_linkedin_4317450207,120,linkedin_4317450207
5,4,0,5,0.0,3,0,0.0,0.0,1.0,False,0.52450716,1,752_linkedin_4405242245,752,linkedin_4405242245
8,7,2,6,0.0,17,2,0.11764705882352941,0.2857142857142857,1.0,False,0.6390066,1,554_linkedin_4394640916,554,linkedin_4394640916
1,7,5,-4,0.33333333333333337,4,0,0.0,0.0,0.0,False,0.2907739,1,224_linkedin_4404663537,224,linkedin_4404663537
5,2,2,3,0.0,17,1,0.058823529411764705,0.5,1.0,False,0.6189688,1,823_linkedin_4394640916,823,linkedin_4394640916
5,2,2,3,0.0,10,1,0.1,0.5,0.0,False,0.3940646,1,738_linkedin_4407343019,738,linkedin_4407343019
4,6,5,-1,0.8333333333333334,19,3,0.15789473684210525,0.5,0.3333333333333333,False,0.5462497,1,521_linkedin_4295001056,521,linkedin_4295001056
3,4,5,-2,0.6666666666666667,14,2,0.14285714285714285,0.5,0.5,False,0.38815525,1,822_linkedin_4382112242,822,linkedin_4382112242
5,8,5,0,1.0,14,2,0.14285714285714285,0.25,1.0,False,0.7264731,1,35_linkedin_4306118481,35,linkedin_4306118481
8,9,1,7,0.0,7,2,0.2857142857142857,0.2222222222222222,0.0,True,0.6711061,1,665_linkedin_4258060723,665,linkedin_4258060723
15,10,5,10,0.0,14,4,0.2857142857142857,0.4,0.0,False,0.62067026,1,21_linkedin_4405554234,21,linkedin_4405554234
5,8,2,3,0.0,10,3,0.3,0.375,1.0,False,0.7148813,1,539_linkedin_4403192693,539,linkedin_4403192693
5,2,0,5,0.0,15,2,0.13333333333333333,1.0,0.0,False,0.34180164,1,734_linkedin_4292937300,734,linkedin_4292937300
6,7,5,1,0.8333333333333334,1,0,0.0,0.0,0.75,False,0.61285096,1,567_linkedin_4398396158,567,linkedin_4398396158
10,9,2,8,0.0,26,2,0.07692307692307693,0.2222222222222222,0.25,False,0.37472564,1,812_linkedin_4398694292,812,linkedin_4398694292
3,8,2,1,0.6666666666666667,21,4,0.19047619047619047,0.5,1.0,False,0.5268995,1,153_linkedin_4396958592,153,linkedin_4396958592
8,10,2,6,0.0,10,1,0.1,0.1,0.5,False,0.52669466,1,85_linkedin_4403192693,85,linkedin_4403192693
7,9,0,7,0.0,19,2,0.10526315789473684,0.2222222222222222,0.3333333333333333,False,0.64766926,1,89_linkedin_4386978200,89,linkedin_4386978200
2,6,5,-3,0.5,20,2,0.1,0.3333333333333333,0.0,False,0.44811794,1,176_linkedin_4405230301,176,linkedin_4405230301
5,9,2,3,0.0,12,1,0.08333333333333333,0.1111111111111111,0.25,False,0.41238016,1,749_linkedin_4298975318,749,linkedin_4298975318
9,6,5,4,0.33333333333333337,3,0,0.0,0.0,0.2,False,0.28272626,1,616_linkedin_4389716229,616,linkedin_4389716229
14,10,8,6,0.33333333333333337,16,1,0.0625,0.1,0.0,False,0.4328373,1,24_linkedin_4407191616,24,linkedin_4407191616
5,9,0,5,0.0,22,5,0.22727272727272727,0.5555555555555556,0.3333333333333333,False,0.45014656,1,669_linkedin_4394794404,669,linkedin_4394794404
9,9,5,4,0.33333333333333337,16,2,0.125,0.2222222222222222,0.5,False,0.58257693,1,42_linkedin_4405344110,42,linkedin_4405344110
5,9,0,5,0.0,12,2,0.16666666666666666,0.2222222222222222,0.5,False,0.5682044,1,696_linkedin_4371039081,696,linkedin_4371039081
7,8,8,-1,0.8888888888888888,19,4,0.21052631578947367,0.5,0.5,False,0.53217304,1,544_linkedin_4400402631,544,linkedin_4400402631
3,4,0,3,0.0,18,1,0.05555555555555555,0.25,0.3333333333333333,False,0.37842056,1,810_linkedin_4359215396,810,linkedin_4359215396
2,6,2,0,1.0,17,2,0.11764705882352941,0.3333333333333333,0.3333333333333333,False,0.46201104,1,263_linkedin_4395991137,263,linkedin_4395991137
5,8,8,-3,0.6666666666666667,18,4,0.2222222222222222,0.5,0.0,False,0.75454324,1,11_linkedin_4306114570,11,linkedin_4306114570
3,8,0,3,0.0,9,2,0.2222222222222222,0.25,0.5,False,0.3938972,1,33_linkedin_4405434487,33,linkedin_4405434487
4,8,0,4,0.0,14,2,0.14285714285714285,0.25,0.0,False,0.38901877,1,178_linkedin_4400134403,178,linkedin_4400134403
14,10,0,14,0.0,24,5,0.20833333333333334,0.5,0.14285714285714285,True,0.48940623,1,119_linkedin_4402929948,119,linkedin_4402929948
1,5,5,-4,0.33333333333333337,27,4,0.14814814814814814,0.8,0.25,False,0.5274312,1,5_linkedin_4406520776,5,linkedin_4406520776
3,4,5,-2,0.6666666666666667,10,0,0.0,0.0,1.0,False,0.5689041,1,822_linkedin_4404058455,822,linkedin_4404058455
7,9,8,-1,0.8888888888888888,21,3,0.14285714285714285,0.3333333333333333,0.0,False,0.44295052,1,111_linkedin_4404204086,111,linkedin_4404204086
3,8,2,1,0.6666666666666667,24,1,0.041666666666666664,0.125,0.0,False,0.30996162,1,179_linkedin_4405617743,179,linkedin_4405617743
3,6,0,3,0.0,6,1,0.16666666666666666,0.16666666666666666,0.0,False,0.29634672,1,767_linkedin_4398696676,767,linkedin_4398696676
5,9,0,5,0.0,10,2,0.2,0.2222222222222222,0.5,False,0.34874505,1,713_linkedin_4402118734,713,linkedin_4402118734
7,9,0,7,0.0,27,2,0.07407407407407407,0.2222222222222222,0.0,False,0.4932234,1,158_linkedin_4394429035,158,linkedin_4394429035
5,9,2,3,0.0,19,7,0.3684210526315789,0.7777777777777778,1.0,False,0.68445003,1,713_linkedin_4344855337,713,linkedin_4344855337
5,8,2,3,0.0,18,2,0.1111111111111111,0.25,0.25,False,0.50741386,1,535_linkedin_4398491928,535,linkedin_4398491928
2,5,8,-6,0.33333333333333337,16,1,0.0625,0.2,0.0,False,0.38332266,1,4_linkedin_4407191616,4,linkedin_4407191616
10,5,5,5,0.16666666666666663,15,1,0.06666666666666667,0.2,0.5,False,0.3674681,1,305_linkedin_4405828129,305,linkedin_4405828129
15,10,8,7,0.2222222222222222,16,1,0.0625,0.1,0.0,False,0.39920598,1,117_linkedin_4407191616,117,linkedin_4407191616
13,10,5,8,0.0,15,5,0.3333333333333333,0.5,0.0,False,0.51760936,1,115_linkedin_4407014726,115,linkedin_4407014726
3,8,0,3,0.0,20,3,0.15,0.375,0.5,False,0.35292456,1,105_linkedin_4406555025,105,linkedin_4406555025
5,9,0,5,0.0,8,1,0.125,0.1111111111111111,0.0,False,0.5627489,1,795_linkedin_4406231599,795,linkedin_4406231599
12,10,8,4,0.5555555555555556,26,2,0.07692307692307693,0.2,0.2,False,0.3912789,1,22_linkedin_4299760826,22,linkedin_4299760826
5,9,0,5,0.0,19,6,0.3157894736842105,0.6666666666666666,0.0,False,0.651963,1,795_linkedin_4358452670,795,linkedin_4358452670
5,9,2,3,0.0,14,3,0.21428571428571427,0.3333333333333333,0.0,False,0.34317812,1,710_linkedin_4366909142,710,linkedin_4366909142
4,9,0,4,0.0,18,3,0.16666666666666666,0.3333333333333333,0.16666666666666666,False,0.52327126,1,816_linkedin_4384841120,816,linkedin_4384841120
9,9,0,9,0.0,3,0,0.0,0.0,0.5,False,0.35003117,1,159_linkedin_4405242245,159,linkedin_4405242245
12,10,2,10,0.0,21,3,0.14285714285714285,0.3,0.5,False,0.54998827,1,45_linkedin_4402481757,45,linkedin_4402481757
13,10,0,13,0.0,16,3,0.1875,0.3,0.3333333333333333,False,0.4794684,1,120_linkedin_4407411101,120,linkedin_4407411101
3,7,0,3,0.0,16,2,0.125,0.2857142857142857,0.0,False,0.35663977,1,183_linkedin_4395289693,183,linkedin_4395289693
2,6,0,2,0.0,34,5,0.14705882352941177,0.8333333333333334,1.0,False,0.72602016,1,26_linkedin_4200229207,26,linkedin_4200229207
5,4,0,5,0.0,13,1,0.07692307692307693,0.25,0.25,False,0.3801484,1,671_linkedin_4399398705,671,linkedin_4399398705
3,3,0,3,0.0,7,0,0.0,0.0,0.0,False,0.27953166,1,798_linkedin_4397701896,798,linkedin_4397701896
12,10,0,12,0.0,25,3,0.12,0.3,0.0,False,0.6021847,1,72_linkedin_4393032766,72,linkedin_4393032766
13,10,8,5,0.4444444444444444,18,1,0.05555555555555555,0.1,0.5,False,0.5865777,1,91_linkedin_4227396573,91,linkedin_4227396573
2,5,8,-6,0.33333333333333337,15,1,0.06666666666666667,0.2,0.0,False,0.4297425,1,2_linkedin_4299772363,2,linkedin_4299772363
15,10,2,13,0.0,24,7,0.2916666666666667,0.7,0.2,False,0.48067752,1,546_linkedin_4401190488,546,linkedin_4401190488
9,9,2,7,0.0,29,6,0.20689655172413793,0.6666666666666666,0.25,False,0.59830236,1,18_linkedin_4402470985,18,linkedin_4402470985
5,7,0,5,0.0,25,6,0.24,0.8571428571428571,0.5,False,0.42949063,1,688_linkedin_4398861071,688,linkedin_4398861071
9,9,8,1,0.8888888888888888,16,6,0.375,0.6666666666666666,0.16666666666666666,False,0.2407355,1,159_linkedin_4404963007,159,linkedin_4404963007
1,6,0,1,0.0,21,3,0.14285714285714285,0.5,0.3333333333333333,False,0.4438532,1,97_linkedin_4404078812,97,linkedin_4404078812
14,9,0,14,0.0,22,1,0.045454545454545456,0.1111111111111111,0.3333333333333333,False,0.39068723,0,140_linkedin_4228312777,140,linkedin_4228312777
8,10,5,3,0.5,22,0,0.0,0.0,0.3333333333333333,False,0.3074349,0,85_linkedin_4396875073,85,linkedin_4396875073
7,7,5,2,0.6666666666666667,17,0,0.0,0.0,0.3333333333333333,False,0.33625203,0,565_linkedin_4394756229,565,linkedin_4394756229
2,8,0,2,0.0,22,0,0.0,0.0,0.0,False,0.20609114,0,580_linkedin_4408277570,580,linkedin_4408277570
15,9,2,13,0.0,12,1,0.08333333333333333,0.1111111111111111,0.0,False,0.3196916,0,200_linkedin_4302730124,200,linkedin_4302730124
4,8,2,2,0.33333333333333337,12,0,0.0,0.0,0.0,False,0.43022662,0,532_linkedin_4270722288,532,linkedin_4270722288
1,6,5,-4,0.33333333333333337,18,0,0.0,0.0,0.0,False,0.09817372,0,252_linkedin_4386390837,252,linkedin_4386390837
12,10,0,12,0.0,13,0,0.0,0.0,0.0,False,0.2984599,0,69_linkedin_4400212890,69,linkedin_4400212890
3,8,0,3,0.0,20,0,0.0,0.0,0.0,False,0.25947073,0,179_linkedin_4333176046,179,linkedin_4333176046
2,7,2,0,1.0,14,1,0.07142857142857142,0.14285714285714285,0.0,False,0.18730274,0,221_linkedin_4404031827,221,linkedin_4404031827
12,7,0,12,0.0,16,0,0.0,0.0,0.0,False,0.21493897,0,238_linkedin_4359292403,238,linkedin_4359292403
7,6,5,2,0.6666666666666667,22,0,0.0,0.0,0.0,False,0.33361366,0,608_linkedin_4404788700,608,linkedin_4404788700
5,9,0,5,0.0,14,0,0.0,0.0,0.0,False,0.2723308,0,838_linkedin_4361892643,838,linkedin_4361892643
5,9,5,0,1.0,23,0,0.0,0.0,0.0,False,0.32030213,0,703_linkedin_4404293543,703,linkedin_4404293543
12,7,2,10,0.0,3,0,0.0,0.0,0.0,False,0.36266732,0,204_linkedin_4406037933,204,linkedin_4406037933
2,6,0,2,0.0,11,0,0.0,0.0,0.0,False,0.20056435,0,610_linkedin_4402541230,610,linkedin_4402541230
2,5,2,0,1.0,15,0,0.0,0.0,0.0,True,0.23358801,0,170_linkedin_4408265376,170,linkedin_4408265376
2,6,5,-3,0.5,11,1,0.09090909090909091,0.16666666666666666,0.0,False,0.31314674,0,248_linkedin_4375585139,248,linkedin_4375585139
2,5,0,2,0.0,8,0,0.0,0.0,0.0,False,0.23587686,0,2_linkedin_4089480089,2,linkedin_4089480089
8,7,5,3,0.5,19,0,0.0,0.0,0.0,False,0.24434637,0,529_linkedin_4394763743,529,linkedin_4394763743
1,5,0,1,0.0,4,0,0.0,0.0,0.0,False,0.2067766,0,300_linkedin_4390682886,300,linkedin_4390682886
9,6,2,7,0.0,13,0,0.0,0.0,0.0,False,0.36342224,0,616_linkedin_4400797370,616,linkedin_4400797370
7,7,2,5,0.0,10,0,0.0,0.0,0.0,False,0.19754398,0,240_linkedin_4371387533,240,linkedin_4371387533
8,7,8,0,1.0,29,0,0.0,0.0,0.0,False,0.27875122,0,250_linkedin_4394349178,250,linkedin_4394349178
2,7,0,2,0.0,12,0,0.0,0.0,0.0,False,0.3401574,0,594_linkedin_4389898782,594,linkedin_4389898782
8,7,8,0,1.0,19,0,0.0,0.0,0.0,False,0.30731374,0,237_linkedin_4400402631,237,linkedin_4400402631
13,10,5,8,0.0,11,0,0.0,0.0,0.5,False,0.45785043,0,43_linkedin_4399109067,43,linkedin_4399109067
5,9,0,5,0.0,19,4,0.21052631578947367,0.4444444444444444,0.2,False,0.45339417,0,837_linkedin_4402880781,837,linkedin_4402880781
5,4,0,5,0.0,7,0,0.0,0.0,0.0,False,0.352858,0,717_linkedin_4397187098,717,linkedin_4397187098
4,5,0,4,0.0,6,0,0.0,0.0,0.0,False,0.37473747,0,297_linkedin_4405289858,297,linkedin_4405289858
9,9,8,1,0.8888888888888888,21,0,0.0,0.0,0.2,False,0.42765063,0,39_linkedin_4404204086,39,linkedin_4404204086
5,5,5,0,1.0,13,2,0.15384615384615385,0.4,0.0,False,0.3167399,0,723_linkedin_4383645988,723,linkedin_4383645988
5,7,1,4,0.0,13,0,0.0,0.0,0.0,False,0.32862836,0,226_linkedin_4407601994,226,linkedin_4407601994
3,9,2,1,0.6666666666666667,11,0,0.0,0.0,0.0,False,0.33106825,0,826_linkedin_4403944525,826,linkedin_4403944525
8,9,2,6,0.0,16,0,0.0,0.0,0.0,False,0.46074665,0,90_linkedin_4405048447,90,linkedin_4405048447
5,6,5,0,1.0,13,1,0.07692307692307693,0.16666666666666666,0.2,False,0.37536514,0,258_linkedin_4370337080,258,linkedin_4370337080
2,5,2,0,1.0,12,0,0.0,0.0,0.0,False,0.25286764,0,172_linkedin_4302730124,172,linkedin_4302730124
13,10,5,8,0.0,19,0,0.0,0.0,0.0,False,0.33176044,0,43_linkedin_4387605885,43,linkedin_4387605885
5,5,0,5,0.0,26,0,0.0,0.0,0.0,False,0.3502788,0,302_linkedin_4293859520,302,linkedin_4293859520
12,9,5,7,0.0,26,0,0.0,0.0,0.0,False,0.3297886,0,166_linkedin_4405207113,166,linkedin_4405207113
15,5,2,13,0.0,11,0,0.0,0.0,0.0,False,0.32933396,0,310_linkedin_4399142428,310,linkedin_4399142428
10,7,0,10,0.0,10,0,0.0,0.0,0.0,False,0.37700146,0,261_linkedin_4401519586,261,linkedin_4401519586
5,7,8,-3,0.6666666666666667,22,0,0.0,0.0,0.0,False,0.32941222,0,569_linkedin_4294988990,569,linkedin_4294988990
11,8,5,6,0.0,7,1,0.14285714285714285,0.125,0.0,False,0.37427276,0,562_linkedin_4402184061,562,linkedin_4402184061
9,7,0,9,0.0,12,0,0.0,0.0,0.3333333333333333,False,0.4299095,0,570_linkedin_4405657069,570,linkedin_4405657069
2,5,2,0,1.0,14,0,0.0,0.0,0.0,False,0.14241447,0,304_linkedin_4404031827,304,linkedin_4404031827
4,6,5,-1,0.8333333333333334,7,0,0.0,0.0,0.0,False,0.4269536,0,249_linkedin_4399948538,249,linkedin_4399948538
5,8,0,5,0.0,12,0,0.0,0.0,0.0,False,0.32492444,0,539_linkedin_4401959524,539,linkedin_4401959524
2,7,2,0,1.0,15,1,0.06666666666666667,0.14285714285714285,0.0,False,0.33662882,0,221_linkedin_4405615766,221,linkedin_4405615766
4,7,0,4,0.0,11,0,0.0,0.0,0.25,False,0.41562578,0,559_linkedin_4317736299,559,linkedin_4317736299
6,7,0,6,0.0,13,0,0.0,0.0,0.0,False,0.24176493,0,567_linkedin_4371440873,567,linkedin_4371440873
10,9,8,2,0.7777777777777778,10,0,0.0,0.0,0.0,True,0.45811003,0,15_linkedin_4272066328,15,linkedin_4272066328
2,6,5,-3,0.5,9,1,0.1111111111111111,0.16666666666666666,0.3333333333333333,False,0.42099473,0,146_linkedin_4404427063,146,linkedin_4404427063
4,5,0,4,0.0,14,0,0.0,0.0,0.0,False,0.24769138,0,297_linkedin_4380120870,297,linkedin_4380120870
7,9,0,7,0.0,17,3,0.17647058823529413,0.3333333333333333,0.0,False,0.38652223,0,158_linkedin_4399214391,158,linkedin_4399214391
2,5,2,0,1.0,5,0,0.0,0.0,0.0,False,0.33224264,0,172_linkedin_4360652943,172,linkedin_4360652943
7,6,5,2,0.6666666666666667,25,0,0.0,0.0,0.0,False,0.33139744,0,608_linkedin_4386610920,608,linkedin_4386610920
1,5,0,1,0.0,13,0,0.0,0.0,0.0,False,0.13213868,0,300_linkedin_4322102881,300,linkedin_4322102881
5,9,0,5,0.0,5,1,0.2,0.1111111111111111,0.0,False,0.12226775,0,669_linkedin_4397301717,669,linkedin_4397301717
5,6,1,4,0.0,5,0,0.0,0.0,0.0,False,0.35699272,0,623_linkedin_4400576235,623,linkedin_4400576235
6,7,1,5,0.0,7,0,0.0,0.0,0.0,False,0.4099311,0,215_linkedin_4399883608,215,linkedin_4399883608
4,7,2,2,0.33333333333333337,16,0,0.0,0.0,0.0,False,0.4618964,0,236_linkedin_4405049438,236,linkedin_4405049438
5,2,0,5,0.0,26,1,0.038461538461538464,0.5,0.0,False,0.6721438,0,786_linkedin_4403814389,786,linkedin_4403814389
5,7,0,5,0.0,12,0,0.0,0.0,0.0,False,0.5108914,0,291_linkedin_4394457541,291,linkedin_4394457541
8,2,5,3,0.5,19,2,0.10526315789473684,1.0,0.0,False,0.23023447,0,736_linkedin_4322258118,736,linkedin_4322258118
8,9,5,3,0.5,13,3,0.23076923076923078,0.3333333333333333,0.5,False,0.46892193,0,40_linkedin_4306114541,40,linkedin_4306114541
12,7,0,12,0.0,4,0,0.0,0.0,0.0,False,0.30630872,0,551_linkedin_4407693846,551,linkedin_4407693846
1,6,0,1,0.0,30,0,0.0,0.0,0.0,False,0.27894115,0,527_linkedin_4288909079,527,linkedin_4288909079
12,7,5,7,0.0,20,0,0.0,0.0,0.0,False,0.4476373,0,204_linkedin_4253621103,204,linkedin_4253621103
4,7,5,-1,0.8333333333333334,27,1,0.037037037037037035,0.14285714285714285,0.0,False,0.39274988,0,564_linkedin_4393034116,564,linkedin_4393034116
15,9,5,10,0.0,20,0,0.0,0.0,0.0,False,0.46601158,0,195_linkedin_4405501317,195,linkedin_4405501317
1,6,0,1,0.0,18,0,0.0,0.0,0.0,False,0.23225288,0,53_linkedin_4402124066,53,linkedin_4402124066
4,7,1,3,0.0,8,0,0.0,0.0,0.3333333333333333,False,0.46133935,0,559_linkedin_4398924801,559,linkedin_4398924801
8,7,0,8,0.0,20,0,0.0,0.0,0.0,False,0.47970533,0,599_linkedin_4395284757,599,linkedin_4395284757
5,9,5,0,1.0,25,1,0.04,0.1111111111111111,0.0,False,0.34522125,0,710_linkedin_4398683439,710,linkedin_4398683439
1,6,2,-1,0.6666666666666667,12,0,0.0,0.0,0.0,False,0.22040625,0,257_linkedin_4302730124,257,linkedin_4302730124
3,8,2,1,0.6666666666666667,20,2,0.1,0.25,0.0,False,0.35453108,0,834_linkedin_4403888326,834,linkedin_4403888326
5,5,5,0,1.0,9,0,0.0,0.0,0.0,False,0.41729876,0,718_linkedin_4364800929,718,linkedin_4364800929
5,8,0,5,0.0,20,1,0.05,0.125,0.0,False,0.38008064,0,184_linkedin_4400389193,184,linkedin_4400389193
5,9,2,3,0.0,15,0,0.0,0.0,0.0,False,0.34489527,0,709_linkedin_4395864397,709,linkedin_4395864397
5,4,5,0,1.0,16,1,0.0625,0.25,0.25,False,0.41243315,0,752_linkedin_4386684180,752,linkedin_4386684180
12,6,8,4,0.5555555555555556,16,0,0.0,0.0,0.0,False,0.37106317,0,618_linkedin_4395454837,618,linkedin_4395454837
4,8,0,4,0.0,8,0,0.0,0.0,0.5,False,0.3742884,0,84_linkedin_4388916064,84,linkedin_4388916064
14,10,0,14,0.0,9,1,0.1111111111111111,0.1,0.0,False,0.33094072,0,119_linkedin_4401400375,119,linkedin_4401400375
9,8,1,8,0.0,15,0,0.0,0.0,0.0,False,0.39068303,0,536_linkedin_4397950631,536,linkedin_4397950631
5,7,2,3,0.0,14,0,0.0,0.0,0.0,True,0.10673312,0,596_linkedin_4382930677,596,linkedin_4382930677
5,9,2,3,0.0,18,2,0.1111111111111111,0.2222222222222222,0.0,False,0.29227775,0,709_linkedin_4398491928,709,linkedin_4398491928
3,2,5,-2,0.6666666666666667,15,0,0.0,0.0,0.25,False,0.27756515,0,821_linkedin_4405828129,821,linkedin_4405828129
1,6,2,-1,0.6666666666666667,4,0,0.0,0.0,0.0,False,0.35396203,0,243_linkedin_4399266480,243,linkedin_4399266480
5,2,5,0,1.0,19,2,0.10526315789473684,1.0,0.0,False,0.39002675,0,823_linkedin_4149709154,823,linkedin_4149709154
3,4,2,1,0.6666666666666667,4,0,0.0,0.0,0.3333333333333333,False,0.47918284,0,822_linkedin_4399266480,822,linkedin_4399266480
3,7,0,3,0.0,19,0,0.0,0.0,0.0,False,0.5103267,0,284_linkedin_4248970794,284,linkedin_4248970794
1,5,0,1,0.0,3,0,0.0,0.0,0.0,False,0.3025507,0,630_linkedin_4397483545,630,linkedin_4397483545
12,7,1,11,0.0,7,0,0.0,0.0,0.0,False,0.39657432,0,204_linkedin_4401584190,204,linkedin_4401584190
3,8,5,-2,0.6666666666666667,24,0,0.0,0.0,0.0,False,0.34409946,0,129_linkedin_4363392864,129,linkedin_4363392864
5,7,0,5,0.0,7,0,0.0,0.0,0.0,False,0.2987611,0,569_linkedin_4306126332,569,linkedin_4306126332
8,9,8,0,1.0,16,0,0.0,0.0,0.0,False,0.35064527,0,40_linkedin_4407191616,40,linkedin_4407191616
7,7,8,-1,0.8888888888888888,10,0,0.0,0.0,0.3333333333333333,False,0.36745003,0,279_linkedin_4374496748,279,linkedin_4374496748
2,6,1,1,0.5,7,1,0.14285714285714285,0.16666666666666666,0.0,False,0.36515382,0,146_linkedin_4258063386,146,linkedin_4258063386
4,8,5,-1,0.8333333333333334,15,0,0.0,0.0,0.0,False,0.4096953,0,127_linkedin_4393450943,127,linkedin_4393450943
5,7,0,5,0.0,16,0,0.0,0.0,0.0,False,0.25680164,0,789_linkedin_4234264274,789,linkedin_4234264274
7,5,0,7,0.0,8,0,0.0,0.0,0.0,False,0.34249496,0,296_linkedin_4311998769,296,linkedin_4311998769
5,3,0,5,0.0,31,2,0.06451612903225806,0.6666666666666666,0.0,False,0.42631695,0,677_linkedin_4407596617,677,linkedin_4407596617
3,8,1,2,0.0,15,0,0.0,0.0,0.0,False,0.28257063,0,105_linkedin_4398769407,105,linkedin_4398769407
7,6,2,5,0.0,6,0,0.0,0.0,0.0,False,0.21926223,0,613_linkedin_4408753649,613,linkedin_4408753649
7,7,5,2,0.6666666666666667,17,0,0.0,0.0,0.2,False,0.38465586,0,565_linkedin_4357742792,565,linkedin_4357742792
8,7,0,8,0.0,20,0,0.0,0.0,0.0,False,0.25924367,0,287_linkedin_4344341423,287,linkedin_4344341423
4,8,8,-4,0.5555555555555556,21,0,0.0,0.0,0.0,False,0.3746815,0,578_linkedin_4302192216,578,linkedin_4302192216
2,5,5,-3,0.5,14,0,0.0,0.0,0.0,False,0.32207403,0,170_linkedin_4345835030,170,linkedin_4345835030
4,6,0,4,0.0,24,0,0.0,0.0,0.0,False,0.31647503,0,634_linkedin_4373617053,634,linkedin_4373617053
11,7,8,3,0.6666666666666667,21,0,0.0,0.0,0.0,False,0.3527914,0,285_linkedin_4404204086,285,linkedin_4404204086
8,7,0,8,0.0,22,0,0.0,0.0,0.0,False,0.38390902,0,586_linkedin_4406587394,586,linkedin_4406587394
8,9,0,8,0.0,20,0,0.0,0.0,0.5,False,0.35694504,0,157_linkedin_4400518203,157,linkedin_4400518203
3,7,0,3,0.0,21,1,0.047619047619047616,0.14285714285714285,0.0,False,0.35394663,0,574_linkedin_4397564324,574,linkedin_4397564324
9,7,2,7,0.0,28,0,0.0,0.0,0.0,False,0.3816833,0,292_linkedin_4401926198,292,linkedin_4401926198
3,2,0,3,0.0,18,1,0.05555555555555555,0.5,0.0,False,0.4942308,0,821_linkedin_4374140055,821,linkedin_4374140055
4,6,0,4,0.0,17,0,0.0,0.0,0.0,False,0.21997935,0,634_linkedin_4403568041,634,linkedin_4403568041
2,8,0,2,0.0,1,0,0.0,0.0,0.0,False,0.24017338,0,534_linkedin_4408065442,534,linkedin_4408065442
8,6,5,3,0.5,20,0,0.0,0.0,0.3333333333333333,False,0.25643682,0,600_linkedin_4402708290,600,linkedin_4402708290
7,9,0,7,0.0,21,1,0.047619047619047616,0.1111111111111111,0.5,False,0.52953017,0,86_linkedin_4389813606,86,linkedin_4389813606
12,9,8,4,0.5555555555555556,10,0,0.0,0.0,0.0,False,0.2323411,0,143_linkedin_4380760589,143,linkedin_4380760589
4,8,2,2,0.33333333333333337,15,0,0.0,0.0,0.25,False,0.4084946,0,36_linkedin_4400762174,36,linkedin_4400762174
1,6,0,1,0.0,11,0,0.0,0.0,0.0,False,0.24164164,0,25_linkedin_4404745415,25,linkedin_4404745415
7,9,2,5,0.0,10,1,0.1,0.1111111111111111,0.0,False,0.27459273,0,38_linkedin_4344686674,38,linkedin_4344686674
4,8,5,-1,0.8333333333333334,12,0,0.0,0.0,0.5,False,0.5139527,0,31_linkedin_4287154113,31,linkedin_4287154113
2,7,8,-6,0.33333333333333337,31,1,0.03225806451612903,0.14285714285714285,0.0,False,0.2080691,0,594_linkedin_4403886522,594,linkedin_4403886522
5,9,0,5,0.0,22,0,0.0,0.0,0.0,False,0.16188839,0,820_linkedin_4404380462,820,linkedin_4404380462
12,7,2,10,0.0,17,1,0.058823529411764705,0.14285714285714285,0.3333333333333333,False,0.31531227,0,551_linkedin_4399515674,551,linkedin_4399515674
7,7,5,2,0.6666666666666667,36,0,0.0,0.0,0.0,False,0.40808448,0,279_linkedin_4405732569,279,linkedin_4405732569
8,4,0,8,0.0,13,0,0.0,0.0,0.0,False,0.35860988,0,754_linkedin_4371440873,754,linkedin_4371440873
5,2,2,3,0.0,15,1,0.06666666666666667,0.5,0.0,False,0.2047368,0,734_linkedin_4395864397,734,linkedin_4395864397
8,9,8,0,1.0,29,0,0.0,0.0,0.0,False,0.28985727,0,17_linkedin_4388654643,17,linkedin_4388654643
3,8,2,1,0.6666666666666667,12,1,0.08333333333333333,0.125,0.0,False,0.2347903,0,179_linkedin_4302730124,179,linkedin_4302730124
5,9,8,-3,0.6666666666666667,24,3,0.125,0.3333333333333333,0.0,False,0.25896594,0,711_linkedin_4371491208,711,linkedin_4371491208
8,9,5,3,0.5,7,1,0.14285714285714285,0.1111111111111111,0.0,False,0.43072534,0,707_linkedin_4402184061,707,linkedin_4402184061
2,7,0,2,0.0,15,0,0.0,0.0,0.0,False,0.4293147,0,283_linkedin_4324724464,283,linkedin_4324724464
12,8,0,12,0.0,5,0,0.0,0.0,0.0,False,0.24135645,0,583_linkedin_4373537720,583,linkedin_4373537720
6,7,0,6,0.0,31,1,0.03225806451612903,0.14285714285714285,0.3333333333333333,False,0.3703731,0,587_linkedin_4401925667,587,linkedin_4401925667
7,7,2,5,0.0,14,0,0.0,0.0,0.0,True,0.19812693,0,207_linkedin_4382930677,207,linkedin_4382930677
3,9,8,-5,0.4444444444444444,14,2,0.14285714285714285,0.2222222222222222,0.0,False,0.38979596,0,811_linkedin_4404848992,811,linkedin_4404848992
10,6,2,8,0.0,13,0,0.0,0.0,0.0,False,0.30485678,0,621_linkedin_4400797370,621,linkedin_4400797370
1,6,5,-4,0.33333333333333337,22,2,0.09090909090909091,0.3333333333333333,0.0,False,0.42928362,0,29_linkedin_4404788700,29,linkedin_4404788700
6,7,5,1,0.8333333333333334,18,0,0.0,0.0,0.0,False,0.42706603,0,590_linkedin_4274317546,590,linkedin_4274317546
15,9,5,10,0.0,15,0,0.0,0.0,0.0,False,0.36247423,0,200_linkedin_4407827409,200,linkedin_4407827409
5,2,8,-3,0.6666666666666667,16,0,0.0,0.0,0.3333333333333333,False,0.42969358,0,735_linkedin_4407191616,735,linkedin_4407191616
9,7,0,9,0.0,18,0,0.0,0.0,0.0,False,0.18401684,0,570_linkedin_4374029128,570,linkedin_4374029128
8,9,5,3,0.5,20,1,0.05,0.1111111111111111,0.0,False,0.31303346,0,112_linkedin_4403903954,112,linkedin_4403903954
5,5,0,5,0.0,25,1,0.04,0.2,0.0,False,0.51441765,0,679_linkedin_4405825476,679,linkedin_4405825476
4,7,2,2,0.33333333333333337,15,0,0.0,0.0,0.0,False,0.2292729,0,295_linkedin_4380276787,295,linkedin_4380276787
9,7,5,4,0.33333333333333337,14,0,0.0,0.0,0.0,False,0.34587768,0,570_linkedin_4406298336,570,linkedin_4406298336
5,9,0,5,0.0,29,2,0.06896551724137931,0.2222222222222222,0.0,False,0.4560553,0,669_linkedin_4402861096,669,linkedin_4402861096
3,8,5,-2,0.6666666666666667,18,1,0.05555555555555555,0.125,0.0,False,0.36742216,0,12_linkedin_4282730480,12,linkedin_4282730480
3,2,2,1,0.6666666666666667,14,1,0.07142857142857142,0.5,0.0,False,0.2636313,0,825_linkedin_4404031827,825,linkedin_4404031827
9,6,0,9,0.0,14,0,0.0,0.0,0.3333333333333333,False,0.33704922,0,616_linkedin_4373553675,616,linkedin_4373553675
2,5,0,2,0.0,23,1,0.043478260869565216,0.2,0.0,False,0.22010933,0,126_linkedin_4400814518,126,linkedin_4400814518
10,7,0,10,0.0,18,0,0.0,0.0,0.25,False,0.44192058,0,557_linkedin_4402741020,557,linkedin_4402741020
4,8,1,3,0.0,32,0,0.0,0.0,0.0,False,0.23915641,0,578_linkedin_4404728264,578,linkedin_4404728264
3,7,0,3,0.0,19,0,0.0,0.0,0.0,False,0.24095786,0,284_linkedin_4323538557,284,linkedin_4323538557
7,5,0,7,0.0,21,0,0.0,0.0,0.0,False,0.29481632,0,296_linkedin_4397564324,296,linkedin_4397564324
5,6,0,5,0.0,19,0,0.0,0.0,0.0,False,0.38940844,0,623_linkedin_4248971752,623,linkedin_4248971752
13,10,2,11,0.0,24,1,0.041666666666666664,0.1,0.0,False,0.29636467,0,120_linkedin_4408275707,120,linkedin_4408275707
5,9,5,0,1.0,17,1,0.058823529411764705,0.1111111111111111,0.0,False,0.30436772,0,793_linkedin_4379247354,793,linkedin_4379247354
1,5,0,1,0.0,21,1,0.047619047619047616,0.2,0.0,False,0.39717367,0,641_linkedin_4373586373,641,linkedin_4373586373
5,5,0,5,0.0,5,0,0.0,0.0,0.0,False,0.2949136,0,302_linkedin_4335981820,302,linkedin_4335981820
2,6,0,2,0.0,16,1,0.0625,0.16666666666666666,0.0,False,0.28729478,0,100_linkedin_4403380313,100,linkedin_4403380313
7,7,0,7,0.0,18,0,0.0,0.0,0.0,False,0.28623116,0,523_linkedin_4377852756,523,linkedin_4377852756
5,9,0,5,0.0,9,1,0.1111111111111111,0.1111111111111111,0.0,False,0.3495737,0,747_linkedin_4369660643,747,linkedin_4369660643
10,7,0,10,0.0,29,0,0.0,0.0,0.0,False,0.31689885,0,216_linkedin_4387690365,216,linkedin_4387690365
4,8,0,4,0.0,10,0,0.0,0.0,0.0,False,0.36441663,0,7_linkedin_4408073332,7,linkedin_4408073332
5,8,5,0,1.0,19,1,0.05263157894736842,0.125,0.0,False,0.3265532,0,107_linkedin_4401639136,107,linkedin_4401639136
7,7,2,5,0.0,10,0,0.0,0.0,0.0,False,0.2043899,0,595_linkedin_4400445215,595,linkedin_4400445215
9,9,5,4,0.33333333333333337,22,0,0.0,0.0,0.3333333333333333,False,0.34960324,0,14_linkedin_4396875073,14,linkedin_4396875073
5,8,0,5,0.0,37,2,0.05405405405405406,0.25,0.0,False,0.5181433,0,177_linkedin_4330438339,177,linkedin_4330438339
15,6,0,15,0.0,13,0,0.0,0.0,0.0,False,0.25107673,0,632_linkedin_4407539266,632,linkedin_4407539266
5,8,2,3,0.0,23,1,0.043478260869565216,0.125,0.0,False,0.29802796,0,539_linkedin_4407309760,539,linkedin_4407309760
7,9,2,5,0.0,24,1,0.041666666666666664,0.1111111111111111,0.0,False,0.44280532,0,111_linkedin_4407406219,111,linkedin_4407406219
5,6,2,3,0.0,13,1,0.07692307692307693,0.16666666666666666,0.0,False,0.2935711,0,803_linkedin_4409052156,803,linkedin_4409052156
5,7,8,-3,0.6666666666666667,21,0,0.0,0.0,0.0,False,0.2936615,0,569_linkedin_4404204086,569,linkedin_4404204086
9,9,5,4,0.33333333333333337,10,0,0.0,0.0,0.0,False,0.40401658,0,42_linkedin_4397764397,42,linkedin_4397764397
1,5,5,-4,0.33333333333333337,13,0,0.0,0.0,0.0,False,0.28750458,0,300_linkedin_4306114541,300,linkedin_4306114541
1,7,0,1,0.0,22,2,0.09090909090909091,0.2857142857142857,0.0,False,0.2614507,0,542_linkedin_4406562430,542,linkedin_4406562430
5,4,5,0,1.0,20,1,0.05,0.25,0.2,False,0.48117208,0,752_linkedin_4404294191,752,linkedin_4404294191
9,7,0,9,0.0,19,0,0.0,0.0,0.0,False,0.27498478,0,281_linkedin_4323538557,281,linkedin_4323538557
9,7,2,7,0.0,5,0,0.0,0.0,0.16666666666666666,False,0.444115,0,292_linkedin_4360652943,292,linkedin_4360652943
15,7,2,13,0.0,13,0,0.0,0.0,0.0,False,0.26598808,0,247_linkedin_4382400116,247,linkedin_4382400116
5,9,2,3,0.0,4,1,0.25,0.1111111111111111,0.0,False,0.3365858,0,727_linkedin_4406479332,727,linkedin_4406479332
13,9,5,8,0.0,12,0,0.0,0.0,0.0,False,0.29783514,0,142_linkedin_4400784221,142,linkedin_4400784221
1,7,5,-4,0.33333333333333337,26,1,0.038461538461538464,0.14285714285714285,0.0,False,0.20761962,0,561_linkedin_4400719877,561,linkedin_4400719877
7,7,8,-1,0.8888888888888888,16,0,0.0,0.0,0.0,False,0.2616012,0,565_linkedin_4407191616,565,linkedin_4407191616
8,5,2,6,0.0,13,1,0.07692307692307693,0.2,0.0,False,0.28051347,0,755_linkedin_4409042754,755,linkedin_4409042754
4,8,2,2,0.33333333333333337,12,0,0.0,0.0,0.0,False,0.26742446,0,7_linkedin_4402960543,7,linkedin_4402960543
12,7,0,12,0.0,19,0,0.0,0.0,0.16666666666666666,False,0.4053928,0,204_linkedin_4403559658,204,linkedin_4403559658
7,9,2,5,0.0,18,0,0.0,0.0,0.0,False,0.39997756,0,38_linkedin_4397274613,38,linkedin_4397274613
12,6,0,12,0.0,13,0,0.0,0.0,0.3333333333333333,False,0.24757908,0,626_linkedin_3900248708,626,linkedin_3900248708
9,9,5,4,0.33333333333333337,20,0,0.0,0.0,0.0,False,0.31345698,0,39_linkedin_4402708290,39,linkedin_4402708290
2,5,5,-3,0.5,12,0,0.0,0.0,0.0,False,0.19509347,0,172_linkedin_4357419117,172,linkedin_4357419117
7,5,5,2,0.6666666666666667,17,0,0.0,0.0,0.0,False,0.26364374,0,296_linkedin_4394756229,296,linkedin_4394756229
8,9,0,8,0.0,10,0,0.0,0.0,0.0,False,0.30284572,0,88_linkedin_4408073332,88,linkedin_4408073332
12,7,0,12,0.0,6,1,0.16666666666666666,0.14285714285714285,0.5,False,0.3694779,0,551_linkedin_4402766483,551,linkedin_4402766483
15,6,0,15,0.0,31,0,0.0,0.0,0.0,False,0.24093975,0,632_linkedin_4401925667,632,linkedin_4401925667
13,9,5,8,0.0,23,0,0.0,0.0,0.0,False,0.3733293,0,198_linkedin_4406169272,198,linkedin_4406169272
5,4,0,5,0.0,4,0,0.0,0.0,0.0,False,0.28297958,0,671_linkedin_4390682886,671,linkedin_4390682886
5,7,2,3,0.0,9,0,0.0,0.0,0.0,False,0.30847874,0,556_linkedin_4394793241,556,linkedin_4394793241
8,10,2,6,0.0,20,0,0.0,0.0,0.0,False,0.33341423,0,85_linkedin_4399227678,85,linkedin_4399227678
9,9,8,1,0.8888888888888888,16,0,0.0,0.0,0.0,False,0.32519177,0,192_linkedin_4407191616,192,linkedin_4407191616
4,8,2,2,0.33333333333333337,8,0,0.0,0.0,0.0,False,0.2800861,0,578_linkedin_4395150935,578,linkedin_4395150935
5,7,2,3,0.0,7,0,0.0,0.0,0.0,False,0.46938598,0,766_linkedin_4395298696,766,linkedin_4395298696
1,5,0,1,0.0,13,0,0.0,0.0,0.0,False,0.31890333,0,592_linkedin_4371440873,592,linkedin_4371440873
5,2,2,3,0.0,9,1,0.1111111111111111,0.5,0.0,False,0.27955914,0,735_linkedin_4400719541,735,linkedin_4400719541
5,5,8,-3,0.6666666666666667,16,1,0.0625,0.2,0.0,False,0.46201658,0,716_linkedin_4403392798,716,linkedin_4403392798
5,9,0,5,0.0,28,4,0.14285714285714285,0.4444444444444444,0.2,False,0.47675565,0,793_linkedin_4358149059,793,linkedin_4358149059
8,8,5,3,0.5,13,0,0.0,0.0,0.0,False,0.38976446,0,160_linkedin_4400750306,160,linkedin_4400750306
2,7,5,-3,0.5,18,0,0.0,0.0,0.0,False,0.37912905,0,566_linkedin_4399022535,566,linkedin_4399022535
6,7,5,1,0.8333333333333334,12,0,0.0,0.0,0.5,False,0.23573819,0,567_linkedin_4396653788,567,linkedin_4396653788
12,10,0,12,0.0,18,1,0.05555555555555555,0.1,0.0,False,0.38296673,0,45_linkedin_4402741020,45,linkedin_4402741020
1,7,0,1,0.0,22,0,0.0,0.0,0.0,False,0.3828453,0,224_linkedin_4371890342,224,linkedin_4371890342
8,6,5,3,0.5,21,0,0.0,0.0,0.0,False,0.34436938,0,600_linkedin_4402429137,600,linkedin_4402429137
9,9,0,9,0.0,20,1,0.05,0.1111111111111111,0.16666666666666666,False,0.34774122,0,18_linkedin_4329842982,18,linkedin_4329842982
12,10,0,12,0.0,11,1,0.09090909090909091,0.1,0.0,False,0.28902847,0,118_linkedin_4403518158,118,linkedin_4403518158
4,6,0,4,0.0,31,0,0.0,0.0,0.0,False,0.25832212,0,629_linkedin_4401925667,629,linkedin_4401925667
4,7,5,-1,0.8333333333333334,26,1,0.038461538461538464,0.14285714285714285,0.0,False,0.2797591,0,559_linkedin_4407338691,559,linkedin_4407338691
8,7,2,6,0.0,18,0,0.0,0.0,0.0,False,0.14144596,0,529_linkedin_4280326603,529,linkedin_4280326603
10,6,5,5,0.16666666666666663,22,0,0.0,0.0,0.0,False,0.38290346,0,609_linkedin_4396875073,609,linkedin_4396875073
14,10,5,9,0.0,17,1,0.058823529411764705,0.1,0.0,False,0.39744747,0,119_linkedin_4405577156,119,linkedin_4405577156
4,7,0,4,0.0,16,0,0.0,0.0,0.0,False,0.37816364,0,549_linkedin_4384724835,549,linkedin_4384724835
4,8,2,2,0.33333333333333337,7,0,0.0,0.0,0.0,False,0.052033264,0,108_linkedin_4369062731,108,linkedin_4369062731
4,7,1,3,0.0,10,0,0.0,0.0,0.0,False,0.33605745,0,280_linkedin_4402237300,280,linkedin_4402237300
5,5,0,5,0.0,10,0,0.0,0.0,0.0,False,0.283498,0,679_linkedin_4381354100,679,linkedin_4381354100
8,6,0,8,0.0,11,0,0.0,0.0,0.0,False,0.33782163,0,622_linkedin_4403518158,622,linkedin_4403518158
12,7,0,12,0.0,19,0,0.0,0.0,0.0,False,0.31464663,0,238_linkedin_4404284803,238,linkedin_4404284803
1,5,0,1,0.0,17,0,0.0,0.0,0.0,False,0.24416743,0,1_linkedin_4407606308,1,linkedin_4407606308
1,5,2,-1,0.6666666666666667,12,0,0.0,0.0,0.0,False,0.31701782,0,592_linkedin_4406969090,592,linkedin_4406969090
4,6,2,2,0.33333333333333337,17,0,0.0,0.0,0.0,False,0.030271763,0,521_linkedin_4399515674,521,linkedin_4399515674
2,7,5,-3,0.5,10,0,0.0,0.0,0.0,False,0.3962167,0,566_linkedin_4397764397,566,linkedin_4397764397
8,9,0,8,0.0,10,1,0.1,0.1111111111111111,0.0,False,0.19677307,0,40_linkedin_4405414432,40,linkedin_4405414432
7,9,0,7,0.0,29,1,0.034482758620689655,0.1111111111111111,0.0,False,0.24070089,0,41_linkedin_4407424753,41,linkedin_4407424753
5,8,0,5,0.0,23,4,0.17391304347826086,0.5,0.0,False,0.45116422,0,181_linkedin_4402976861,181,linkedin_4402976861
7,9,5,2,0.6666666666666667,9,0,0.0,0.0,0.0,False,0.5485178,0,158_linkedin_4405496715,158,linkedin_4405496715
7,7,5,2,0.6666666666666667,11,0,0.0,0.0,0.0,False,0.33707607,0,511_linkedin_4388985453,511,linkedin_4388985453
8,9,8,0,1.0,9,1,0.1111111111111111,0.1111111111111111,0.0,False,0.35633743,0,689_linkedin_4405310083,689,linkedin_4405310083
2,6,5,-3,0.5,10,0,0.0,0.0,0.0,False,0.32360584,0,98_linkedin_4373337133,98,linkedin_4373337133
1,5,5,-4,0.33333333333333337,15,0,0.0,0.0,0.0,False,0.3641078,0,309_linkedin_4389708516,309,linkedin_4389708516
5,9,5,0,1.0,12,1,0.08333333333333333,0.1111111111111111,0.0,False,0.1161235,0,778_linkedin_4399821348,778,linkedin_4399821348
5,2,0,5,0.0,18,0,0.0,0.0,0.0,False,0.490377,0,753_linkedin_4405983499,753,linkedin_4405983499
12,7,0,12,0.0,16,0,0.0,0.0,0.0,False,0.21239501,0,227_linkedin_4406640355,227,linkedin_4406640355
3,6,5,-2,0.6666666666666667,20,0,0.0,0.0,0.0,False,0.28982604,0,230_linkedin_4403903954,230,linkedin_4403903954
5,8,0,5,0.0,28,1,0.03571428571428571,0.125,0.0,False,0.37772328,0,8_linkedin_4260573446,8,linkedin_4260573446
7,7,0,7,0.0,13,0,0.0,0.0,0.0,True,0.1937704,0,595_linkedin_4404471375,595,linkedin_4404471375
4,7,2,2,0.33333333333333337,29,0,0.0,0.0,0.0,False,0.1489523,0,524_linkedin_4403718001,524,linkedin_4403718001
8,7,0,8,0.0,18,0,0.0,0.0,0.0,False,0.20455192,0,191_linkedin_4362542861,191,linkedin_4362542861
7,7,8,-1,0.8888888888888888,18,0,0.0,0.0,0.0,False,0.41871127,0,279_linkedin_4227396573,279,linkedin_4227396573
1,5,0,1,0.0,25,0,0.0,0.0,0.0,False,0.2732125,0,592_linkedin_4383134067,592,linkedin_4383134067
5,2,0,5,0.0,21,2,0.09523809523809523,1.0,0.0,False,0.15951522,0,734_linkedin_4397564324,734,linkedin_4397564324
12,6,8,4,0.5555555555555556,16,0,0.0,0.0,0.0,False,0.40537208,0,526_linkedin_4407191616,526,linkedin_4407191616
12,10,8,4,0.5555555555555556,12,2,0.16666666666666666,0.2,0.0,False,0.49544975,0,48_linkedin_4312697868,48,linkedin_4312697868
1,7,0,1,0.0,5,1,0.2,0.14285714285714285,0.0,False,0.30795786,0,542_linkedin_4393566399,542,linkedin_4393566399
14,9,0,14,0.0,8,0,0.0,0.0,0.0,False,0.37701845,0,140_linkedin_4304629387,140,linkedin_4304629387
4,6,0,4,0.0,11,0,0.0,0.0,0.0,False,0.37164125,0,612_linkedin_4404066996,612,linkedin_4404066996
8,9,0,8,0.0,23,1,0.043478260869565216,0.1111111111111111,0.16666666666666666,False,0.44214818,0,37_linkedin_4408752869,37,linkedin_4408752869
5,4,2,3,0.0,12,3,0.25,0.75,0.0,False,0.25490978,0,717_linkedin_4302730124,717,linkedin_4302730124
5,2,5,0,1.0,18,0,0.0,0.0,0.0,False,0.4442183,0,823_linkedin_4399022535,823,linkedin_4399022535
4,8,0,4,0.0,12,1,0.08333333333333333,0.125,0.0,False,0.39692694,0,543_linkedin_4358163516,543,linkedin_4358163516
10,7,5,5,0.16666666666666663,22,0,0.0,0.0,0.0,False,0.37070125,0,557_linkedin_4396875073,557,linkedin_4396875073
6,6,5,1,0.8333333333333334,7,0,0.0,0.0,0.0,False,0.39689174,0,255_linkedin_4399540422,255,linkedin_4399540422
7,7,0,7,0.0,12,0,0.0,0.0,0.0,False,0.2624038,0,595_linkedin_4389069426,595,linkedin_4389069426
3,4,5,-2,0.6666666666666667,32,2,0.0625,0.5,0.0,False,0.41231826,0,822_linkedin_4394717480,822,linkedin_4394717480
1,5,5,-4,0.33333333333333337,21,0,0.0,0.0,0.0,False,0.25181302,0,125_linkedin_4400366293,125,linkedin_4400366293
13,10,8,5,0.4444444444444444,28,0,0.0,0.0,0.0,False,0.15214139,0,95_linkedin_4400166951,95,linkedin_4400166951
3,4,0,3,0.0,11,1,0.09090909090909091,0.25,0.0,False,0.28871843,0,808_linkedin_4407173733,808,linkedin_4407173733
5,7,8,-3,0.6666666666666667,21,0,0.0,0.0,0.0,False,0.32026336,0,596_linkedin_4404204086,596,linkedin_4404204086
2,5,5,-3,0.5,9,0,0.0,0.0,0.0,False,0.2908406,0,122_linkedin_4404427063,122,linkedin_4404427063
10,9,0,10,0.0,11,1,0.09090909090909091,0.1111111111111111,0.0,False,0.406207,0,114_linkedin_4404066996,114,linkedin_4404066996
9,7,5,4,0.33333333333333337,11,0,0.0,0.0,0.0,False,0.278416,0,275_linkedin_4407601685,275,linkedin_4407601685
5,7,5,0,1.0,10,0,0.0,0.0,0.0,False,0.42646176,0,226_linkedin_4406501562,226,linkedin_4406501562
9,9,2,7,0.0,21,5,0.23809523809523808,0.5555555555555556,0.0,False,0.40319598,0,192_linkedin_4396958592,192,linkedin_4396958592
1,5,5,-4,0.33333333333333337,29,0,0.0,0.0,0.0,False,0.3107932,0,121_linkedin_4404753015,121,linkedin_4404753015
5,9,2,3,0.0,21,0,0.0,0.0,0.0,False,0.1284862,0,839_linkedin_4373654996,839,linkedin_4373654996
1,6,0,1,0.0,29,0,0.0,0.0,0.0,False,0.1620472,0,29_linkedin_4407424753,29,linkedin_4407424753
7,8,0,7,0.0,5,1,0.2,0.125,0.0,False,0.1660919,0,544_linkedin_4196667098,544,linkedin_4196667098
8,7,0,8,0.0,19,0,0.0,0.0,0.0,False,0.39603564,0,586_linkedin_4386971508,586,linkedin_4386971508
5,8,8,-3,0.6666666666666667,21,1,0.047619047619047616,0.125,0.0,False,0.3855439,0,184_linkedin_4404204086,184,linkedin_4404204086
2,8,2,0,1.0,18,0,0.0,0.0,0.0,False,0.33283296,0,580_linkedin_4381945031,580,linkedin_4381945031
1,5,0,1,0.0,13,0,0.0,0.0,0.0,False,0.22520691,0,309_linkedin_4322102881,309,linkedin_4322102881
15,10,0,15,0.0,8,0,0.0,0.0,0.0,False,0.15464343,0,21_linkedin_4395488105,21,linkedin_4395488105
3,8,0,3,0.0,11,2,0.18181818181818182,0.25,0.0,False,0.258301,0,153_linkedin_4306117436,153,linkedin_4306117436
10,9,5,5,0.16666666666666663,10,1,0.1,0.1111111111111111,0.16666666666666666,False,0.33267632,0,114_linkedin_4402483406,114,linkedin_4402483406
3,4,2,1,0.6666666666666667,18,1,0.05555555555555555,0.25,0.0,False,0.41490257,0,822_linkedin_4407423993,822,linkedin_4407423993
5,5,0,5,0.0,22,3,0.13636363636363635,0.6,0.0,False,0.27151328,0,716_linkedin_4304013814,716,linkedin_4304013814
13,10,5,8,0.0,15,1,0.06666666666666667,0.1,0.0,False,0.37582242,0,19_linkedin_4363062982,19,linkedin_4363062982
5,3,1,4,0.0,30,2,0.06666666666666667,0.6666666666666666,0.0,False,0.4494394,0,756_linkedin_4337643834,756,linkedin_4337643834
5,6,2,3,0.0,19,0,0.0,0.0,0.0,False,0.36846194,0,517_linkedin_4379617586,517,linkedin_4379617586
9,9,8,1,0.8888888888888888,21,0,0.0,0.0,0.0,False,0.29762676,0,66_linkedin_4403942398,66,linkedin_4403942398
11,7,5,6,0.0,14,0,0.0,0.0,0.0,False,0.3383806,0,285_linkedin_4402749745,285,linkedin_4402749745
10,5,5,5,0.16666666666666663,4,0,0.0,0.0,0.3333333333333333,False,0.35679722,0,305_linkedin_4397519592,305,linkedin_4397519592
12,7,0,12,0.0,8,0,0.0,0.0,0.0,False,0.20212366,0,238_linkedin_4395488105,238,linkedin_4395488105
10,7,2,8,0.0,13,0,0.0,0.0,0.0,False,0.26913494,0,261_linkedin_4404693152,261,linkedin_4404693152
12,7,2,10,0.0,12,0,0.0,0.0,0.2,False,0.25613165,0,204_linkedin_4302730124,204,linkedin_4302730124
1,5,2,-1,0.6666666666666667,14,0,0.0,0.0,0.0,True,0.38140532,0,171_linkedin_4402454825,171,linkedin_4402454825
6,3,0,6,0.0,26,0,0.0,0.0,0.0,False,0.30008546,0,800_linkedin_4405103891,800,linkedin_4405103891
3,7,1,2,0.0,14,0,0.0,0.0,0.5,False,0.3025271,0,290_linkedin_4404074579,290,linkedin_4404074579
12,7,0,12,0.0,30,2,0.06666666666666667,0.2857142857142857,0.0,False,0.30387613,0,520_linkedin_4367173254,520,linkedin_4367173254
2,6,0,2,0.0,30,0,0.0,0.0,0.0,False,0.3132864,0,78_linkedin_4288909079,78,linkedin_4288909079
9,7,2,7,0.0,10,1,0.1,0.14285714285714285,0.0,False,0.3377703,0,514_linkedin_4403192693,514,linkedin_4403192693
10,7,2,8,0.0,21,0,0.0,0.0,0.0,False,0.108383656,0,261_linkedin_4403721444,261,linkedin_4403721444
4,7,5,-1,0.8333333333333334,8,0,0.0,0.0,0.0,False,0.34798208,0,280_linkedin_4380570544,280,linkedin_4380570544
4,8,8,-4,0.5555555555555556,21,1,0.047619047619047616,0.125,0.0,False,0.32447475,0,130_linkedin_4404204086,130,linkedin_4404204086
10,7,0,10,0.0,3,0,0.0,0.0,0.0,False,0.33156314,0,557_linkedin_4408243480,557,linkedin_4408243480
2,6,0,2,0.0,10,0,0.0,0.0,0.0,False,0.3031739,0,235_linkedin_4408073332,235,linkedin_4408073332
5,9,5,0,1.0,36,1,0.027777777777777776,0.1111111111111111,0.0,False,0.28614172,0,817_linkedin_4370781613,817,linkedin_4370781613
5,5,5,0,1.0,11,0,0.0,0.0,0.5,False,0.38018027,0,771_linkedin_4375585139,771,linkedin_4375585139
3,7,5,-2,0.6666666666666667,16,0,0.0,0.0,0.0,False,0.46335497,0,290_linkedin_4405344110,290,linkedin_4405344110
15,5,2,13,0.0,14,0,0.0,0.0,0.0,False,0.09255905,0,310_linkedin_4404031827,310,linkedin_4404031827
7,9,5,2,0.6666666666666667,10,0,0.0,0.0,0.0,False,0.28592765,0,190_linkedin_4373337133,190,linkedin_4373337133
3,8,0,3,0.0,20,0,0.0,0.0,0.0,False,0.30251396,0,9_linkedin_4373122214,9,linkedin_4373122214
1,5,5,-4,0.33333333333333337,22,0,0.0,0.0,0.0,False,0.32514787,0,309_linkedin_4395980650,309,linkedin_4395980650
15,7,5,10,0.0,2,0,0.0,0.0,0.0,False,0.33621827,0,211_linkedin_4406853691,211,linkedin_4406853691
12,7,2,10,0.0,12,0,0.0,0.0,0.2,False,0.32722342,0,238_linkedin_4302730124,238,linkedin_4302730124
5,5,0,5,0.0,18,2,0.1111111111111111,0.4,0.0,False,0.19434291,0,716_linkedin_4383264523,716,linkedin_4383264523
13,9,0,13,0.0,8,0,0.0,0.0,0.0,False,0.21791916,0,139_linkedin_4389947100,139,linkedin_4389947100
11,8,2,9,0.0,22,0,0.0,0.0,0.0,False,0.25790027,0,537_linkedin_4397674807,537,linkedin_4397674807
5,2,8,-3,0.6666666666666667,12,1,0.08333333333333333,0.5,0.0,False,0.33045423,0,734_linkedin_4306125314,734,linkedin_4306125314
14,10,0,14,0.0,13,0,0.0,0.0,0.0,False,0.3675834,0,96_linkedin_4333791788,96,linkedin_4333791788
7,9,2,5,0.0,14,0,0.0,0.0,0.3333333333333333,False,0.29239124,0,86_linkedin_4404031827,86,linkedin_4404031827
12,7,0,12,0.0,30,1,0.03333333333333333,0.14285714285714285,0.0,False,0.35753816,0,204_linkedin_4288909079,204,linkedin_4288909079
5,9,8,-3,0.6666666666666667,19,2,0.10526315789473684,0.2222222222222222,0.0,False,0.427175,0,793_linkedin_4395484658,793,linkedin_4395484658
9,6,8,1,0.8888888888888888,10,0,0.0,0.0,0.0,False,0.44822615,0,616_linkedin_4383975364,616,linkedin_4383975364
5,8,0,5,0.0,21,0,0.0,0.0,0.0,False,0.25999397,0,128_linkedin_4361439395,128,linkedin_4361439395
5,7,0,5,0.0,8,0,0.0,0.0,0.0,False,0.21682802,0,239_linkedin_4406231599,239,linkedin_4406231599
5,7,0,5,0.0,31,0,0.0,0.0,0.3333333333333333,False,0.25558373,0,556_linkedin_4401925667,556,linkedin_4401925667
5,8,0,5,0.0,26,1,0.038461538461538464,0.125,0.0,False,0.18979041,0,11_linkedin_4403103710,11,linkedin_4403103710
5,5,2,3,0.0,10,1,0.1,0.2,0.0,False,0.46351206,0,723_linkedin_4400445215,723,linkedin_4400445215
10,7,0,10,0.0,13,0,0.0,0.0,0.0,False,0.29618937,0,293_linkedin_4406258431,293,linkedin_4406258431
3,4,1,2,0.0,9,0,0.0,0.0,0.0,False,0.3399823,0,824_linkedin_4405970254,824,linkedin_4405970254
1,6,5,-4,0.33333333333333337,6,0,0.0,0.0,0.0,False,0.382336,0,243_linkedin_4403924844,243,linkedin_4403924844
1,6,0,1,0.0,14,0,0.0,0.0,0.0,False,0.3996703,0,149_linkedin_4377168699,149,linkedin_4377168699
2,5,0,2,0.0,19,1,0.05263157894736842,0.2,0.0,False,0.36520094,0,2_linkedin_4403829518,2,linkedin_4403829518
13,10,0,13,0.0,18,1,0.05555555555555555,0.1,0.0,False,0.4189835,0,67_linkedin_4402741020,67,linkedin_4402741020
8,7,0,8,0.0,11,0,0.0,0.0,0.0,False,0.16156182,0,529_linkedin_4397959321,529,linkedin_4397959321
9,9,5,4,0.33333333333333337,15,1,0.06666666666666667,0.1111111111111111,0.0,False,0.41854617,0,162_linkedin_4344634134,162,linkedin_4344634134
4,6,0,4,0.0,22,0,0.0,0.0,0.0,False,0.5478605,0,612_linkedin_4408772900,612,linkedin_4408772900
5,8,2,3,0.0,12,1,0.08333333333333333,0.125,0.0,True,0.32611874,0,107_linkedin_4397716588,107,linkedin_4397716588
9,8,1,8,0.0,29,0,0.0,0.0,0.0,False,0.19426967,0,581_linkedin_4302523735,581,linkedin_4302523735
1,6,2,-1,0.6666666666666667,22,0,0.0,0.0,0.0,False,0.33880463,0,73_linkedin_4407623224,73,linkedin_4407623224
5,9,0,5,0.0,10,1,0.1,0.1111111111111111,0.0,False,0.21530163,0,712_linkedin_4408073332,712,linkedin_4408073332
3,7,8,-5,0.4444444444444444,39,0,0.0,0.0,0.0,False,0.28268102,0,284_linkedin_4394603899,284,linkedin_4394603899
1,5,5,-4,0.33333333333333337,20,0,0.0,0.0,0.0,False,0.31608102,0,125_linkedin_4398104408,125,linkedin_4398104408
1,7,5,-4,0.33333333333333337,10,0,0.0,0.0,0.0,False,0.30327898,0,561_linkedin_4406501562,561,linkedin_4406501562
15,10,2,13,0.0,12,0,0.0,0.0,0.0,False,0.42810223,0,21_linkedin_4405623751,21,linkedin_4405623751
4,8,0,4,0.0,20,1,0.05,0.125,0.0,False,0.40219265,0,132_linkedin_4397466991,132,linkedin_4397466991
5,5,0,5,0.0,9,2,0.2222222222222222,0.4,0.0,True,0.38353407,0,716_linkedin_4406824756,716,linkedin_4406824756
6,7,5,1,0.8333333333333334,22,0,0.0,0.0,0.0,False,0.36855626,0,590_linkedin_4402927026,590,linkedin_4402927026
4,8,2,2,0.33333333333333337,14,0,0.0,0.0,0.0,False,0.36263654,0,10_linkedin_4404092359,10,linkedin_4404092359
5,9,1,4,0.0,10,4,0.4,0.4444444444444444,0.0,False,0.5333142,0,784_linkedin_4407186956,784,linkedin_4407186956
1,6,5,-4,0.33333333333333337,19,0,0.0,0.0,0.0,False,0.3368847,0,257_linkedin_4385010691,257,linkedin_4385010691
8,7,0,8,0.0,21,0,0.0,0.0,0.0,False,0.1855491,0,191_linkedin_4397564324,191,linkedin_4397564324
9,9,0,9,0.0,3,0,0.0,0.0,0.0,False,0.4322379,0,192_linkedin_4341090701,192,linkedin_4341090701
5,7,1,4,0.0,5,0,0.0,0.0,0.0,False,0.22903353,0,274_linkedin_4407142943,274,linkedin_4407142943
7,9,0,7,0.0,10,0,0.0,0.0,0.0,False,0.3257617,0,137_linkedin_4408073332,137,linkedin_4408073332
5,9,2,3,0.0,21,2,0.09523809523809523,0.2222222222222222,0.0,False,0.4290449,0,814_linkedin_4396958592,814,linkedin_4396958592
5,6,0,5,0.0,23,0,0.0,0.0,0.14285714285714285,False,0.292977,0,623_linkedin_4395545264,623,linkedin_4395545264
5,9,0,5,0.0,28,0,0.0,0.0,0.0,False,0.30252573,0,749_linkedin_4260573446,749,linkedin_4260573446
7,6,8,-1,0.8888888888888888,16,0,0.0,0.0,0.0,False,0.33636004,0,636_linkedin_4407191616,636,linkedin_4407191616
1,6,5,-4,0.33333333333333337,15,0,0.0,0.0,0.0,False,0.27277154,0,75_linkedin_4399721472,75,linkedin_4399721472
9,9,2,7,0.0,14,0,0.0,0.0,0.0,False,0.32422325,0,162_linkedin_4404031827,162,linkedin_4404031827
2,5,0,2,0.0,18,0,0.0,0.0,0.0,False,0.30654198,0,122_linkedin_4361710014,122,linkedin_4361710014
2,6,5,-3,0.5,24,0,0.0,0.0,0.0,False,0.11570308,0,263_linkedin_4407348252,263,linkedin_4407348252
4,8,5,-1,0.8333333333333334,19,0,0.0,0.0,0.0,False,0.26834995,0,31_linkedin_4405178032,31,linkedin_4405178032
5,8,0,5,0.0,38,1,0.02631578947368421,0.125,0.0,False,0.36766118,0,152_linkedin_4386594990,152,linkedin_4386594990
7,7,8,-1,0.8888888888888888,10,0,0.0,0.0,0.0,False,0.38182253,0,233_linkedin_4383975364,233,linkedin_4383975364
4,7,5,-1,0.8333333333333334,5,0,0.0,0.0,0.0,False,0.2910565,0,236_linkedin_4306112561,236,linkedin_4306112561
5,8,5,0,1.0,18,0,0.0,0.0,0.0,False,0.28760102,0,535_linkedin_4406409276,535,linkedin_4406409276
12,10,1,11,0.0,1,0,0.0,0.0,0.0,False,0.15963256,0,22_linkedin_4407901095,22,linkedin_4407901095
5,8,0,5,0.0,13,0,0.0,0.0,0.0,False,0.39691648,0,128_linkedin_4399398705,128,linkedin_4399398705
10,6,0,10,0.0,7,0,0.0,0.0,0.16666666666666666,False,0.28882384,0,609_linkedin_4405206966,609,linkedin_4405206966
2,6,5,-3,0.5,10,0,0.0,0.0,0.0,False,0.3008452,0,74_linkedin_4373337133,74,linkedin_4373337133
3,6,0,3,0.0,16,0,0.0,0.0,0.0,False,0.30561903,0,230_linkedin_4317081152,230,linkedin_4317081152
15,7,5,10,0.0,14,0,0.0,0.0,0.0,False,0.3392534,0,247_linkedin_4399110051,247,linkedin_4399110051
1,7,0,1,0.0,9,0,0.0,0.0,0.0,False,0.22640741,0,224_linkedin_4405323161,224,linkedin_4405323161
5,9,2,3,0.0,24,1,0.041666666666666664,0.1111111111111111,0.07692307692307693,False,0.49990782,0,696_linkedin_4402165865,696,linkedin_4402165865
9,7,0,9,0.0,15,0,0.0,0.0,0.0,False,0.26491192,0,212_linkedin_4393279399,212,linkedin_4393279399
5,5,2,3,0.0,18,0,0.0,0.0,0.0,False,0.2790316,0,302_linkedin_4280326603,302,linkedin_4280326603
1,6,0,1,0.0,19,1,0.05263157894736842,0.16666666666666666,0.0,False,0.39802304,0,169_linkedin_4404110944,169,linkedin_4404110944
1,5,5,-4,0.33333333333333337,18,0,0.0,0.0,0.0,False,0.2242051,0,121_linkedin_4401304707,121,linkedin_4401304707
5,9,2,3,0.0,17,1,0.058823529411764705,0.1111111111111111,0.0,False,0.27620208,0,703_linkedin_4408753844,703,linkedin_4408753844
1,6,8,-7,0.2222222222222222,21,0,0.0,0.0,0.0,False,0.35708013,0,607_linkedin_4404204086,607,linkedin_4404204086
5,9,0,5,0.0,15,1,0.06666666666666667,0.1111111111111111,0.3333333333333333,False,0.4126262,0,713_linkedin_4238704831,713,linkedin_4238704831
4,8,0,4,0.0,13,0,0.0,0.0,0.0,False,0.25269884,0,106_linkedin_4407427684,106,linkedin_4407427684
7,9,5,2,0.6666666666666667,15,0,0.0,0.0,0.3333333333333333,False,0.35866567,0,187_linkedin_4363062982,187,linkedin_4363062982
5,9,5,0,1.0,13,1,0.07692307692307693,0.1111111111111111,0.3333333333333333,False,0.35928026,0,794_linkedin_4362170588,794,linkedin_4362170588
12,7,2,10,0.0,21,1,0.047619047619047616,0.14285714285714285,0.0,False,0.34091833,0,227_linkedin_4408239860,227,linkedin_4408239860
5,8,5,0,1.0,20,0,0.0,0.0,0.0,False,0.39871758,0,152_linkedin_4377203688,152,linkedin_4377203688
5,9,2,3,0.0,19,2,0.10526315789473684,0.2222222222222222,0.0,False,0.41124627,0,698_linkedin_4406607644,698,linkedin_4406607644
4,7,5,-1,0.8333333333333334,16,0,0.0,0.0,0.0,False,0.26071414,0,225_linkedin_4407204095,225,linkedin_4407204095
4,8,8,-4,0.5555555555555556,29,0,0.0,0.0,0.0,False,0.34342918,0,106_linkedin_4368712465,106,linkedin_4368712465
5,9,0,5,0.0,8,1,0.125,0.1111111111111111,0.0,False,0.24722579,0,668_linkedin_4387885934,668,linkedin_4387885934
5,3,0,5,0.0,21,2,0.09523809523809523,0.6666666666666666,0.0,False,0.3968283,0,677_linkedin_4361439395,677,linkedin_4361439395
7,7,2,5,0.0,27,1,0.037037037037037035,0.14285714285714285,0.2,False,0.48951614,0,240_linkedin_4396574648,240,linkedin_4396574648
8,7,0,8,0.0,12,0,0.0,0.0,0.0,False,0.35914078,0,586_linkedin_4404205315,586,linkedin_4404205315
4,7,5,-1,0.8333333333333334,7,0,0.0,0.0,0.0,False,0.18948457,0,585_linkedin_4399747583,585,linkedin_4399747583
5,7,0,5,0.0,21,0,0.0,0.0,0.25,False,0.5036299,0,569_linkedin_4373586373,569,linkedin_4373586373
2,8,2,0,1.0,9,0,0.0,0.0,0.14285714285714285,False,0.4572807,0,558_linkedin_4396583838,558,linkedin_4396583838
5,2,0,5,0.0,14,2,0.14285714285714285,1.0,0.0,False,0.33190957,0,734_linkedin_4391510726,734,linkedin_4391510726
9,9,0,9,0.0,19,1,0.05263157894736842,0.1111111111111111,0.0,False,0.22973141,0,113_linkedin_4389914552,113,linkedin_4389914552
7,7,0,7,0.0,21,0,0.0,0.0,0.0,False,0.30086213,0,259_linkedin_4397564324,259,linkedin_4397564324
2,7,0,2,0.0,29,1,0.034482758620689655,0.14285714285714285,0.0,False,0.32438725,0,594_linkedin_4378954930,594,linkedin_4378954930
8,9,2,6,0.0,13,0,0.0,0.0,0.0,True,0.2931655,0,17_linkedin_4398838741,17,linkedin_4398838741
1,6,5,-4,0.33333333333333337,29,0,0.0,0.0,0.0,False,0.52888596,0,145_linkedin_4382809676,145,linkedin_4382809676
1,6,0,1,0.0,16,0,0.0,0.0,0.0,False,0.27468565,0,607_linkedin_4405540622,607,linkedin_4405540622
1,5,1,0,1.0,32,0,0.0,0.0,0.0,False,0.17891318,0,300_linkedin_4404728264,300,linkedin_4404728264
7,9,2,5,0.0,12,0,0.0,0.0,0.0,False,0.283513,0,86_linkedin_4302730124,86,linkedin_4302730124
1,6,5,-4,0.33333333333333337,24,0,0.0,0.0,0.0,False,0.33404145,0,257_linkedin_4391836115,257,linkedin_4391836115
2,5,8,-6,0.33333333333333337,16,0,0.0,0.0,0.0,False,0.2791093,0,124_linkedin_4407191616,124,linkedin_4407191616
10,6,5,5,0.16666666666666663,6,0,0.0,0.0,0.0,False,0.36710083,0,621_linkedin_4351132338,621,linkedin_4351132338
3,8,8,-5,0.4444444444444444,20,0,0.0,0.0,0.0,False,0.29141545,0,9_linkedin_4400515080,9,linkedin_4400515080
8,4,0,8,0.0,21,1,0.047619047619047616,0.25,0.0,False,0.31384927,0,664_linkedin_4397564324,664,linkedin_4397564324
5,8,5,0,1.0,25,1,0.04,0.125,0.0,False,0.2999858,0,35_linkedin_4398683439,35,linkedin_4398683439
5,8,0,5,0.0,16,0,0.0,0.0,0.0,False,0.34985772,0,582_linkedin_4378954198,582,linkedin_4378954198
15,10,0,15,0.0,24,1,0.041666666666666664,0.1,0.0,False,0.42730165,0,21_linkedin_4378924549,21,linkedin_4378924549
7,7,2,5,0.0,16,0,0.0,0.0,0.0,False,0.3077811,0,279_linkedin_4374661990,279,linkedin_4374661990
15,9,0,15,0.0,16,0,0.0,0.0,0.0,False,0.4018522,0,195_linkedin_4384724835,195,linkedin_4384724835
9,6,0,9,0.0,18,0,0.0,0.0,0.0,False,0.3416945,0,616_linkedin_4366034926,616,linkedin_4366034926
3,8,2,1,0.6666666666666667,13,0,0.0,0.0,0.0,False,0.4397238,0,153_linkedin_4404693152,153,linkedin_4404693152
9,9,5,4,0.33333333333333337,11,0,0.0,0.0,0.3333333333333333,False,0.37003806,0,159_linkedin_4380772028,159,linkedin_4380772028
20,7,2,18,0.0,12,0,0.0,0.0,0.0,False,0.25407004,0,638_linkedin_4302730124,638,linkedin_4302730124
4,6,5,-1,0.8333333333333334,17,0,0.0,0.0,0.0,False,0.35953993,0,634_linkedin_4398728296,634,linkedin_4398728296
2,6,0,2,0.0,20,0,0.0,0.0,0.0,False,0.214851,0,263_linkedin_4339855966,263,linkedin_4339855966
7,7,8,-1,0.8888888888888888,17,0,0.0,0.0,0.0,False,0.501526,0,220_linkedin_4395396789,220,linkedin_4395396789
15,5,0,15,0.0,29,0,0.0,0.0,0.0,False,0.33086732,0,310_linkedin_4403467624,310,linkedin_4403467624
8,7,2,6,0.0,16,0,0.0,0.0,0.0,False,0.33237192,0,586_linkedin_4405049438,586,linkedin_4405049438
5,9,5,0,1.0,21,2,0.09523809523809523,0.2222222222222222,0.0,False,0.24465169,0,794_linkedin_4405308127,794,linkedin_4405308127
8,10,2,6,0.0,19,0,0.0,0.0,0.0,False,0.20431407,0,85_linkedin_4382364621,85,linkedin_4382364621
8,9,0,8,0.0,10,0,0.0,0.0,0.0,False,0.26541898,0,138_linkedin_4381354100,138,linkedin_4381354100
5,8,0,5,0.0,15,0,0.0,0.0,0.0,False,0.46560726,0,152_linkedin_4333946310,152,linkedin_4333946310
5,7,2,3,0.0,14,0,0.0,0.0,0.0,False,0.22721829,0,556_linkedin_4404031827,556,linkedin_4404031827
6,7,2,4,0.0,24,0,0.0,0.0,0.0,False,0.40302998,0,567_linkedin_4402165865,567,linkedin_4402165865
3,8,5,-2,0.6666666666666667,18,2,0.1111111111111111,0.25,0.0,False,0.22948703,0,179_linkedin_4406294375,179,linkedin_4406294375
2,8,0,2,0.0,22,0,0.0,0.0,0.0,False,0.27539206,0,580_linkedin_4384339047,580,linkedin_4384339047
2,7,8,-6,0.33333333333333337,12,0,0.0,0.0,0.0,False,0.42954063,0,566_linkedin_4312697868,566,linkedin_4312697868
9,7,0,9,0.0,20,0,0.0,0.0,0.5,False,0.40964317,0,570_linkedin_4400518203,570,linkedin_4400518203
5,9,2,3,0.0,16,1,0.0625,0.1111111111111111,0.0,False,0.2634297,0,748_linkedin_4402922325,748,linkedin_4402922325
5,9,0,5,0.0,34,0,0.0,0.0,0.0,False,0.28473678,0,749_linkedin_4321393596,749,linkedin_4321393596
8,7,5,3,0.5,9,0,0.0,0.0,0.16666666666666666,False,0.3439632,0,191_linkedin_4406555146,191,linkedin_4406555146
5,9,5,0,1.0,14,1,0.07142857142857142,0.1111111111111111,0.0,False,0.20569073,0,709_linkedin_4382112242,709,linkedin_4382112242
4,7,0,4,0.0,6,0,0.0,0.0,0.0,False,0.20275433,0,589_linkedin_4367412693,589,linkedin_4367412693
8,5,2,6,0.0,21,0,0.0,0.0,0.0,False,0.11170711,0,303_linkedin_4403721444,303,linkedin_4403721444
7,7,2,5,0.0,10,0,0.0,0.0,0.0,False,0.2866438,0,272_linkedin_4371387533,272,linkedin_4371387533
5,7,0,5,0.0,36,1,0.027777777777777776,0.14285714285714285,0.0,False,0.19472039,0,789_linkedin_4407806772,789,linkedin_4407806772
8,7,5,3,0.5,18,1,0.05555555555555555,0.14285714285714285,0.25,False,0.16771354,0,575_linkedin_4402417926,575,linkedin_4402417926
5,7,0,5,0.0,5,0,0.0,0.0,0.0,False,0.29464942,0,234_linkedin_4191251589,234,linkedin_4191251589
10,9,5,5,0.16666666666666663,10,0,0.0,0.0,0.0,False,0.20444041,0,114_linkedin_4405629635,114,linkedin_4405629635
1,5,0,1,0.0,14,0,0.0,0.0,0.0,False,0.29494008,0,300_linkedin_4391555557,300,linkedin_4391555557
3,7,2,1,0.6666666666666667,25,0,0.0,0.0,0.0,False,0.45823193,0,284_linkedin_4379689495,284,linkedin_4379689495
15,7,5,10,0.0,14,0,0.0,0.0,0.0,False,0.33770552,0,231_linkedin_4306118481,231,linkedin_4306118481
6,7,2,4,0.0,8,0,0.0,0.0,0.3333333333333333,False,0.41534078,0,215_linkedin_4405209033,215,linkedin_4405209033
4,7,0,4,0.0,13,0,0.0,0.0,0.0,False,0.3155304,0,268_linkedin_4371440873,268,linkedin_4371440873
14,10,2,12,0.0,18,0,0.0,0.0,0.0,False,0.35390732,0,119_linkedin_4397274613,119,linkedin_4397274613
8,9,8,0,1.0,24,4,0.16666666666666666,0.4444444444444444,0.0,False,0.44218484,0,693_linkedin_4404804267,693,linkedin_4404804267
8,4,0,8,0.0,16,0,0.0,0.0,0.0,True,0.26801297,0,791_linkedin_4379840219,791,linkedin_4379840219
2,7,5,-3,0.5,7,0,0.0,0.0,0.0,False,0.2989097,0,566_linkedin_4398474947,566,linkedin_4398474947
2,5,2,0,1.0,14,0,0.0,0.0,0.0,False,0.15383945,0,172_linkedin_4404031827,172,linkedin_4404031827
3,4,0,3,0.0,16,2,0.125,0.5,0.0,False,0.39384767,0,822_linkedin_4403642042,822,linkedin_4403642042
5,9,0,5,0.0,19,1,0.05263157894736842,0.1111111111111111,0.0,False,0.28495133,0,795_linkedin_4404127001,795,linkedin_4404127001
9,7,0,9,0.0,23,0,0.0,0.0,0.0,False,0.31733802,0,222_linkedin_4408752869,222,linkedin_4408752869
10,7,2,8,0.0,25,1,0.04,0.14285714285714285,0.25,False,0.43946362,0,293_linkedin_4385304646,293,linkedin_4385304646
13,9,0,13,0.0,15,0,0.0,0.0,0.0,False,0.21305612,0,46_linkedin_4089827582,46,linkedin_4089827582
2,7,2,0,1.0,16,1,0.0625,0.14285714285714285,0.0,False,0.2691544,0,221_linkedin_4394682708,221,linkedin_4394682708
2,6,0,2,0.0,7,2,0.2857142857142857,0.3333333333333333,0.0,False,0.31338227,0,176_linkedin_4402994276,176,linkedin_4402994276
7,9,0,7,0.0,31,1,0.03225806451612903,0.1111111111111111,0.3333333333333333,False,0.31926635,0,187_linkedin_4401925667,187,linkedin_4401925667
5,9,2,3,0.0,19,1,0.05263157894736842,0.1111111111111111,0.0,False,0.16878875,0,709_linkedin_4382364621,709,linkedin_4382364621
0,5,5,-5,0.16666666666666663,13,0,0.0,0.0,0.0,False,0.26855373,0,637_linkedin_4402443817,637,linkedin_4402443817
3,8,2,1,0.6666666666666667,15,0,0.0,0.0,0.0,False,0.18124042,0,129_linkedin_4405615766,129,linkedin_4405615766
6,7,0,6,0.0,31,1,0.03225806451612903,0.14285714285714285,0.3333333333333333,False,0.30977073,0,567_linkedin_4359616166,567,linkedin_4359616166
2,6,5,-3,0.5,27,1,0.037037037037037035,0.16666666666666666,0.0,False,0.12662959,0,248_linkedin_4400454837,248,linkedin_4400454837
3,7,5,-2,0.6666666666666667,23,1,0.043478260869565216,0.14285714285714285,0.0,False,0.39636922,0,183_linkedin_4392891744,183,linkedin_4392891744
5,8,2,3,0.0,18,1,0.05555555555555555,0.125,0.0,False,0.4557885,0,177_linkedin_4402454790,177,linkedin_4402454790
2,5,5,-3,0.5,36,1,0.027777777777777776,0.2,0.0,False,0.21876052,0,170_linkedin_4370781613,170,linkedin_4370781613
8,6,0,8,0.0,23,0,0.0,0.0,0.0,False,0.2700048,0,622_linkedin_4409098383,622,linkedin_4409098383
7,9,5,2,0.6666666666666667,11,1,0.09090909090909091,0.1111111111111111,0.16666666666666666,False,0.38910097,0,190_linkedin_4402689396,190,linkedin_4402689396
3,9,5,-2,0.6666666666666667,13,1,0.07692307692307693,0.1111111111111111,0.0,False,0.3551043,0,684_linkedin_4400750306,684,linkedin_4400750306
15,7,8,7,0.2222222222222222,28,1,0.03571428571428571,0.14285714285714285,0.0,False,0.26909423,0,247_linkedin_4400166951,247,linkedin_4400166951
5,8,5,0,1.0,24,0,0.0,0.0,0.0,False,0.1963612,0,80_linkedin_4379973269,80,linkedin_4379973269
7,7,5,2,0.6666666666666667,16,0,0.0,0.0,0.0,False,0.4156328,0,279_linkedin_4407204095,279,linkedin_4407204095
10,7,0,10,0.0,36,0,0.0,0.0,0.0,False,0.25346354,0,216_linkedin_4407806772,216,linkedin_4407806772
7,9,0,7,0.0,8,0,0.0,0.0,0.0,False,0.17938814,0,137_linkedin_4387885934,137,linkedin_4387885934
2,5,0,2,0.0,13,1,0.07692307692307693,0.2,0.0,False,0.23705617,0,124_linkedin_4400212890,124,linkedin_4400212890
7,7,2,5,0.0,10,1,0.1,0.14285714285714285,0.0,False,0.2533073,0,523_linkedin_4344686674,523,linkedin_4344686674
1,6,5,-4,0.33333333333333337,14,0,0.0,0.0,0.0,False,0.29406792,0,29_linkedin_4407397417,29,linkedin_4407397417
3,8,5,-2,0.6666666666666667,17,0,0.0,0.0,0.0,False,0.20046821,0,179_linkedin_4362545210,179,linkedin_4362545210
8,9,2,6,0.0,15,0,0.0,0.0,0.0,False,0.41879895,0,690_linkedin_4403705095,690,linkedin_4403705095
7,9,0,7,0.0,4,0,0.0,0.0,0.0,False,0.25024644,0,187_linkedin_4403747957,187,linkedin_4403747957
10,7,1,9,0.0,16,1,0.0625,0.14285714285714285,0.0,False,0.2742037,0,216_linkedin_4404743970,216,linkedin_4404743970
5,5,1,4,0.0,7,0,0.0,0.0,0.0,False,0.43067026,0,649_linkedin_4258063425,649,linkedin_4258063425
9,6,2,7,0.0,12,0,0.0,0.0,0.0,False,0.3177451,0,525_linkedin_4403294985,525,linkedin_4403294985
6,7,2,4,0.0,30,0,0.0,0.0,0.0,False,0.3574178,0,215_linkedin_4388462776,215,linkedin_4388462776
5,7,1,4,0.0,5,0,0.0,0.0,0.0,False,0.36245832,0,266_linkedin_4366700263,266,linkedin_4366700263
10,7,8,2,0.7777777777777778,16,0,0.0,0.0,0.0,False,0.35709295,0,261_linkedin_4407191616,261,linkedin_4407191616
1,5,1,0,1.0,24,1,0.041666666666666664,0.2,0.0,False,0.14816415,0,175_linkedin_4380663889,175,linkedin_4380663889
10,7,0,10,0.0,10,0,0.0,0.0,0.0,False,0.38979715,0,293_linkedin_4405828340,293,linkedin_4405828340
3,7,2,1,0.6666666666666667,21,0,0.0,0.0,0.0,False,0.3152801,0,183_linkedin_4391816334,183,linkedin_4391816334
8,9,5,3,0.5,23,2,0.08695652173913043,0.2222222222222222,0.0,False,0.42328632,0,704_linkedin_4404293543,704,linkedin_4404293543
12,9,5,7,0.0,29,1,0.034482758620689655,0.1111111111111111,0.0,False,0.4614515,0,143_linkedin_4402376304,143,linkedin_4402376304
1,6,2,-1,0.6666666666666667,8,1,0.125,0.16666666666666666,0.0,False,0.30104133,0,252_linkedin_4395150935,252,linkedin_4395150935
5,6,0,5,0.0,22,0,0.0,0.0,0.0,False,0.30829987,0,614_linkedin_4304013814,614,linkedin_4304013814
1,5,0,1,0.0,26,1,0.038461538461538464,0.2,0.0,False,0.49541715,0,1_linkedin_4293859520,1,linkedin_4293859520
2,6,8,-6,0.33333333333333337,16,0,0.0,0.0,0.0,False,0.3636115,0,28_linkedin_4407191616,28,linkedin_4407191616
6,7,8,-2,0.7777777777777778,15,0,0.0,0.0,0.0,False,0.49307024,0,282_linkedin_4407826462,282,linkedin_4407826462
8,8,5,3,0.5,24,0,0.0,0.0,0.0,False,0.34045628,0,136_linkedin_4363392864,136,linkedin_4363392864
13,10,8,5,0.4444444444444444,29,2,0.06896551724137931,0.2,0.0,False,0.21737488,0,120_linkedin_4388654643,120,linkedin_4388654643
2,8,0,2,0.0,21,0,0.0,0.0,0.0,False,0.4021826,0,580_linkedin_4389813606,580,linkedin_4389813606
5,6,0,5,0.0,22,5,0.22727272727272727,0.8333333333333334,0.0,False,0.57320285,0,661_linkedin_4408772900,661,linkedin_4408772900
3,7,2,1,0.6666666666666667,14,0,0.0,0.0,0.0,False,0.22828211,0,290_linkedin_4404031827,290,linkedin_4404031827
5,9,5,0,1.0,18,1,0.05555555555555555,0.1111111111111111,0.0,False,0.28697002,0,696_linkedin_4386390837,696,linkedin_4386390837
13,10,0,13,0.0,31,1,0.03225806451612903,0.1,0.0,False,0.24090225,0,43_linkedin_4401925667,43,linkedin_4401925667
1,5,0,1,0.0,15,0,0.0,0.0,0.0,False,0.26093292,0,175_linkedin_4324619442,175,linkedin_4324619442
3,2,5,-2,0.6666666666666667,14,1,0.07142857142857142,0.5,0.3333333333333333,False,0.27068472,0,825_linkedin_4382252698,825,linkedin_4382252698
4,8,0,4,0.0,19,2,0.10526315789473684,0.25,0.0,False,0.34533262,0,543_linkedin_4358452670,543,linkedin_4358452670
8,7,0,8,0.0,28,0,0.0,0.0,0.0,False,0.30249113,0,237_linkedin_4358149059,237,linkedin_4358149059
4,8,2,2,0.33333333333333337,11,0,0.0,0.0,0.0,False,0.29619858,0,130_linkedin_4401611670,130,linkedin_4401611670
5,9,5,0,1.0,14,1,0.07142857142857142,0.1111111111111111,0.0,False,0.3054001,0,792_linkedin_4403630542,792,linkedin_4403630542
5,5,0,5,0.0,1,0,0.0,0.0,0.0,False,0.49305904,0,649_linkedin_4407538348,649,linkedin_4407538348
5,8,8,-3,0.6666666666666667,16,0,0.0,0.0,0.0,False,0.34888974,0,83_linkedin_4407191616,83,linkedin_4407191616
5,9,0,5,0.0,13,0,0.0,0.0,0.25,False,0.39565977,0,745_linkedin_4399398705,745,linkedin_4399398705
10,7,0,10,0.0,14,0,0.0,0.0,0.3333333333333333,False,0.4279749,0,557_linkedin_4391555557,557,linkedin_4391555557
1,6,0,1,0.0,17,0,0.0,0.0,0.3333333333333333,False,0.3803262,0,527_linkedin_4385852121,527,linkedin_4385852121
7,7,2,5,0.0,18,0,0.0,0.0,0.3333333333333333,False,0.27194816,0,233_linkedin_4402440811,233,linkedin_4402440811
4,8,2,2,0.33333333333333337,15,1,0.06666666666666667,0.125,0.0,False,0.28009313,0,180_linkedin_4400762174,180,linkedin_4400762174
2,6,5,-3,0.5,25,2,0.08,0.3333333333333333,0.0,False,0.35302892,0,176_linkedin_4408217125,176,linkedin_4408217125
5,7,5,0,1.0,20,0,0.0,0.0,0.0,False,0.3079469,0,274_linkedin_4377203688,274,linkedin_4377203688
10,6,2,8,0.0,13,0,0.0,0.0,0.0,True,0.25042138,0,609_linkedin_4326233529,609,linkedin_4326233529
5,7,5,0,1.0,38,1,0.02631578947368421,0.14285714285714285,0.0,False,0.23909824,0,274_linkedin_4392483332,274,linkedin_4392483332
4,5,5,-1,0.8333333333333334,6,0,0.0,0.0,0.0,False,0.2689761,0,297_linkedin_4407467862,297,linkedin_4407467862
10,6,5,5,0.16666666666666663,15,0,0.0,0.0,0.0,False,0.5011357,0,621_linkedin_4363062982,621,linkedin_4363062982
4,6,0,4,0.0,29,0,0.0,0.0,0.0,False,0.34629938,0,634_linkedin_4407425120,634,linkedin_4407425120
2,7,8,-6,0.33333333333333337,20,1,0.05,0.14285714285714285,0.0,False,0.18321338,0,594_linkedin_4400515080,594,linkedin_4400515080
5,9,0,5,0.0,9,2,0.2222222222222222,0.2222222222222222,0.3333333333333333,False,0.5698469,0,744_linkedin_4273383238,744,linkedin_4273383238
3,7,0,3,0.0,13,0,0.0,0.0,0.0,False,0.367323,0,284_linkedin_4400212890,284,linkedin_4400212890
5,7,0,5,0.0,30,1,0.03333333333333333,0.14285714285714285,0.0,False,0.36547175,0,685_linkedin_4399676095,685,linkedin_4399676095
12,7,0,12,0.0,19,0,0.0,0.0,0.0,False,0.38610315,0,238_linkedin_4386978200,238,linkedin_4386978200
3,2,0,3,0.0,16,1,0.0625,0.5,0.0,False,0.4260438,0,825_linkedin_4379273594,825,linkedin_4379273594
7,9,0,7,0.0,13,0,0.0,0.0,0.0,False,0.2919565,0,137_linkedin_4393572024,137,linkedin_4393572024
12,8,5,7,0.0,7,0,0.0,0.0,0.0,False,0.22763175,0,583_linkedin_4398474947,583,linkedin_4398474947
3,8,5,-2,0.6666666666666667,24,1,0.041666666666666664,0.125,0.25,False,0.6037718,0,12_linkedin_4391836115,12,linkedin_4391836115
5,3,5,0,1.0,9,0,0.0,0.0,0.0,False,0.41322607,0,715_linkedin_4364800929,715,linkedin_4364800929
4,6,5,-1,0.8333333333333334,18,0,0.0,0.0,0.0,False,0.32028222,0,634_linkedin_4376739282,634,linkedin_4376739282
1,5,0,1,0.0,9,0,0.0,0.0,0.0,False,0.356951,0,1_linkedin_4407896664,1,linkedin_4407896664
15,10,0,15,0.0,30,0,0.0,0.0,0.0,False,0.2713726,0,21_linkedin_4378335649,21,linkedin_4378335649
1,5,0,1,0.0,29,0,0.0,0.0,0.0,False,0.3423313,0,309_linkedin_4407425120,309,linkedin_4407425120
2,5,0,2,0.0,12,1,0.08333333333333333,0.2,0.0,False,0.35028845,0,4_linkedin_4405981417,4,linkedin_4405981417
5,6,0,5,0.0,11,0,0.0,0.0,0.0,False,0.23043503,0,258_linkedin_4350925352,258,linkedin_4350925352
10,7,1,9,0.0,9,0,0.0,0.0,0.0,False,0.28078762,0,216_linkedin_4405970254,216,linkedin_4405970254
3,8,2,1,0.6666666666666667,14,1,0.07142857142857142,0.125,0.0,False,0.21711762,0,819_linkedin_4404031827,819,linkedin_4404031827
8,9,5,3,0.5,15,0,0.0,0.0,0.0,False,0.3133475,0,37_linkedin_4399721472,37,linkedin_4399721472
4,5,0,4,0.0,20,0,0.0,0.0,0.0,False,0.5589663,0,297_linkedin_4409013613,297,linkedin_4409013613
1,6,5,-4,0.33333333333333337,10,0,0.0,0.0,0.0,False,0.29787734,0,51_linkedin_4397764397,51,linkedin_4397764397
4,6,5,-1,0.8333333333333334,17,0,0.0,0.0,0.0,False,0.253936,0,629_linkedin_4355100899,629,linkedin_4355100899
2,6,2,0,1.0,26,0,0.0,0.0,0.0,False,0.3317165,0,235_linkedin_4399839845,235,linkedin_4399839845
11,7,2,9,0.0,30,0,0.0,0.0,0.0,False,0.3727818,0,285_linkedin_4388462776,285,linkedin_4388462776
5,5,2,3,0.0,12,3,0.25,0.6,0.0,False,0.24824701,0,716_linkedin_4302730124,716,linkedin_4302730124
1,5,0,1,0.0,9,1,0.1111111111111111,0.2,0.0,False,0.21677175,0,175_linkedin_4111424650,175,linkedin_4111424650
7,6,0,7,0.0,12,0,0.0,0.0,0.0,False,0.26087943,0,627_linkedin_4394457541,627,linkedin_4394457541
2,6,1,1,0.5,20,0,0.0,0.0,0.0,False,0.21545863,0,235_linkedin_4403656591,235,linkedin_4403656591
4,8,0,4,0.0,17,0,0.0,0.0,0.0,False,0.24242607,0,532_linkedin_4392183467,532,linkedin_4392183467
5,7,0,5,0.0,19,0,0.0,0.0,0.0,False,0.39572337,0,556_linkedin_4403004354,556,linkedin_4403004354
2,6,0,2,0.0,27,0,0.0,0.0,0.25,False,0.34285888,0,76_linkedin_4389582809,76,linkedin_4389582809
7,7,2,5,0.0,14,0,0.0,0.0,0.0,True,0.1116333,0,259_linkedin_4382930677,259,linkedin_4382930677
5,7,8,-3,0.6666666666666667,17,0,0.0,0.0,0.0,False,0.30662885,0,552_linkedin_4404980235,552,linkedin_4404980235
2,6,2,0,1.0,17,0,0.0,0.0,0.0,False,0.35948244,0,76_linkedin_4395991137,76,linkedin_4395991137
14,9,8,6,0.33333333333333337,19,0,0.0,0.0,0.2222222222222222,False,0.2919234,0,140_linkedin_4400516267,140,linkedin_4400516267
15,9,0,15,0.0,20,0,0.0,0.0,0.0,False,0.49924108,0,195_linkedin_4248972535,195,linkedin_4248972535
1,6,0,1,0.0,6,0,0.0,0.0,0.0,False,0.38899612,0,607_linkedin_4367412693,607,linkedin_4367412693
1,6,5,-4,0.33333333333333337,17,1,0.058823529411764705,0.16666666666666666,0.0,False,0.20025176,0,607_linkedin_4362545210,607,linkedin_4362545210
5,9,2,3,0.0,7,1,0.14285714285714285,0.1111111111111111,0.0,False,0.29869142,0,840_linkedin_4360662878,840,linkedin_4360662878
5,9,0,5,0.0,19,0,0.0,0.0,0.0,False,0.20213297,0,709_linkedin_4397946991,709,linkedin_4397946991
1,7,0,1,0.0,19,0,0.0,0.0,0.0,False,0.3418484,0,218_linkedin_4403829518,218,linkedin_4403829518
2,7,2,0,1.0,6,0,0.0,0.0,0.0,False,0.25059187,0,584_linkedin_4389714623,584,linkedin_4389714623
3,7,2,1,0.6666666666666667,12,0,0.0,0.0,0.0,False,0.5131279,0,183_linkedin_4270722288,183,linkedin_4270722288
12,6,2,10,0.0,18,0,0.0,0.0,0.0,False,0.28932863,0,626_linkedin_4381572042,626,linkedin_4381572042
12,7,0,12,0.0,10,0,0.0,0.0,0.25,False,0.35758463,0,238_linkedin_4402914742,238,linkedin_4402914742
5,9,2,3,0.0,12,1,0.08333333333333333,0.1111111111111111,0.0,False,0.35904157,0,839_linkedin_4302730124,839,linkedin_4302730124
7,9,2,5,0.0,8,0,0.0,0.0,0.0,False,0.2450342,0,41_linkedin_4405209033,41,linkedin_4405209033
1,8,2,-1,0.6666666666666667,13,1,0.07692307692307693,0.125,0.0,False,0.40918785,0,538_linkedin_4403941840,538,linkedin_4403941840
3,7,5,-2,0.6666666666666667,20,0,0.0,0.0,0.0,False,0.29780224,0,284_linkedin_4399157379,284,linkedin_4399157379
10,7,5,5,0.16666666666666663,23,0,0.0,0.0,0.0,False,0.41716418,0,293_linkedin_4404293543,293,linkedin_4404293543
5,2,0,5,0.0,5,0,0.0,0.0,0.0,False,0.34751695,0,675_linkedin_4367318250,675,linkedin_4367318250
12,7,0,12,0.0,36,0,0.0,0.0,0.0,False,0.21879233,0,568_linkedin_4407806772,568,linkedin_4407806772
6,7,5,1,0.8333333333333334,11,1,0.09090909090909091,0.14285714285714285,0.5,False,0.37733284,0,215_linkedin_4399141297,215,linkedin_4399141297
4,8,2,2,0.33333333333333337,12,0,0.0,0.0,0.0,False,0.2788358,0,34_linkedin_4397408242,34,linkedin_4397408242
5,2,5,0,1.0,17,1,0.058823529411764705,0.5,0.0,False,0.37623528,0,823_linkedin_4405093490,823,linkedin_4405093490
1,6,0,1,0.0,29,0,0.0,0.0,0.0,False,0.3090904,0,257_linkedin_4383247254,257,linkedin_4383247254
2,6,5,-3,0.5,20,1,0.05,0.16666666666666666,0.0,False,0.44226217,0,610_linkedin_4406785675,610,linkedin_4406785675
8,4,0,8,0.0,15,0,0.0,0.0,0.0,False,0.31919253,0,664_linkedin_4089827582,664,linkedin_4089827582
8,7,0,8,0.0,10,1,0.1,0.14285714285714285,0.0,False,0.37045336,0,264_linkedin_4406216770,264,linkedin_4406216770
1,6,2,-1,0.6666666666666667,10,1,0.1,0.16666666666666666,0.0,False,0.35798588,0,269_linkedin_4373089349,269,linkedin_4373089349
1,6,8,-7,0.2222222222222222,10,0,0.0,0.0,0.0,True,0.33104244,0,243_linkedin_4272066328,243,linkedin_4272066328
8,9,0,8,0.0,16,1,0.0625,0.1111111111111111,0.0,True,0.33631286,0,157_linkedin_4379840219,157,linkedin_4379840219
8,9,0,8,0.0,29,2,0.06896551724137931,0.2222222222222222,0.0,False,0.31645373,0,666_linkedin_4407424753,666,linkedin_4407424753
5,9,0,5,0.0,14,0,0.0,0.0,0.0,False,0.25350127,0,712_linkedin_4393801492,712,linkedin_4393801492
12,10,2,10,0.0,19,0,0.0,0.0,0.0,False,0.37167364,0,45_linkedin_4400904678,45,linkedin_4400904678
12,9,5,7,0.0,16,1,0.0625,0.1111111111111111,0.0,False,0.20980413,0,143_linkedin_4407204095,143,linkedin_4407204095
1,6,2,-1,0.6666666666666667,22,0,0.0,0.0,0.0,False,0.3614789,0,53_linkedin_4387910645,53,linkedin_4387910645
3,7,5,-2,0.6666666666666667,21,0,0.0,0.0,0.2,False,0.38628614,0,290_linkedin_4400366293,290,linkedin_4400366293
10,7,2,8,0.0,3,0,0.0,0.0,0.0,False,0.338346,0,557_linkedin_4406037933,557,linkedin_4406037933
5,9,0,5,0.0,19,1,0.05263157894736842,0.1111111111111111,0.0,False,0.30851537,0,817_linkedin_4323538557,817,linkedin_4323538557
3,8,0,3,0.0,16,0,0.0,0.0,0.0,False,0.21881984,0,105_linkedin_4391945294,105,linkedin_4391945294
7,7,5,2,0.6666666666666667,12,0,0.0,0.0,0.0,False,0.23466267,0,511_linkedin_4357419117,511,linkedin_4357419117
3,6,0,3,0.0,1,0,0.0,0.0,0.0,False,0.29114175,0,230_linkedin_4408065442,230,linkedin_4408065442
4,8,0,4,0.0,11,0,0.0,0.0,0.0,False,0.33860806,0,132_linkedin_4101140527,132,linkedin_4101140527
11,7,2,9,0.0,24,1,0.041666666666666664,0.14285714285714285,0.2,False,0.34669226,0,285_linkedin_4405617743,285,linkedin_4405617743
5,9,0,5,0.0,29,1,0.034482758620689655,0.1111111111111111,0.5,False,0.34498546,0,795_linkedin_4383247254,795,linkedin_4383247254
12,10,0,12,0.0,5,1,0.2,0.1,0.0,False,0.20282336,0,22_linkedin_4196667098,22,linkedin_4196667098
2,6,0,2,0.0,29,2,0.06896551724137931,0.3333333333333333,0.0,False,0.29318088,0,263_linkedin_4378954930,263,linkedin_4378954930
13,9,2,11,0.0,18,0,0.0,0.0,0.0,False,0.3447218,0,142_linkedin_4381945031,142,linkedin_4381945031
13,10,0,13,0.0,13,0,0.0,0.0,0.2,False,0.32308146,0,95_linkedin_4375492527,95,linkedin_4375492527
13,9,0,13,0.0,31,1,0.03225806451612903,0.1111111111111111,0.3333333333333333,False,0.27987668,0,167_linkedin_4401925667,167,linkedin_4401925667
7,7,0,7,0.0,6,0,0.0,0.0,0.0,False,0.26485536,0,278_linkedin_4384119747,278,linkedin_4384119747
2,7,2,0,1.0,14,1,0.07142857142857142,0.14285714285714285,0.0,False,0.5135128,0,276_linkedin_4405740027,276,linkedin_4405740027
11,7,0,11,0.0,31,0,0.0,0.0,0.0,False,0.3238888,0,208_linkedin_4346605391,208,linkedin_4346605391
7,9,0,7,0.0,20,0,0.0,0.0,0.0,False,0.2760815,0,86_linkedin_4409013613,86,linkedin_4409013613
4,7,0,4,0.0,11,0,0.0,0.0,0.0,False,0.3785044,0,219_linkedin_4399560069,219,linkedin_4399560069
5,9,0,5,0.0,4,0,0.0,0.0,0.0,False,0.2703036,0,796_linkedin_4390682886,796,linkedin_4390682886
2,5,2,0,1.0,6,0,0.0,0.0,0.0,False,0.23069464,0,2_linkedin_4402902987,2,linkedin_4402902987
13,8,0,13,0.0,9,0,0.0,0.0,0.0,True,0.29068744,0,194_linkedin_4406824756,194,linkedin_4406824756
1,6,2,-1,0.6666666666666667,12,1,0.08333333333333333,0.16666666666666666,0.0,False,0.22796619,0,169_linkedin_4302730124,169,linkedin_4302730124
5,9,0,5,0.0,19,1,0.05263157894736842,0.1111111111111111,0.0,False,0.27611348,0,839_linkedin_4404120063,839,linkedin_4404120063
8,2,8,0,1.0,10,1,0.1,0.5,0.0,False,0.2764878,0,736_linkedin_4268979061,736,linkedin_4268979061
9,9,0,9,0.0,30,0,0.0,0.0,0.0,False,0.3119687,0,87_linkedin_4288909079,87,linkedin_4288909079
5,7,8,-3,0.6666666666666667,12,0,0.0,0.0,0.0,False,0.36222568,0,569_linkedin_4401885034,569,linkedin_4401885034
8,9,1,7,0.0,11,0,0.0,0.0,0.0,False,0.28126922,0,90_linkedin_4394771475,90,linkedin_4394771475
7,7,5,2,0.6666666666666667,16,0,0.0,0.0,0.0,False,0.41323215,0,279_linkedin_4405647444,279,linkedin_4405647444
4,7,5,-1,0.8333333333333334,15,0,0.0,0.0,0.0,False,0.23548941,0,268_linkedin_4344634134,268,linkedin_4344634134
1,5,0,1,0.0,5,1,0.2,0.2,0.3333333333333333,False,0.4205227,0,173_linkedin_4367318250,173,linkedin_4367318250
1,8,2,-1,0.6666666666666667,26,0,0.0,0.0,0.0,False,0.30208263,0,538_linkedin_4398694292,538,linkedin_4398694292
8,9,0,8,0.0,11,1,0.09090909090909091,0.1111111111111111,0.0,False,0.3272191,0,188_linkedin_4335108683,188,linkedin_4335108683
4,8,5,-1,0.8333333333333334,11,0,0.0,0.0,0.16666666666666666,False,0.3322731,0,182_linkedin_4398503479,182,linkedin_4398503479
5,4,0,5,0.0,16,1,0.0625,0.25,0.0,False,0.13451725,0,740_linkedin_4384724835,740,linkedin_4384724835
1,5,2,-1,0.6666666666666667,13,0,0.0,0.0,0.0,False,0.39444754,0,123_linkedin_4404813103,123,linkedin_4404813103
9,7,8,1,0.8888888888888888,12,0,0.0,0.0,0.0,False,0.25065118,0,222_linkedin_4312697868,222,linkedin_4312697868
1,5,1,0,1.0,31,0,0.0,0.0,0.0,False,0.25005457,0,309_linkedin_4406978302,309,linkedin_4406978302
8,7,2,6,0.0,16,1,0.0625,0.14285714285714285,0.25,False,0.22607127,0,575_linkedin_4406844084,575,linkedin_4406844084
1,7,0,1,0.0,18,0,0.0,0.0,0.0,True,0.23419678,0,542_linkedin_4392414396,542,linkedin_4392414396
6,7,2,4,0.0,14,0,0.0,0.0,0.0,False,0.21563622,0,587_linkedin_4404031827,587,linkedin_4404031827
2,5,5,-3,0.5,22,1,0.045454545454545456,0.2,0.0,False,0.26034862,0,4_linkedin_4395980650,4,linkedin_4395980650
13,8,8,5,0.4444444444444444,13,0,0.0,0.0,0.0,False,0.25742257,0,194_linkedin_4392508422,194,linkedin_4392508422
12,9,0,12,0.0,24,1,0.041666666666666664,0.1111111111111111,0.0,False,0.4959877,0,166_linkedin_4407678163,166,linkedin_4407678163
9,7,0,9,0.0,20,0,0.0,0.0,0.3333333333333333,False,0.32734263,0,222_linkedin_4363766414,222,linkedin_4363766414
5,9,5,0,1.0,18,0,0.0,0.0,0.0,False,0.21566,0,749_linkedin_4404540517,749,linkedin_4404540517
9,9,0,9,0.0,8,2,0.25,0.2222222222222222,0.0,False,0.25865656,0,113_linkedin_4389947100,113,linkedin_4389947100
5,9,1,4,0.0,7,1,0.14285714285714285,0.1111111111111111,0.0,False,0.36405283,0,818_linkedin_4408073339,818,linkedin_4408073339
12,7,2,10,0.0,6,0,0.0,0.0,0.0,False,0.4535716,0,551_linkedin_4402902987,551,linkedin_4402902987
12,7,0,12,0.0,18,0,0.0,0.0,0.0,False,0.43623966,0,204_linkedin_4384841120,204,linkedin_4384841120
5,9,5,0,1.0,15,1,0.06666666666666667,0.1111111111111111,0.0,False,0.3303557,0,829_linkedin_4363062982,829,linkedin_4363062982
4,7,0,4,0.0,17,0,0.0,0.0,0.0,False,0.4957013,0,549_linkedin_4406552989,549,linkedin_4406552989
12,9,5,7,0.0,20,1,0.05,0.1111111111111111,0.0,False,0.26385498,0,196_linkedin_4403751520,196,linkedin_4403751520
12,7,5,7,0.0,19,0,0.0,0.0,0.5,False,0.32909733,0,204_linkedin_4408749338,204,linkedin_4408749338
4,6,0,4,0.0,17,0,0.0,0.0,0.0,False,0.34828895,0,612_linkedin_4401951652,612,linkedin_4401951652
2,5,0,2,0.0,15,0,0.0,0.0,0.0,False,0.35190797,0,172_linkedin_4402381008,172,linkedin_4402381008
7,8,0,7,0.0,29,1,0.034482758620689655,0.125,0.0,False,0.2917572,0,544_linkedin_4407425120,544,linkedin_4407425120
8,9,0,8,0.0,18,1,0.05555555555555555,0.1111111111111111,0.0,False,0.40348697,0,13_linkedin_4402741020,13,linkedin_4402741020
8,7,5,3,0.5,15,0,0.0,0.0,0.0,False,0.48242316,0,228_linkedin_4389708516,228,linkedin_4389708516
8,6,0,8,0.0,15,0,0.0,0.0,0.3333333333333333,False,0.41146237,0,600_linkedin_4402369856,600,linkedin_4402369856
4,8,0,4,0.0,20,1,0.05,0.125,0.0,False,0.23690312,0,79_linkedin_4400518203,79,linkedin_4400518203
1,6,5,-4,0.33333333333333337,17,0,0.0,0.0,0.0,False,0.32546106,0,27_linkedin_4394756229,27,linkedin_4394756229
6,7,5,1,0.8333333333333334,16,0,0.0,0.0,0.16666666666666666,False,0.5520297,0,215_linkedin_4405005180,215,linkedin_4405005180
5,8,0,5,0.0,12,1,0.08333333333333333,0.125,0.0,False,0.30693436,0,107_linkedin_4394457541,107,linkedin_4394457541
1,5,2,-1,0.6666666666666667,17,1,0.058823529411764705,0.2,0.0,False,0.13499635,0,171_linkedin_4387283659,171,linkedin_4387283659
3,7,2,1,0.6666666666666667,8,0,0.0,0.0,0.3333333333333333,False,0.43416157,0,290_linkedin_4405209033,290,linkedin_4405209033
2,6,5,-3,0.5,8,0,0.0,0.0,0.0,False,0.34736425,0,54_linkedin_4407638184,54,linkedin_4407638184
8,9,0,8,0.0,4,0,0.0,0.0,0.0,False,0.4047673,0,133_linkedin_4390682886,133,linkedin_4390682886
6,6,2,4,0.0,4,0,0.0,0.0,0.3333333333333333,False,0.36635146,0,631_linkedin_4399266480,631,linkedin_4399266480
12,10,2,10,0.0,16,0,0.0,0.0,0.0,False,0.23776303,0,94_linkedin_4326608875,94,linkedin_4326608875
7,9,0,7,0.0,24,0,0.0,0.0,0.0,False,0.23550132,0,134_linkedin_4373617053,134,linkedin_4373617053
2,5,2,0,1.0,21,1,0.047619047619047616,0.2,0.0,False,0.35897577,0,174_linkedin_4385907077,174,linkedin_4385907077
0,5,0,0,1.0,3,0,0.0,0.0,0.0,False,0.1290369,0,637_linkedin_4268599389,637,linkedin_4268599389
5,8,2,3,0.0,19,2,0.10526315789473684,0.25,0.0,False,0.33382156,0,181_linkedin_4345341430,181,linkedin_4345341430
9,8,2,7,0.0,18,0,0.0,0.0,0.0,False,0.21953091,0,581_linkedin_4398491928,581,linkedin_4398491928
9,7,5,4,0.33333333333333337,9,0,0.0,0.0,0.0,False,0.43665352,0,292_linkedin_4406555146,292,linkedin_4406555146
13,9,0,13,0.0,5,2,0.4,0.2222222222222222,0.0,False,0.3943548,0,167_linkedin_4407860682,167,linkedin_4407860682
8,7,2,6,0.0,23,0,0.0,0.0,0.0,False,0.27236465,0,586_linkedin_4407382661,586,linkedin_4407382661
5,6,8,-3,0.6666666666666667,21,0,0.0,0.0,0.0,False,0.38564184,0,614_linkedin_4404204086,614,linkedin_4404204086
5,7,5,0,1.0,18,2,0.1111111111111111,0.2857142857142857,0.0,False,0.48760843,0,670_linkedin_4399022535,670,linkedin_4399022535
3,4,2,1,0.6666666666666667,27,1,0.037037037037037035,0.25,0.0,False,0.50298434,0,824_linkedin_4394769981,824,linkedin_4394769981
8,6,0,8,0.0,10,0,0.0,0.0,0.3333333333333333,False,0.39977702,0,600_linkedin_4380284459,600,linkedin_4380284459
8,7,0,8,0.0,16,0,0.0,0.0,0.0,False,0.35369578,0,287_linkedin_4379273594,287,linkedin_4379273594
12,7,1,11,0.0,31,0,0.0,0.0,0.0,False,0.3621386,0,204_linkedin_4406978302,204,linkedin_4406978302
15,7,5,10,0.0,12,1,0.08333333333333333,0.14285714285714285,0.0,False,0.43804663,0,231_linkedin_4399551403,231,linkedin_4399551403
4,8,5,-1,0.8333333333333334,13,0,0.0,0.0,0.0,False,0.34122354,0,84_linkedin_4404215608,84,linkedin_4404215608
13,9,0,13,0.0,10,0,0.0,0.0,0.0,False,0.35987288,0,167_linkedin_4408073332,167,linkedin_4408073332
5,9,5,0,1.0,21,0,0.0,0.0,0.0,False,0.23954928,0,820_linkedin_4402429137,820,linkedin_4402429137
5,2,2,3,0.0,15,0,0.0,0.0,0.0,False,0.40285048,0,753_linkedin_4399877263,753,linkedin_4399877263
3,7,1,2,0.0,5,1,0.2,0.14285714285714285,0.0,False,0.30329585,0,183_linkedin_4407142943,183,linkedin_4407142943
2,6,5,-3,0.5,11,0,0.0,0.0,0.0,False,0.16666526,0,26_linkedin_4399746370,26,linkedin_4399746370
6,6,8,-2,0.7777777777777778,22,0,0.0,0.0,0.0,False,0.2606978,0,601_linkedin_4294988990,601,linkedin_4294988990
12,7,8,4,0.5555555555555556,19,0,0.0,0.0,0.0,False,0.52732,0,204_linkedin_4324357155,204,linkedin_4324357155
13,10,5,8,0.0,20,0,0.0,0.0,0.0,False,0.40196618,0,91_linkedin_4366742804,91,linkedin_4366742804
13,8,0,13,0.0,7,0,0.0,0.0,0.0,False,0.20769785,0,194_linkedin_4404562345,194,linkedin_4404562345
7,9,5,2,0.6666666666666667,28,1,0.03571428571428571,0.1111111111111111,0.0,False,0.36949483,0,187_linkedin_4406539362,187,linkedin_4406539362
5,4,5,0,1.0,6,1,0.16666666666666666,0.25,0.0,False,0.36300212,0,752_linkedin_4403924844,752,linkedin_4403924844
2,6,2,0,1.0,14,0,0.0,0.0,0.0,False,0.1587907,0,615_linkedin_4404031827,615,linkedin_4404031827
15,10,2,13,0.0,15,0,0.0,0.0,0.0,False,0.34280482,0,21_linkedin_4380276787,21,linkedin_4380276787
9,7,0,9,0.0,13,0,0.0,0.0,0.0,False,0.40221357,0,550_linkedin_4407900505,550,linkedin_4407900505
5,8,0,5,0.0,9,0,0.0,0.0,0.0,True,0.21676284,0,535_linkedin_4402899599,535,linkedin_4402899599
4,8,5,-1,0.8333333333333334,18,1,0.05555555555555555,0.125,0.0,False,0.31087548,0,543_linkedin_4371770782,543,linkedin_4371770782
12,7,5,7,0.0,1,0,0.0,0.0,0.25,False,0.42782834,0,238_linkedin_4398396158,238,linkedin_4398396158
5,9,0,5,0.0,23,1,0.043478260869565216,0.1111111111111111,0.0,False,0.26717177,0,793_linkedin_4395545264,793,linkedin_4395545264
6,7,8,-2,0.7777777777777778,16,0,0.0,0.0,0.0,False,0.3349672,0,587_linkedin_4407191616,587,linkedin_4407191616
5,4,0,5,0.0,31,2,0.06451612903225806,0.5,0.0,False,0.25791278,0,739_linkedin_4359616166,739,linkedin_4359616166
1,6,2,-1,0.6666666666666667,24,1,0.041666666666666664,0.16666666666666666,0.0,False,0.315605,0,145_linkedin_4377244454,145,linkedin_4377244454
3,7,2,1,0.6666666666666667,20,1,0.05,0.14285714285714285,0.0,False,0.3839497,0,183_linkedin_4407157419,183,linkedin_4407157419
3,8,5,-2,0.6666666666666667,5,0,0.0,0.0,0.0,False,0.21369329,0,33_linkedin_4398002106,33,linkedin_4398002106
8,9,2,6,0.0,6,0,0.0,0.0,0.2,False,0.48497853,0,157_linkedin_4401017570,157,linkedin_4401017570
5,7,2,3,0.0,14,1,0.07142857142857142,0.14285714285714285,0.0,False,0.34827244,0,569_linkedin_4402454682,569,linkedin_4402454682
5,7,5,0,1.0,25,0,0.0,0.0,0.0,False,0.4042805,0,291_linkedin_4407907600,291,linkedin_4407907600
2,7,5,-3,0.5,12,0,0.0,0.0,0.0,False,0.41504484,0,232_linkedin_4404587669,232,linkedin_4404587669
7,7,0,7,0.0,19,0,0.0,0.0,0.0,False,0.25802758,0,259_linkedin_4403829518,259,linkedin_4403829518
4,7,2,2,0.33333333333333337,3,0,0.0,0.0,0.0,False,0.2777912,0,219_linkedin_4404659736,219,linkedin_4404659736
7,7,8,-1,0.8888888888888888,20,0,0.0,0.0,0.0,False,0.27401003,0,259_linkedin_4400515080,259,linkedin_4400515080
6,7,1,5,0.0,12,0,0.0,0.0,0.0,False,0.054405067,0,590_linkedin_4403106007,590,linkedin_4403106007
7,7,0,7,0.0,13,0,0.0,0.0,0.0,False,0.2817064,0,523_linkedin_4400212890,523,linkedin_4400212890
5,9,0,5,0.0,10,1,0.1,0.1111111111111111,0.0,False,0.22771735,0,713_linkedin_4408073332,713,linkedin_4408073332
9,9,5,4,0.33333333333333337,17,2,0.11764705882352941,0.2222222222222222,0.0,False,0.21603204,0,18_linkedin_4399764051,18,linkedin_4399764051
2,6,0,2,0.0,10,1,0.1,0.16666666666666666,0.0,False,0.13027945,0,98_linkedin_4408748611,98,linkedin_4408748611
12,8,0,12,0.0,22,0,0.0,0.0,0.0,False,0.13566533,0,541_linkedin_4407084346,541,linkedin_4407084346
5,6,0,5,0.0,29,0,0.0,0.0,0.0,False,0.25402072,0,614_linkedin_4387690365,614,linkedin_4387690365
13,10,0,13,0.0,16,0,0.0,0.0,0.0,False,0.14937605,0,19_linkedin_4406213055,19,linkedin_4406213055
15,10,5,10,0.0,22,0,0.0,0.0,0.0,False,0.40181196,0,117_linkedin_4405811016,117,linkedin_4405811016
2,6,5,-3,0.5,7,0,0.0,0.0,0.0,False,0.24866349,0,235_linkedin_4399747583,235,linkedin_4399747583
5,5,0,5,0.0,11,1,0.09090909090909091,0.2,0.0,False,0.43096673,0,718_linkedin_4248785240,718,linkedin_4248785240
5,6,0,5,0.0,15,0,0.0,0.0,0.2,False,0.19444127,0,623_linkedin_4383643765,623,linkedin_4383643765
10,7,2,8,0.0,15,0,0.0,0.0,0.0,False,0.15775566,0,261_linkedin_4380276787,261,linkedin_4380276787
2,7,2,0,1.0,16,0,0.0,0.0,0.0,False,0.23810929,0,584_linkedin_4402922325,584,linkedin_4402922325
14,9,2,12,0.0,19,0,0.0,0.0,0.0,False,0.4358444,0,168_linkedin_4408748547,168,linkedin_4408748547
11,7,0,11,0.0,35,0,0.0,0.0,0.0,False,0.3869053,0,285_linkedin_4139842127,285,linkedin_4139842127
7,9,2,5,0.0,12,0,0.0,0.0,0.0,False,0.25145206,0,86_linkedin_4408798676,86,linkedin_4408798676
10,7,5,5,0.16666666666666663,36,1,0.027777777777777776,0.14285714285714285,0.0,False,0.39050633,0,261_linkedin_4405732569,261,linkedin_4405732569
2,7,5,-3,0.5,7,0,0.0,0.0,0.0,False,0.10721543,0,594_linkedin_4398474947,594,linkedin_4398474947
4,9,2,2,0.33333333333333337,13,1,0.07692307692307693,0.1111111111111111,0.0,True,0.1663249,0,816_linkedin_4326233529,816,linkedin_4326233529
5,7,8,-3,0.6666666666666667,15,0,0.0,0.0,0.0,False,0.3529147,0,266_linkedin_4299772363,266,linkedin_4299772363
5,8,0,5,0.0,17,1,0.058823529411764705,0.125,0.0,False,0.47056678,0,104_linkedin_4358953936,104,linkedin_4358953936
4,6,0,4,0.0,23,0,0.0,0.0,0.0,False,0.25754103,0,629_linkedin_4409007067,629,linkedin_4409007067
3,7,0,3,0.0,11,0,0.0,0.0,0.0,False,0.39384696,0,242_linkedin_4404066996,242,linkedin_4404066996
5,9,2,3,0.0,13,1,0.07692307692307693,0.1111111111111111,0.0,False,0.33399597,0,748_linkedin_4409033913,748,linkedin_4409033913
3,7,0,3,0.0,11,0,0.0,0.0,0.0,False,0.38603702,0,553_linkedin_4335108683,553,linkedin_4335108683
6,7,8,-2,0.7777777777777778,23,0,0.0,0.0,0.5,False,0.4184019,0,282_linkedin_4395274556,282,linkedin_4395274556
2,5,2,0,1.0,16,0,0.0,0.0,0.0,False,0.20489416,0,126_linkedin_4402922325,126,linkedin_4402922325
7,9,5,2,0.6666666666666667,11,0,0.0,0.0,0.0,False,0.36216444,0,111_linkedin_4405982427,111,linkedin_4405982427
20,7,5,15,0.0,17,0,0.0,0.0,0.0,False,0.38645178,0,638_linkedin_4357742792,638,linkedin_4357742792
9,9,5,4,0.33333333333333337,14,2,0.14285714285714285,0.2222222222222222,0.0,False,0.3655527,0,192_linkedin_4399110051,192,linkedin_4399110051
12,7,5,7,0.0,10,0,0.0,0.0,0.0,False,0.34061348,0,551_linkedin_4397764397,551,linkedin_4397764397
1,8,2,-1,0.6666666666666667,12,0,0.0,0.0,0.0,False,0.3690982,0,538_linkedin_4302730124,538,linkedin_4302730124
5,9,2,3,0.0,17,0,0.0,0.0,0.0,False,0.3006841,0,838_linkedin_4406630830,838,linkedin_4406630830
10,9,0,10,0.0,13,1,0.07692307692307693,0.1111111111111111,0.0,False,0.23608504,0,15_linkedin_4406258431,15,linkedin_4406258431
9,6,5,4,0.33333333333333337,20,0,0.0,0.0,0.3333333333333333,False,0.32658204,0,616_linkedin_4402708290,616,linkedin_4402708290
3,8,0,3,0.0,14,0,0.0,0.0,0.0,False,0.324592,0,12_linkedin_4385735405,12,linkedin_4385735405
3,7,5,-2,0.6666666666666667,20,0,0.0,0.0,0.0,False,0.37910348,0,572_linkedin_4377203688,572,linkedin_4377203688
2,5,0,2,0.0,18,1,0.05555555555555555,0.2,0.0,False,0.17555992,0,170_linkedin_4402124066,170,linkedin_4402124066
7,8,2,5,0.0,13,0,0.0,0.0,0.0,False,0.28806925,0,579_linkedin_4405741051,579,linkedin_4405741051
12,9,0,12,0.0,16,0,0.0,0.0,0.0,False,0.38056457,0,166_linkedin_4379273594,166,linkedin_4379273594
5,7,1,4,0.0,11,0,0.0,0.0,0.0,False,0.28909478,0,234_linkedin_4395254314,234,linkedin_4395254314
7,6,5,2,0.6666666666666667,14,0,0.0,0.0,0.0,False,0.2847756,0,636_linkedin_4403630542,636,linkedin_4403630542
8,7,0,8,0.0,21,0,0.0,0.0,0.0,False,0.39163384,0,575_linkedin_4387823551,575,linkedin_4387823551
1,5,5,-4,0.33333333333333337,7,0,0.0,0.0,0.0,False,0.2555492,0,1_linkedin_4324968831,1,linkedin_4324968831
9,7,5,4,0.33333333333333337,17,0,0.0,0.0,0.0,False,0.4091507,0,281_linkedin_4381419132,281,linkedin_4381419132
6,3,1,5,0.0,7,1,0.14285714285714285,0.3333333333333333,0.0,False,0.34147337,0,788_linkedin_4405892844,788,linkedin_4405892844
5,6,0,5,0.0,7,0,0.0,0.0,0.0,False,0.30741048,0,517_linkedin_4394601927,517,linkedin_4394601927
1,5,0,1,0.0,18,0,0.0,0.0,0.0,False,0.44189617,0,5_linkedin_4405141036,5,linkedin_4405141036
12,8,8,4,0.5555555555555556,21,2,0.09523809523809523,0.25,0.2,False,0.5044172,0,541_linkedin_4404204086,541,linkedin_4404204086
1,7,0,1,0.0,24,1,0.041666666666666664,0.14285714285714285,0.0,False,0.2891957,0,289_linkedin_4394414906,289,linkedin_4394414906
2,6,5,-3,0.5,3,0,0.0,0.0,0.6666666666666666,False,0.46403506,0,615_linkedin_4398369781,615,linkedin_4398369781
4,7,2,2,0.33333333333333337,22,0,0.0,0.0,0.0,False,0.35957915,0,585_linkedin_4388506915,585,linkedin_4388506915
1,6,8,-7,0.2222222222222222,16,2,0.125,0.3333333333333333,0.0,False,0.38559586,0,149_linkedin_4407191616,149,linkedin_4407191616
5,9,2,3,0.0,14,2,0.14285714285714285,0.2222222222222222,0.3333333333333333,False,0.26762083,0,796_linkedin_4404031827,796,linkedin_4404031827
7,9,8,-1,0.8888888888888888,19,1,0.05263157894736842,0.1111111111111111,0.1,True,0.31648946,0,190_linkedin_4310147892,190,linkedin_4310147892
10,7,0,10,0.0,11,0,0.0,0.0,0.0,False,0.40108836,0,216_linkedin_4248783539,216,linkedin_4248783539
1,6,10,-9,0.18181818181818177,3,0,0.0,0.0,0.0,False,0.3730439,0,145_linkedin_4320529126,145,linkedin_4320529126
5,9,0,5,0.0,12,0,0.0,0.0,0.0,False,0.42398137,0,703_linkedin_4394457541,703,linkedin_4394457541
2,5,5,-3,0.5,14,0,0.0,0.0,0.0,False,0.32364672,0,126_linkedin_4407397417,126,linkedin_4407397417
12,7,0,12,0.0,20,0,0.0,0.0,0.16666666666666666,False,0.36644405,0,204_linkedin_4397166999,204,linkedin_4397166999
9,7,0,9,0.0,18,0,0.0,0.0,0.0,False,0.25705722,0,281_linkedin_4374029128,281,linkedin_4374029128
1,5,5,-4,0.33333333333333337,27,1,0.037037037037037035,0.2,0.0,False,0.3622957,0,171_linkedin_4385280427,171,linkedin_4385280427
5,7,2,3,0.0,12,0,0.0,0.0,0.0,False,0.4173353,0,266_linkedin_4394769628,266,linkedin_4394769628
6,7,0,6,0.0,18,0,0.0,0.0,0.0,False,0.43899775,0,215_linkedin_4374029127,215,linkedin_4374029127
1,5,5,-4,0.33333333333333337,11,0,0.0,0.0,0.0,False,0.24545452,0,309_linkedin_4401372984,309,linkedin_4401372984
7,7,5,2,0.6666666666666667,19,0,0.0,0.0,0.2,False,0.47560307,0,547_linkedin_4387605885,547,linkedin_4387605885
5,9,5,0,1.0,14,1,0.07142857142857142,0.1111111111111111,0.0,False,0.23929575,0,699_linkedin_4407908635,699,linkedin_4407908635
7,9,2,5,0.0,12,0,0.0,0.0,0.0,False,0.35516268,0,38_linkedin_4302730124,38,linkedin_4302730124
5,9,0,5,0.0,19,1,0.05263157894736842,0.1111111111111111,0.0,False,0.22971493,0,818_linkedin_4248974172,818,linkedin_4248974172
7,7,2,5,0.0,8,0,0.0,0.0,0.0,False,0.30219805,0,259_linkedin_4405209033,259,linkedin_4405209033
11,7,8,3,0.6666666666666667,16,0,0.0,0.0,0.0,False,0.34702685,0,208_linkedin_4407191616,208,linkedin_4407191616
6,6,2,4,0.0,16,0,0.0,0.0,0.25,False,0.4365772,0,631_linkedin_4408787972,631,linkedin_4408787972
13,8,1,12,0.0,1,0,0.0,0.0,0.0,False,0.20007552,0,194_linkedin_4407901095,194,linkedin_4407901095
2,8,2,0,1.0,19,1,0.05263157894736842,0.125,0.0,False,0.3035159,0,580_linkedin_4399218658,580,linkedin_4399218658
5,9,1,4,0.0,10,1,0.1,0.1111111111111111,0.0,False,0.22129036,0,748_linkedin_4401551013,748,linkedin_4401551013
3,9,2,1,0.6666666666666667,16,0,0.0,0.0,0.0,False,0.30718052,0,772_linkedin_4402922325,772,linkedin_4402922325
5,8,0,5,0.0,21,2,0.09523809523809523,0.25,0.0,False,0.4736943,0,177_linkedin_4361439395,177,linkedin_4361439395
5,9,0,5,0.0,4,0,0.0,0.0,0.0,False,0.33069384,0,725_linkedin_4390682886,725,linkedin_4390682886
9,7,0,9,0.0,8,0,0.0,0.0,0.0,False,0.37177947,0,570_linkedin_4388916064,570,linkedin_4388916064
7,8,5,2,0.6666666666666667,17,0,0.0,0.0,0.0,False,0.33730623,0,533_linkedin_4398728296,533,linkedin_4398728296
3,8,0,3,0.0,20,0,0.0,0.0,0.0,False,0.28525993,0,179_linkedin_4302996033,179,linkedin_4302996033
1,6,0,1,0.0,19,0,0.0,0.0,0.0,False,0.28452203,0,619_linkedin_4248974172,619,linkedin_4248974172
9,7,1,8,0.0,19,1,0.05263157894736842,0.14285714285714285,0.3333333333333333,False,0.21600896,0,550_linkedin_4408756370,550,linkedin_4408756370
12,9,0,12,0.0,16,0,0.0,0.0,0.0,False,0.31234586,0,196_linkedin_4385732952,196,linkedin_4385732952
5,8,1,4,0.0,12,0,0.0,0.0,0.0,False,0.24091095,0,131_linkedin_4403106007,131,linkedin_4403106007
5,2,8,-3,0.6666666666666667,6,1,0.16666666666666666,0.5,0.0,False,0.19610909,0,734_linkedin_4229846157,734,linkedin_4229846157
9,7,0,9,0.0,21,0,0.0,0.0,0.0,False,0.25532794,0,570_linkedin_4405876076,570,linkedin_4405876076
2,6,2,0,1.0,12,1,0.08333333333333333,0.16666666666666666,0.0,False,0.1888964,0,263_linkedin_4408274143,263,linkedin_4408274143
6,7,2,4,0.0,12,0,0.0,0.0,0.2,False,0.25825965,0,215_linkedin_4302730124,215,linkedin_4302730124
6,6,5,1,0.8333333333333334,18,0,0.0,0.0,0.5,False,0.5579986,0,617_linkedin_4402478723,617,linkedin_4402478723
6,7,0,6,0.0,10,0,0.0,0.0,0.0,False,0.23018953,0,567_linkedin_4405414432,567,linkedin_4405414432
4,8,8,-4,0.5555555555555556,28,1,0.03571428571428571,0.125,0.0,False,0.15320371,0,10_linkedin_4400166951,10,linkedin_4400166951
12,6,2,10,0.0,12,0,0.0,0.0,0.0,False,0.420185,0,618_linkedin_4403943434,618,linkedin_4403943434
3,5,5,-2,0.6666666666666667,10,1,0.1,0.2,0.16666666666666666,False,0.34617054,0,807_linkedin_4402483406,807,linkedin_4402483406
8,7,0,8,0.0,21,0,0.0,0.0,0.0,False,0.28623706,0,237_linkedin_4374257366,237,linkedin_4374257366
2,6,2,0,1.0,13,0,0.0,0.0,0.0,True,0.02793423,0,248_linkedin_4398838741,248,linkedin_4398838741
5,3,8,-3,0.6666666666666667,16,1,0.0625,0.3333333333333333,0.0,False,0.2750654,0,714_linkedin_4404963007,714,linkedin_4404963007
3,9,0,3,0.0,29,2,0.06896551724137931,0.2222222222222222,0.0,False,0.26791847,0,777_linkedin_4400027020,777,linkedin_4400027020
15,10,0,15,0.0,16,1,0.0625,0.1,0.0,False,0.3483353,0,117_linkedin_4405540622,117,linkedin_4405540622
2,8,0,2,0.0,13,0,0.0,0.0,0.0,False,0.45353147,0,558_linkedin_4405972769,558,linkedin_4405972769
2,7,0,2,0.0,18,1,0.05555555555555555,0.14285714285714285,0.0,False,0.25626767,0,221_linkedin_4364810720,221,linkedin_4364810720
9,9,0,9,0.0,13,0,0.0,0.0,0.25,False,0.4357006,0,39_linkedin_4399398705,39,linkedin_4399398705
11,7,2,9,0.0,15,0,0.0,0.0,0.0,False,0.33412045,0,256_linkedin_4380699619,256,linkedin_4380699619
1,5,0,1,0.0,9,0,0.0,0.0,0.0,True,0.36583254,0,630_linkedin_4406824756,630,linkedin_4406824756
2,7,0,2,0.0,18,0,0.0,0.0,0.0,False,0.436905,0,566_linkedin_4397737872,566,linkedin_4397737872
9,8,5,4,0.33333333333333337,12,0,0.0,0.0,0.3333333333333333,False,0.25598532,0,581_linkedin_4407853934,581,linkedin_4407853934
6,7,5,1,0.8333333333333334,29,0,0.0,0.0,0.0,False,0.47945088,0,567_linkedin_4382809676,567,linkedin_4382809676
7,7,8,-1,0.8888888888888888,26,0,0.0,0.0,0.0,False,0.3692383,0,279_linkedin_4299772383,279,linkedin_4299772383
2,6,5,-3,0.5,18,0,0.0,0.0,0.0,False,0.36647096,0,102_linkedin_4282730480,102,linkedin_4282730480
7,7,0,7,0.0,26,1,0.038461538461538464,0.14285714285714285,0.0,False,0.3463265,0,272_linkedin_4405160990,272,linkedin_4405160990
10,7,8,2,0.7777777777777778,21,1,0.047619047619047616,0.14285714285714285,0.0,False,0.40028128,0,293_linkedin_4404204086,293,linkedin_4404204086
2,6,0,2,0.0,29,2,0.06896551724137931,0.3333333333333333,0.0,False,0.28042024,0,150_linkedin_4378971730,150,linkedin_4378971730
1,6,5,-4,0.33333333333333337,12,1,0.08333333333333333,0.16666666666666666,0.0,False,0.44661042,0,169_linkedin_4403389019,169,linkedin_4403389019
1,6,5,-4,0.33333333333333337,12,0,0.0,0.0,0.0,False,0.2208459,0,252_linkedin_4370401762,252,linkedin_4370401762
5,9,0,5,0.0,12,1,0.08333333333333333,0.1111111111111111,0.0,False,0.27154326,0,748_linkedin_4380358954,748,linkedin_4380358954
1,6,5,-4,0.33333333333333337,17,0,0.0,0.0,0.0,False,0.30229858,0,229_linkedin_4405093490,229,linkedin_4405093490
4,8,0,4,0.0,26,1,0.038461538461538464,0.125,0.0,False,0.28886822,0,84_linkedin_4374002734,84,linkedin_4374002734
9,9,2,7,0.0,21,2,0.09523809523809523,0.2222222222222222,0.0,False,0.42417264,0,159_linkedin_4408239860,159,linkedin_4408239860
5,9,2,3,0.0,7,1,0.14285714285714285,0.1111111111111111,0.0,False,0.29569444,0,817_linkedin_4360662878,817,linkedin_4360662878
5,8,5,0,1.0,12,0,0.0,0.0,0.0,False,0.39321312,0,539_linkedin_4403450778,539,linkedin_4403450778
8,5,5,3,0.5,9,2,0.2222222222222222,0.4,0.0,False,0.41769964,0,755_linkedin_4384651056,755,linkedin_4384651056
8,7,2,6,0.0,12,0,0.0,0.0,0.0,True,0.2575333,0,203_linkedin_4397716588,203,linkedin_4397716588
6,3,0,6,0.0,17,0,0.0,0.0,0.0,False,0.3684356,0,800_linkedin_4303288842,800,linkedin_4303288842
2,6,2,0,1.0,15,0,0.0,0.0,0.0,True,0.23874997,0,176_linkedin_4408265376,176,linkedin_4408265376
10,7,0,10,0.0,21,0,0.0,0.0,0.2,False,0.22287458,0,261_linkedin_4388787599,261,linkedin_4388787599
5,6,0,5,0.0,13,0,0.0,0.0,0.0,False,0.3476844,0,517_linkedin_3900678621,517,linkedin_3900678621
1,6,0,1,0.0,11,0,0.0,0.0,0.0,False,0.31328785,0,149_linkedin_4114568975,149,linkedin_4114568975
3,8,0,3,0.0,19,2,0.10526315789473684,0.25,0.0,False,0.44090322,0,153_linkedin_4386971508,153,linkedin_4386971508
6,6,1,5,0.0,10,0,0.0,0.0,0.0,False,0.24279843,0,601_linkedin_4402237300,601,linkedin_4402237300
5,9,2,3,0.0,12,1,0.08333333333333333,0.1111111111111111,0.0,False,0.32099098,0,750_linkedin_4302730124,750,linkedin_4302730124
8,9,2,6,0.0,10,1,0.1,0.1111111111111111,0.0,False,0.19832666,0,667_linkedin_4373089349,667,linkedin_4373089349
4,8,2,2,0.33333333333333337,14,0,0.0,0.0,0.0,False,0.25980023,0,151_linkedin_4404031827,151,linkedin_4404031827
12,7,5,7,0.0,2,0,0.0,0.0,0.0,False,0.116141886,0,520_linkedin_4406853691,520,linkedin_4406853691
15,7,0,15,0.0,13,0,0.0,0.0,0.0,False,0.3318404,0,247_linkedin_4399398705,247,linkedin_4399398705
2,8,0,2,0.0,15,0,0.0,0.0,0.0,False,0.3299406,0,558_linkedin_4393279399,558,linkedin_4393279399
15,10,0,15,0.0,29,1,0.034482758620689655,0.1,0.0,False,0.38574278,0,21_linkedin_4387690365,21,linkedin_4387690365
4,8,8,-4,0.5555555555555556,24,1,0.041666666666666664,0.125,0.0,False,0.43640903,0,532_linkedin_4404804267,532,linkedin_4404804267
12,8,0,12,0.0,21,0,0.0,0.0,0.0,False,0.21422961,0,583_linkedin_4397745567,583,linkedin_4397745567
5,8,0,5,0.0,4,0,0.0,0.0,0.0,False,0.32546645,0,11_linkedin_4390682886,11,linkedin_4390682886
3,8,2,1,0.6666666666666667,19,1,0.05263157894736842,0.125,0.0,False,0.40684453,0,809_linkedin_4379617586,809,linkedin_4379617586
6,7,0,6,0.0,30,1,0.03333333333333333,0.14285714285714285,0.16666666666666666,False,0.38495094,0,282_linkedin_4378335649,282,linkedin_4378335649
1,5,5,-4,0.33333333333333337,9,0,0.0,0.0,0.0,False,0.22210392,0,5_linkedin_4389601181,5,linkedin_4389601181
5,6,2,3,0.0,28,0,0.0,0.0,0.0,False,0.35640654,0,614_linkedin_4368191990,614,linkedin_4368191990
9,9,0,9,0.0,21,0,0.0,0.0,0.0,False,0.296739,0,66_linkedin_4397564324,66,linkedin_4397564324
1,6,2,-1,0.6666666666666667,17,0,0.0,0.0,0.25,False,0.3207842,0,619_linkedin_4404583344,619,linkedin_4404583344
13,9,5,8,0.0,7,1,0.14285714285714285,0.1111111111111111,0.0,False,0.30169237,0,167_linkedin_4399747583,167,linkedin_4399747583
9,7,8,1,0.8888888888888888,21,0,0.0,0.0,0.0,False,0.37113354,0,591_linkedin_4402753679,591,linkedin_4402753679
8,7,8,0,1.0,21,0,0.0,0.0,0.0,False,0.48538086,0,203_linkedin_4402789919,203,linkedin_4402789919
4,8,0,4,0.0,24,1,0.041666666666666664,0.125,0.0,True,0.27808964,0,130_linkedin_4402929948,130,linkedin_4402929948
4,8,0,4,0.0,31,0,0.0,0.0,0.3333333333333333,False,0.26516622,0,151_linkedin_4401925667,151,linkedin_4401925667
3,5,2,1,0.6666666666666667,10,0,0.0,0.0,0.0,False,0.28413823,0,807_linkedin_4373091275,807,linkedin_4373091275
9,9,2,7,0.0,12,1,0.08333333333333333,0.1111111111111111,0.0,False,0.24687028,0,110_linkedin_4406969090,110,linkedin_4406969090
8,8,0,8,0.0,28,1,0.03571428571428571,0.125,0.0,False,0.47527015,0,160_linkedin_4275595150,160,linkedin_4275595150
1,5,2,-1,0.6666666666666667,4,0,0.0,0.0,0.0,False,0.4146182,0,592_linkedin_4399266480,592,linkedin_4399266480
4,8,2,2,0.33333333333333337,16,0,0.0,0.0,0.0,False,0.25556526,0,182_linkedin_4326608875,182,linkedin_4326608875
8,7,2,6,0.0,5,0,0.0,0.0,0.3333333333333333,False,0.4158308,0,250_linkedin_4398468664,250,linkedin_4398468664
9,9,0,9,0.0,23,3,0.13043478260869565,0.3333333333333333,0.0,False,0.36052987,0,159_linkedin_4402976861,159,linkedin_4402976861
8,9,2,6,0.0,16,0,0.0,0.0,0.0,False,0.35456577,0,17_linkedin_4398009352,17,linkedin_4398009352
6,7,2,4,0.0,19,1,0.05263157894736842,0.14285714285714285,0.0,False,0.49024302,0,223_linkedin_4388479235,223,linkedin_4388479235
2,6,5,-3,0.5,28,0,0.0,0.0,0.0,False,0.37242302,0,146_linkedin_4399760377,146,linkedin_4399760377
6,7,0,6,0.0,9,0,0.0,0.0,0.0,False,0.34349975,0,223_linkedin_4387979451,223,linkedin_4387979451
7,7,2,5,0.0,24,3,0.125,0.42857142857142855,0.1,False,0.25961334,0,565_linkedin_4405617743,565,linkedin_4405617743
2,6,2,0,1.0,21,0,0.0,0.0,0.0,False,0.37096044,0,26_linkedin_4388779977,26,linkedin_4388779977
7,7,2,5,0.0,10,1,0.1,0.14285714285714285,0.0,False,0.3990518,0,595_linkedin_4406268742,595,linkedin_4406268742
5,7,0,5,0.0,20,0,0.0,0.0,0.3333333333333333,False,0.34728476,0,569_linkedin_4363766414,569,linkedin_4363766414
1,5,0,1,0.0,16,0,0.0,0.0,0.0,False,0.32590124,0,592_linkedin_4296469734,592,linkedin_4296469734
1,6,5,-4,0.33333333333333337,16,0,0.0,0.0,0.0,False,0.22729039,0,169_linkedin_4399991658,169,linkedin_4399991658
14,10,5,9,0.0,16,0,0.0,0.0,0.0,False,0.2680253,0,144_linkedin_4395336186,144,linkedin_4395336186
8,4,5,3,0.5,12,1,0.08333333333333333,0.25,0.0,False,0.4128133,0,664_linkedin_4403839172,664,linkedin_4403839172
8,7,1,7,0.0,18,0,0.0,0.0,0.0,False,0.27332938,0,191_linkedin_4404507119,191,linkedin_4404507119
1,6,5,-4,0.33333333333333337,12,0,0.0,0.0,0.0,False,0.17148294,0,77_linkedin_4401909884,77,linkedin_4401909884
1,5,0,1,0.0,15,0,0.0,0.0,0.0,False,0.3549529,0,300_linkedin_4089827582,300,linkedin_4089827582
3,9,5,-2,0.6666666666666667,13,1,0.07692307692307693,0.1111111111111111,0.0,False,0.36359346,0,836_linkedin_4407902644,836,linkedin_4407902644
6,6,0,6,0.0,26,0,0.0,0.0,0.0,False,0.3116334,0,601_linkedin_4405160990,601,linkedin_4405160990
7,7,5,2,0.6666666666666667,20,0,0.0,0.0,0.0,False,0.2481861,0,207_linkedin_4399860023,207,linkedin_4399860023
15,10,5,10,0.0,25,2,0.08,0.2,0.0,False,0.31463438,0,117_linkedin_4389564579,117,linkedin_4389564579
2,6,2,0,1.0,18,1,0.05555555555555555,0.16666666666666666,0.25,False,0.3556032,0,146_linkedin_4381945031,146,linkedin_4381945031
5,9,2,3,0.0,4,0,0.0,0.0,0.0,False,0.3057655,0,818_linkedin_4399266480,818,linkedin_4399266480
5,3,0,5,0.0,13,1,0.07692307692307693,0.3333333333333333,0.0,False,0.38446096,0,756_linkedin_4400212890,756,linkedin_4400212890
3,8,2,1,0.6666666666666667,24,1,0.041666666666666664,0.125,0.1,False,0.3603298,0,153_linkedin_4405617743,153,linkedin_4405617743
7,8,0,7,0.0,19,2,0.10526315789473684,0.25,0.0,False,0.40539536,0,161_linkedin_4393018333,161,linkedin_4393018333
4,6,8,-4,0.5555555555555556,16,0,0.0,0.0,0.0,False,0.3863426,0,249_linkedin_4319315735,249,linkedin_4319315735
13,10,5,8,0.0,8,0,0.0,0.0,0.0,False,0.34904814,0,120_linkedin_4306112553,120,linkedin_4306112553
8,6,2,6,0.0,18,0,0.0,0.0,0.0,False,0.44722536,0,600_linkedin_4402454790,600,linkedin_4402454790
5,9,5,0,1.0,20,0,0.0,0.0,0.0,False,0.4033856,0,742_linkedin_4366742804,742,linkedin_4366742804
3,9,5,-2,0.6666666666666667,19,1,0.05263157894736842,0.1111111111111111,0.0,False,0.36799854,0,826_linkedin_4401639136,826,linkedin_4401639136
10,7,0,10,0.0,29,0,0.0,0.0,0.0,False,0.4654339,0,245_linkedin_4407424753,245,linkedin_4407424753
8,7,0,8,0.0,13,0,0.0,0.0,0.25,False,0.45275596,0,529_linkedin_4399398705,529,linkedin_4399398705
7,7,0,7,0.0,14,1,0.07142857142857142,0.14285714285714285,0.0,False,0.44799358,0,272_linkedin_4401546237,272,linkedin_4401546237
3,8,0,3,0.0,11,0,0.0,0.0,0.0,False,0.21212518,0,105_linkedin_4397959321,105,linkedin_4397959321
12,7,0,12,0.0,13,0,0.0,0.0,0.0,False,0.31972048,0,238_linkedin_4399398705,238,linkedin_4399398705
2,8,5,-3,0.5,15,0,0.0,0.0,0.0,False,0.3662047,0,580_linkedin_4306128285,580,linkedin_4306128285
0,7,5,-5,0.16666666666666663,12,0,0.0,0.0,0.5,False,0.46164966,0,555_linkedin_4389185935,555,linkedin_4389185935
2,6,2,0,1.0,28,1,0.03571428571428571,0.16666666666666666,0.0,False,0.47602496,0,146_linkedin_4401926198,146,linkedin_4401926198
15,7,0,15,0.0,28,0,0.0,0.0,0.0,False,0.41566324,0,247_linkedin_4275595150,247,linkedin_4275595150
4,6,5,-1,0.8333333333333334,12,0,0.0,0.0,0.0,False,0.21719418,0,512_linkedin_4399153222,512,linkedin_4399153222
5,9,1,4,0.0,8,1,0.125,0.1111111111111111,0.0,False,0.28149414,0,673_linkedin_4399269336,673,linkedin_4399269336
5,7,2,3,0.0,19,0,0.0,0.0,0.0,False,0.33189505,0,226_linkedin_4352604064,226,linkedin_4352604064
1,6,5,-4,0.33333333333333337,11,0,0.0,0.0,0.5,False,0.3602101,0,619_linkedin_4384022996,619,linkedin_4384022996
13,8,0,13,0.0,4,0,0.0,0.0,0.0,False,0.32071212,0,194_linkedin_4390682886,194,linkedin_4390682886
6,7,5,1,0.8333333333333334,17,0,0.0,0.0,0.0,False,0.21147344,0,215_linkedin_4399764051,215,linkedin_4399764051
9,7,0,9,0.0,20,0,0.0,0.0,0.0,False,0.39991403,0,212_linkedin_4302996033,212,linkedin_4302996033
1,5,5,-4,0.33333333333333337,11,0,0.0,0.0,0.0,False,0.2797321,0,49_linkedin_4394758792,49,linkedin_4394758792
4,7,0,4,0.0,18,0,0.0,0.0,0.0,False,0.2687615,0,589_linkedin_4361710014,589,linkedin_4361710014
3,6,5,-2,0.6666666666666667,26,0,0.0,0.0,0.2,False,0.29121175,0,230_linkedin_4407338691,230,linkedin_4407338691
6,6,0,6,0.0,19,0,0.0,0.0,0.0,False,0.29161903,0,601_linkedin_4407872823,601,linkedin_4407872823
5,3,0,5,0.0,22,2,0.09090909090909091,0.6666666666666666,0.0,False,0.36673915,0,714_linkedin_4337768086,714,linkedin_4337768086
2,5,5,-3,0.5,12,0,0.0,0.0,0.0,False,0.24212366,0,304_linkedin_4399153222,304,linkedin_4399153222
5,7,0,5,0.0,1,0,0.0,0.0,0.5,False,0.564665,0,766_linkedin_4407538348,766,linkedin_4407538348
8,7,0,8,0.0,1,0,0.0,0.0,0.0,False,0.27715418,0,228_linkedin_4395947827,228,linkedin_4395947827
1,5,0,1,0.0,6,0,0.0,0.0,0.0,False,0.10805788,0,300_linkedin_4397214853,300,linkedin_4397214853
5,3,5,0,1.0,23,2,0.08695652173913043,0.6666666666666666,0.0,False,0.3628998,0,756_linkedin_4392891744,756,linkedin_4392891744
6,6,0,6,0.0,6,0,0.0,0.0,0.0,False,0.4108249,0,617_linkedin_4405289858,617,linkedin_4405289858
2,5,5,-3,0.5,9,1,0.1111111111111111,0.2,0.0,False,0.3287515,0,170_linkedin_4407393983,170,linkedin_4407393983
5,8,2,3,0.0,12,1,0.08333333333333333,0.125,0.2,False,0.25832915,0,177_linkedin_4302730124,177,linkedin_4302730124
4,5,2,2,0.33333333333333337,12,0,0.0,0.0,0.0,False,0.1702401,0,297_linkedin_4302730124,297,linkedin_4302730124
8,4,5,3,0.5,9,2,0.2222222222222222,0.5,0.0,False,0.45451963,0,754_linkedin_4407393983,754,linkedin_4407393983
3,8,2,1,0.6666666666666667,16,0,0.0,0.0,0.0,False,0.4249349,0,153_linkedin_4379415346,153,linkedin_4379415346
9,9,0,9,0.0,26,0,0.0,0.0,0.0,False,0.48014808,0,87_linkedin_4293859520,87,linkedin_4293859520
11,7,0,11,0.0,23,0,0.0,0.0,0.0,False,0.21128684,0,515_linkedin_4362266832,515,linkedin_4362266832
10,7,8,2,0.7777777777777778,32,0,0.0,0.0,0.0,False,0.36919227,0,216_linkedin_4400704163,216,linkedin_4400704163
1,5,0,1,0.0,22,0,0.0,0.0,0.0,False,0.31809142,0,125_linkedin_4406572326,125,linkedin_4406572326
10,7,1,9,0.0,24,1,0.041666666666666664,0.14285714285714285,0.0,False,0.4450466,0,271_linkedin_4403138145,271,linkedin_4403138145
10,9,5,5,0.16666666666666663,29,1,0.034482758620689655,0.1111111111111111,0.0,False,0.35484904,0,812_linkedin_4404753015,812,linkedin_4404753015
10,7,5,5,0.16666666666666663,17,0,0.0,0.0,0.3333333333333333,False,0.35822633,0,271_linkedin_4392503699,271,linkedin_4392503699
1,6,2,-1,0.6666666666666667,24,0,0.0,0.0,0.0,False,0.21382442,0,77_linkedin_4408750545,77,linkedin_4408750545
8,9,2,6,0.0,17,0,0.0,0.0,0.0,False,0.1766348,0,112_linkedin_4387283659,112,linkedin_4387283659
12,6,0,12,0.0,19,0,0.0,0.0,0.0,False,0.2562499,0,526_linkedin_4403829518,526,linkedin_4403829518
14,9,5,9,0.0,13,0,0.0,0.0,0.0,False,0.298486,0,140_linkedin_4406968484,140,linkedin_4406968484
2,6,8,-6,0.33333333333333337,5,0,0.0,0.0,0.0,False,0.35184258,0,615_linkedin_4322207928,615,linkedin_4322207928
6,7,0,6,0.0,10,0,0.0,0.0,0.0,False,0.3615105,0,282_linkedin_4401519586,282,linkedin_4401519586
4,7,2,2,0.33333333333333337,15,0,0.0,0.0,0.0,False,0.25983554,0,280_linkedin_4395864397,280,linkedin_4395864397
10,7,5,5,0.16666666666666663,12,0,0.0,0.0,0.0,False,0.37571934,0,261_linkedin_4402516633,261,linkedin_4402516633
2,5,0,2,0.0,37,0,0.0,0.0,0.0,False,0.3201221,0,172_linkedin_4330438339,172,linkedin_4330438339
2,6,0,2,0.0,25,0,0.0,0.0,0.0,False,0.2029322,0,248_linkedin_4402650751,248,linkedin_4402650751
5,9,8,-3,0.6666666666666667,20,1,0.05,0.1111111111111111,0.0,False,0.31180176,0,748_linkedin_4400515080,748,linkedin_4400515080
3,2,2,1,0.6666666666666667,24,0,0.0,0.0,0.2,False,0.23885122,0,825_linkedin_4406448380,825,linkedin_4406448380
4,8,2,2,0.33333333333333337,14,1,0.07142857142857142,0.125,0.0,False,0.30469546,0,130_linkedin_4392109836,130,linkedin_4392109836
4,8,0,4,0.0,29,0,0.0,0.0,0.0,False,0.27587372,0,532_linkedin_4407424753,532,linkedin_4407424753
11,7,5,6,0.0,9,0,0.0,0.0,0.0,False,0.41712216,0,208_linkedin_4406702125,208,linkedin_4406702125
14,10,2,12,0.0,14,1,0.07142857142857142,0.1,0.0,False,0.32016012,0,119_linkedin_4015918607,119,linkedin_4015918607
4,7,2,2,0.33333333333333337,14,0,0.0,0.0,0.0,True,0.31728,0,225_linkedin_4402454825,225,linkedin_4402454825
8,9,2,6,0.0,12,0,0.0,0.0,0.0,False,0.28079164,0,88_linkedin_4399193238,88,linkedin_4399193238
5,9,8,-3,0.6666666666666667,8,1,0.125,0.1111111111111111,0.0,False,0.3174397,0,795_linkedin_4372079010,795,linkedin_4372079010
5,7,0,5,0.0,20,0,0.0,0.0,0.0,False,0.26273555,0,596_linkedin_4400389193,596,linkedin_4400389193
0,5,0,0,1.0,9,0,0.0,0.0,0.0,False,0.19883642,0,637_linkedin_4388571978,637,linkedin_4388571978
3,7,0,3,0.0,21,0,0.0,0.0,0.0,False,0.3735058,0,290_linkedin_4359578079,290,linkedin_4359578079
5,6,2,3,0.0,7,0,0.0,0.0,0.0,False,0.18693249,0,517_linkedin_4369062731,517,linkedin_4369062731
1,5,0,1,0.0,18,0,0.0,0.0,0.0,False,0.27616003,0,125_linkedin_4402741020,125,linkedin_4402741020
6,7,0,6,0.0,11,0,0.0,0.0,0.3333333333333333,False,0.317439,0,587_linkedin_4350925352,587,linkedin_4350925352
6,6,8,-2,0.7777777777777778,16,0,0.0,0.0,0.125,False,0.32915956,0,601_linkedin_4396346150,601,linkedin_4396346150
2,6,0,2,0.0,17,0,0.0,0.0,0.0,False,0.2974073,0,235_linkedin_4319581307,235,linkedin_4319581307
8,7,0,8,0.0,22,0,0.0,0.0,0.3333333333333333,False,0.32231906,0,264_linkedin_4386965695,264,linkedin_4386965695
5,9,5,0,1.0,19,2,0.10526315789473684,0.2222222222222222,0.0,False,0.31440037,0,793_linkedin_4387605885,793,linkedin_4387605885
5,8,2,3,0.0,6,0,0.0,0.0,0.0,False,0.25912115,0,11_linkedin_4389714623,11,linkedin_4389714623
12,8,5,7,0.0,15,4,0.26666666666666666,0.5,0.0,False,0.3827701,0,541_linkedin_4344634134,541,linkedin_4344634134
3,9,0,3,0.0,13,1,0.07692307692307693,0.1111111111111111,0.0,False,0.32154924,0,831_linkedin_4400212890,831,linkedin_4400212890
1,5,0,1,0.0,22,1,0.045454545454545456,0.2,0.0,False,0.34248143,0,175_linkedin_4408772900,175,linkedin_4408772900
5,9,0,5,0.0,7,0,0.0,0.0,0.0,False,0.39719552,0,840_linkedin_4405748233,840,linkedin_4405748233
5,6,2,3,0.0,10,0,0.0,0.0,0.0,False,0.33851072,0,805_linkedin_4344686674,805,linkedin_4344686674
2,7,0,2,0.0,19,0,0.0,0.0,0.0,False,0.32329422,0,221_linkedin_4301168850,221,linkedin_4301168850
9,9,2,7,0.0,13,0,0.0,0.0,0.0,False,0.3873848,0,63_linkedin_4381555539,63,linkedin_4381555539
13,8,0,13,0.0,16,0,0.0,0.0,0.0,False,0.21882373,0,194_linkedin_4406213055,194,linkedin_4406213055
1,6,0,1,0.0,25,0,0.0,0.0,0.0,False,0.34100935,0,169_linkedin_4402650751,169,linkedin_4402650751
3,8,0,3,0.0,13,0,0.0,0.0,0.0,False,0.3726157,0,153_linkedin_4399398705,153,linkedin_4399398705
5,9,2,3,0.0,6,1,0.16666666666666666,0.1111111111111111,0.0,True,0.280839,0,793_linkedin_4406384491,793,linkedin_4406384491
3,4,5,-2,0.6666666666666667,7,0,0.0,0.0,0.0,False,0.32391524,0,808_linkedin_4398474947,808,linkedin_4398474947
5,8,5,0,1.0,42,0,0.0,0.0,0.0,False,0.28489983,0,539_linkedin_4403975064,539,linkedin_4403975064
6,7,0,6,0.0,9,0,0.0,0.0,0.25,False,0.48750743,0,244_linkedin_4404204386,244,linkedin_4404204386
6,7,5,1,0.8333333333333334,23,0,0.0,0.0,0.16666666666666666,False,0.3375035,0,223_linkedin_4407565012,223,linkedin_4407565012
12,7,2,10,0.0,16,0,0.0,0.0,0.0,False,0.4383043,0,238_linkedin_4394754885,238,linkedin_4394754885
2,7,0,2,0.0,19,0,0.0,0.0,0.0,False,0.3143499,0,584_linkedin_4404127001,584,linkedin_4404127001
10,9,2,8,0.0,17,1,0.058823529411764705,0.1111111111111111,0.0,False,0.21037862,0,15_linkedin_4406476197,15,linkedin_4406476197
1,6,2,-1,0.6666666666666667,28,0,0.0,0.0,0.0,False,0.3918527,0,243_linkedin_4392868031,243,linkedin_4392868031
4,7,5,-1,0.8333333333333334,14,0,0.0,0.0,0.0,False,0.4752021,0,559_linkedin_4306118481,559,linkedin_4306118481
10,9,0,10,0.0,9,0,0.0,0.0,0.0,True,0.43962684,0,812_linkedin_4401071747,812,linkedin_4401071747
7,7,5,2,0.6666666666666667,27,0,0.0,0.0,0.0,False,0.4353937,0,233_linkedin_4385280427,233,linkedin_4385280427
14,10,8,6,0.33333333333333337,16,0,0.0,0.0,0.2222222222222222,False,0.41689378,0,47_linkedin_4299772412,47,linkedin_4299772412
4,9,0,4,0.0,18,1,0.05555555555555555,0.1111111111111111,0.0,False,0.2728596,0,816_linkedin_4393044060,816,linkedin_4393044060
5,5,0,5,0.0,17,1,0.058823529411764705,0.2,0.0,False,0.38448253,0,718_linkedin_4371957148,718,linkedin_4371957148
5,8,1,4,0.0,13,0,0.0,0.0,0.0,False,0.2264871,0,35_linkedin_4407601994,35,linkedin_4407601994
8,7,0,8,0.0,12,1,0.08333333333333333,0.14285714285714285,0.0,False,0.19518307,0,264_linkedin_4360967010,264,linkedin_4360967010
5,9,0,5,0.0,29,1,0.034482758620689655,0.1111111111111111,0.0,False,0.28544152,0,746_linkedin_4407425120,746,linkedin_4407425120
10,7,0,10,0.0,9,0,0.0,0.0,0.5,False,0.42308113,0,271_linkedin_4388571978,271,linkedin_4388571978
5,9,0,5,0.0,26,1,0.038461538461538464,0.1111111111111111,0.0,False,0.19882748,0,697_linkedin_4403103710,697,linkedin_4403103710
14,10,5,9,0.0,17,0,0.0,0.0,0.0,False,0.2677345,0,144_linkedin_4401227164,144,linkedin_4401227164
5,7,5,0,1.0,12,0,0.0,0.0,0.0,False,0.3865512,0,569_linkedin_4287154113,569,linkedin_4287154113
0,7,0,0,1.0,9,0,0.0,0.0,0.0,True,0.337362,0,555_linkedin_4406824756,555,linkedin_4406824756
9,9,5,4,0.33333333333333337,18,0,0.0,0.0,0.0,False,0.30027953,0,14_linkedin_4367458655,14,linkedin_4367458655
6,6,0,6,0.0,7,0,0.0,0.0,0.16666666666666666,False,0.3989626,0,601_linkedin_4403350501,601,linkedin_4403350501
2,7,0,2,0.0,31,0,0.0,0.0,0.0,False,0.33197668,0,283_linkedin_4385149769,283,linkedin_4385149769
8,7,0,8,0.0,13,1,0.07692307692307693,0.14285714285714285,0.0,False,0.45916387,0,287_linkedin_4407900505,287,linkedin_4407900505
13,9,5,8,0.0,13,3,0.23076923076923078,0.3333333333333333,0.5,False,0.43954742,0,142_linkedin_4306114541,142,linkedin_4306114541
8,9,2,6,0.0,16,0,0.0,0.0,0.0,False,0.28370184,0,133_linkedin_4402922325,133,linkedin_4402922325
4,7,0,4,0.0,18,1,0.05555555555555555,0.14285714285714285,0.0,False,0.330731,0,589_linkedin_4402741020,589,linkedin_4402741020
5,9,0,5,0.0,16,2,0.125,0.2222222222222222,0.0,False,0.37833878,0,746_linkedin_4168640100,746,linkedin_4168640100
8,7,2,6,0.0,13,1,0.07692307692307693,0.14285714285714285,0.0,False,0.36709696,0,519_linkedin_4400797370,519,linkedin_4400797370
4,6,5,-1,0.8333333333333334,21,0,0.0,0.0,0.0,False,0.34753332,0,612_linkedin_4402429137,612,linkedin_4402429137
5,9,2,3,0.0,15,1,0.06666666666666667,0.1111111111111111,0.0,False,0.35681137,0,744_linkedin_4408282435,744,linkedin_4408282435
5,2,0,5,0.0,14,0,0.0,0.0,0.0,False,0.19235283,0,720_linkedin_4367948022,720,linkedin_4367948022
5,9,0,5,0.0,21,2,0.09523809523809523,0.2222222222222222,0.0,False,0.3488763,0,743_linkedin_4388787599,743,linkedin_4388787599
4,9,0,4,0.0,26,4,0.15384615384615385,0.4444444444444444,0.0,False,0.46324432,0,816_linkedin_4234772391,816,linkedin_4234772391
1,7,5,-4,0.33333333333333337,23,0,0.0,0.0,0.0,False,0.30491552,0,289_linkedin_4387817447,289,linkedin_4387817447
8,5,2,6,0.0,6,0,0.0,0.0,0.0,False,0.15149307,0,303_linkedin_4408755618,303,linkedin_4408755618
1,5,8,-7,0.2222222222222222,26,0,0.0,0.0,0.0,False,0.36868373,0,592_linkedin_4299781006,592,linkedin_4299781006
7,7,8,-1,0.8888888888888888,21,0,0.0,0.0,0.0,False,0.23195925,0,565_linkedin_4402770506,565,linkedin_4402770506
4,7,2,2,0.33333333333333337,15,0,0.0,0.0,0.0,False,0.26438093,0,585_linkedin_4380276787,585,linkedin_4380276787
8,2,0,8,0.0,29,1,0.034482758620689655,0.5,0.0,False,0.32353586,0,736_linkedin_4378954930,736,linkedin_4378954930
4,7,1,3,0.0,14,0,0.0,0.0,0.0,False,0.2880037,0,280_linkedin_4402271822,280,linkedin_4402271822
4,6,0,4,0.0,2,0,0.0,0.0,0.0,False,0.29632643,0,629_linkedin_4399844015,629,linkedin_4399844015
11,8,5,6,0.0,11,0,0.0,0.0,0.3333333333333333,False,0.33903876,0,537_linkedin_4394758792,537,linkedin_4394758792
1,7,5,-4,0.33333333333333337,11,0,0.0,0.0,0.0,False,0.17369643,0,561_linkedin_4390369363,561,linkedin_4390369363
7,7,0,7,0.0,13,0,0.0,0.0,0.0,False,0.37512416,0,565_linkedin_4322102881,565,linkedin_4322102881
1,5,2,-1,0.6666666666666667,7,0,0.0,0.0,0.0,False,0.28953487,0,171_linkedin_4399161350,171,linkedin_4399161350
3,6,2,1,0.6666666666666667,12,1,0.08333333333333333,0.16666666666666666,0.0,False,0.36548498,0,605_linkedin_4405623751,605,linkedin_4405623751
5,2,2,3,0.0,12,1,0.08333333333333333,0.5,0.0,False,0.3115735,0,753_linkedin_4298975318,753,linkedin_4298975318
6,7,2,4,0.0,12,0,0.0,0.0,0.0,False,0.38805366,0,244_linkedin_4394769628,244,linkedin_4394769628
9,9,2,7,0.0,9,0,0.0,0.0,0.0,False,0.20202045,0,18_linkedin_4400719541,18,linkedin_4400719541
5,2,2,3,0.0,12,1,0.08333333333333333,0.5,0.0,False,0.22594579,0,735_linkedin_4302730124,735,linkedin_4302730124
7,7,2,5,0.0,9,0,0.0,0.0,0.0,False,0.16887425,0,565_linkedin_4394793241,565,linkedin_4394793241
8,9,2,6,0.0,32,0,0.0,0.0,0.0,False,0.20401192,0,61_linkedin_4384967941,61,linkedin_4384967941
3,7,1,2,0.0,5,0,0.0,0.0,0.0,False,0.24568401,0,183_linkedin_4366700263,183,linkedin_4366700263
8,9,0,8,0.0,2,0,0.0,0.0,0.0,False,0.3292951,0,665_linkedin_4399844015,665,linkedin_4399844015
4,6,0,4,0.0,10,0,0.0,0.0,0.0,False,0.18519688,0,634_linkedin_4306129256,634,linkedin_4306129256
12,8,2,10,0.0,27,0,0.0,0.0,0.0,False,0.33361658,0,583_linkedin_4393530729,583,linkedin_4393530729
13,9,0,13,0.0,13,0,0.0,0.0,0.0,False,0.42613393,0,167_linkedin_4399398705,167,linkedin_4399398705
7,7,0,7,0.0,36,0,0.0,0.0,0.0,False,0.40339386,0,207_linkedin_4407806772,207,linkedin_4407806772
5,9,0,5,0.0,13,2,0.15384615384615385,0.2222222222222222,0.0,False,0.44721743,0,669_linkedin_4403971651,669,linkedin_4403971651
8,6,5,3,0.5,15,0,0.0,0.0,0.0,True,0.29618967,0,600_linkedin_4407422890,600,linkedin_4407422890
7,7,2,5,0.0,6,0,0.0,0.0,0.3333333333333333,True,0.4683456,0,547_linkedin_4406384491,547,linkedin_4406384491
4,8,0,4,0.0,8,0,0.0,0.0,0.0,False,0.16072193,0,130_linkedin_4397375613,130,linkedin_4397375613
4,6,0,4,0.0,3,0,0.0,0.0,0.0,False,0.28735042,0,629_linkedin_4407802473,629,linkedin_4407802473
9,7,5,4,0.33333333333333337,16,0,0.0,0.0,0.0,False,0.41273355,0,212_linkedin_4405647444,212,linkedin_4405647444
8,10,0,8,0.0,24,0,0.0,0.0,0.0,False,0.37017944,0,85_linkedin_4310042499,85,linkedin_4310042499
1,5,2,-1,0.6666666666666667,12,0,0.0,0.0,0.0,False,0.24221298,0,175_linkedin_4408798676,175,linkedin_4408798676
4,8,5,-1,0.8333333333333334,24,1,0.041666666666666664,0.125,0.0,False,0.38364795,0,178_linkedin_4363471760,178,linkedin_4363471760
15,5,0,15,0.0,23,0,0.0,0.0,0.0,False,0.20889059,0,310_linkedin_4362266832,310,linkedin_4362266832
14,10,5,9,0.0,19,7,0.3684210526315789,0.7,0.25,False,0.3005456,0,47_linkedin_4404388134,47,linkedin_4404388134
9,9,0,9,0.0,16,2,0.125,0.2222222222222222,0.0,False,0.38396344,0,162_linkedin_4378954198,162,linkedin_4378954198
3,8,5,-2,0.6666666666666667,7,0,0.0,0.0,0.3333333333333333,False,0.34943053,0,129_linkedin_4397046576,129,linkedin_4397046576
3,7,8,-5,0.4444444444444444,16,0,0.0,0.0,0.3333333333333333,False,0.44853497,0,574_linkedin_4407191616,574,linkedin_4407191616
9,7,0,9,0.0,13,0,0.0,0.0,0.0,False,0.24608383,0,212_linkedin_4399398705,212,linkedin_4399398705
13,10,0,13,0.0,15,0,0.0,0.0,0.0,False,0.39407277,0,19_linkedin_4402369856,19,linkedin_4402369856
1,6,2,-1,0.6666666666666667,11,0,0.0,0.0,0.5,False,0.28773746,0,527_linkedin_4306118486,527,linkedin_4306118486
1,5,2,-1,0.6666666666666667,18,0,0.0,0.0,0.0,False,0.057246186,0,300_linkedin_4398204936,300,linkedin_4398204936
3,7,0,3,0.0,16,0,0.0,0.0,0.0,False,0.25867805,0,246_linkedin_4384724835,246,linkedin_4384724835
9,9,0,9,0.0,38,3,0.07894736842105263,0.3333333333333333,0.0,False,0.27877656,0,192_linkedin_4406667967,192,linkedin_4406667967
3,7,0,3,0.0,11,0,0.0,0.0,0.0,False,0.3843554,0,290_linkedin_4404298395,290,linkedin_4404298395
7,8,8,-1,0.8888888888888888,15,1,0.06666666666666667,0.125,0.0,False,0.3822336,0,161_linkedin_4299772363,161,linkedin_4299772363
7,9,0,7,0.0,11,0,0.0,0.0,0.0,False,0.33919075,0,137_linkedin_4101140527,137,linkedin_4101140527
2,6,0,2,0.0,10,0,0.0,0.0,0.0,False,0.24949607,0,30_linkedin_4408748611,30,linkedin_4408748611
0,7,2,-2,0.33333333333333337,10,0,0.0,0.0,0.0,False,0.2722722,0,555_linkedin_4371387533,555,linkedin_4371387533
1,5,0,1,0.0,19,0,0.0,0.0,0.0,False,0.4444619,0,630_linkedin_4248970794,630,linkedin_4248970794
3,8,0,3,0.0,13,0,0.0,0.0,0.25,False,0.3427081,0,81_linkedin_4399398705,81,linkedin_4399398705
5,6,5,0,1.0,19,0,0.0,0.0,0.0,False,0.3363444,0,623_linkedin_4385010691,623,linkedin_4385010691
1,6,0,1,0.0,14,0,0.0,0.0,0.0,False,0.4377167,0,619_linkedin_4377168699,619,linkedin_4377168699
10,7,0,10,0.0,16,0,0.0,0.0,0.0,False,0.35459986,0,216_linkedin_4218857089,216,linkedin_4218857089
2,5,0,2,0.0,15,0,0.0,0.0,0.0,False,0.3798764,0,304_linkedin_4399539012,304,linkedin_4399539012
8,8,0,8,0.0,12,0,0.0,0.0,0.0,False,0.41150823,0,186_linkedin_4273383237,186,linkedin_4273383237
5,8,0,5,0.0,37,2,0.05405405405405406,0.25,0.0,False,0.44578803,0,181_linkedin_4333054643,181,linkedin_4333054643
7,7,0,7,0.0,21,0,0.0,0.0,0.0,False,0.3131377,0,272_linkedin_4397749492,272,linkedin_4397749492
15,6,5,10,0.0,9,0,0.0,0.0,0.0,False,0.28138357,0,632_linkedin_4406450721,632,linkedin_4406450721
8,9,5,3,0.5,26,2,0.07692307692307693,0.2222222222222222,0.0,False,0.17566405,0,666_linkedin_4400719877,666,linkedin_4400719877
10,6,2,8,0.0,5,0,0.0,0.0,0.0,False,0.26780885,0,621_linkedin_4306127270,621,linkedin_4306127270
5,8,5,0,1.0,20,0,0.0,0.0,0.0,False,0.23091215,0,128_linkedin_4403903954,128,linkedin_4403903954
3,8,0,3,0.0,6,0,0.0,0.0,0.0,False,0.37338555,0,9_linkedin_4396313263,9,linkedin_4396313263
5,7,8,-3,0.6666666666666667,7,0,0.0,0.0,0.0,False,0.39546108,0,552_linkedin_4327262001,552,linkedin_4327262001
1,5,2,-1,0.6666666666666667,18,1,0.05555555555555555,0.2,0.0,False,0.27514768,0,171_linkedin_4400586281,171,linkedin_4400586281
5,9,0,5,0.0,1,0,0.0,0.0,0.0,False,0.5446134,0,746_linkedin_4407538348,746,linkedin_4407538348
4,7,0,4,0.0,13,0,0.0,0.0,0.0,False,0.30689836,0,280_linkedin_4399398705,280,linkedin_4399398705
8,9,0,8,0.0,4,0,0.0,0.0,0.0,False,0.35530823,0,17_linkedin_4390682886,17,linkedin_4390682886
10,9,0,10,0.0,15,0,0.0,0.0,0.0,False,0.44101197,0,15_linkedin_4324619442,15,linkedin_4324619442
3,8,5,-2,0.6666666666666667,17,1,0.058823529411764705,0.125,0.0,False,0.530144,0,153_linkedin_4381834372,153,linkedin_4381834372
9,7,2,7,0.0,26,0,0.0,0.0,0.5,False,0.44076046,0,570_linkedin_4404313304,570,linkedin_4404313304
7,5,0,7,0.0,11,0,0.0,0.0,0.0,False,0.41902018,0,296_linkedin_4404745415,296,linkedin_4404745415
5,9,8,-3,0.6666666666666667,19,1,0.05263157894736842,0.1111111111111111,0.0,False,0.40137234,0,700_linkedin_4404682042,700,linkedin_4404682042
15,9,0,15,0.0,10,0,0.0,0.0,0.0,False,0.40213212,0,195_linkedin_4403652133,195,linkedin_4403652133
1,5,2,-1,0.6666666666666667,14,0,0.0,0.0,0.0,False,0.2109479,0,309_linkedin_4404031827,309,linkedin_4404031827
4,8,0,4,0.0,21,0,0.0,0.0,0.0,False,0.31459737,0,34_linkedin_4397564324,34,linkedin_4397564324
4,8,5,-1,0.8333333333333334,18,0,0.0,0.0,0.0,False,0.40784448,0,31_linkedin_4274317546,31,linkedin_4274317546
7,9,5,2,0.6666666666666667,21,1,0.047619047619047616,0.1111111111111111,0.3333333333333333,False,0.24017675,0,86_linkedin_4402429137,86,linkedin_4402429137
8,9,2,6,0.0,13,0,0.0,0.0,0.25,False,0.34788913,0,37_linkedin_4409032969,37,linkedin_4409032969
4,7,2,2,0.33333333333333337,22,0,0.0,0.0,0.0,False,0.3017471,0,225_linkedin_4396347120,225,linkedin_4396347120
9,6,0,9,0.0,16,0,0.0,0.0,0.0,False,0.31105614,0,616_linkedin_4395289693,616,linkedin_4395289693
15,9,0,15,0.0,20,1,0.05,0.1111111111111111,0.0,False,0.30406445,0,200_linkedin_4302996033,200,linkedin_4302996033
5,7,2,3,0.0,14,0,0.0,0.0,0.0,False,0.36247954,0,234_linkedin_4404698928,234,linkedin_4404698928
9,7,5,4,0.33333333333333337,9,0,0.0,0.0,0.3333333333333333,False,0.54718614,0,292_linkedin_4405496715,292,linkedin_4405496715
3,8,2,1,0.6666666666666667,5,0,0.0,0.0,0.0,False,0.39819068,0,9_linkedin_4306127270,9,linkedin_4306127270
5,3,0,5,0.0,19,2,0.10526315789473684,0.6666666666666666,0.0,False,0.4454775,0,715_linkedin_4402880781,715,linkedin_4402880781
10,9,2,8,0.0,18,1,0.05555555555555555,0.1111111111111111,0.25,False,0.46499014,0,114_linkedin_4394456781,114,linkedin_4394456781
6,7,0,6,0.0,7,0,0.0,0.0,0.0,False,0.36180323,0,590_linkedin_4405206966,590,linkedin_4405206966
5,9,0,5,0.0,17,0,0.0,0.0,0.0,False,0.37438753,0,839_linkedin_4303288842,839,linkedin_4303288842
9,7,2,7,0.0,9,0,0.0,0.0,0.0,False,0.3569403,0,570_linkedin_4407135283,570,linkedin_4407135283
10,9,0,10,0.0,12,1,0.08333333333333333,0.1111111111111111,0.0,False,0.45668033,0,812_linkedin_4394457541,812,linkedin_4394457541
1,6,0,1,0.0,29,0,0.0,0.0,0.0,False,0.41360638,0,619_linkedin_4400027020,619,linkedin_4400027020
12,7,5,7,0.0,16,0,0.0,0.0,0.0,False,0.20785609,0,238_linkedin_4399991658,238,linkedin_4399991658
20,7,0,20,0.0,16,0,0.0,0.0,0.0,False,0.4123039,0,638_linkedin_4358861183,638,linkedin_4358861183
2,8,5,-3,0.5,13,0,0.0,0.0,0.0,False,0.3199132,0,580_linkedin_4400750306,580,linkedin_4400750306
4,8,0,4,0.0,13,2,0.15384615384615385,0.25,0.0,False,0.48844498,0,178_linkedin_4393572024,178,linkedin_4393572024
2,5,5,-3,0.5,24,0,0.0,0.0,0.0,False,0.2539057,0,122_linkedin_4379973269,122,linkedin_4379973269
4,8,0,4,0.0,29,0,0.0,0.0,0.0,False,0.3383592,0,108_linkedin_4387690365,108,linkedin_4387690365
5,5,0,5,0.0,9,0,0.0,0.0,0.0,False,0.24857302,0,302_linkedin_4319983823,302,linkedin_4319983823
4,7,5,-1,0.8333333333333334,23,0,0.0,0.0,0.16666666666666666,False,0.4037686,0,280_linkedin_4407565012,280,linkedin_4407565012
11,8,0,11,0.0,19,0,0.0,0.0,0.0,False,0.26925117,0,537_linkedin_4404110944,537,linkedin_4404110944
6,7,2,4,0.0,15,0,0.0,0.0,0.0,False,0.42069933,0,244_linkedin_4396077351,244,linkedin_4396077351
8,4,2,6,0.0,14,1,0.07142857142857142,0.25,0.0,False,0.2671033,0,754_linkedin_4404031827,754,linkedin_4404031827
12,8,0,12,0.0,33,0,0.0,0.0,0.0,False,0.20159154,0,583_linkedin_4398772971,583,linkedin_4398772971
9,6,0,9,0.0,14,0,0.0,0.0,0.0,False,0.23999731,0,525_linkedin_4407335662,525,linkedin_4407335662
2,6,0,2,0.0,22,1,0.045454545454545456,0.16666666666666666,0.0,False,0.1260424,0,248_linkedin_4304013814,248,linkedin_4304013814
0,5,2,-2,0.33333333333333337,10,0,0.0,0.0,0.0,False,0.27220947,0,637_linkedin_4344686674,637,linkedin_4344686674
9,9,0,9,0.0,4,0,0.0,0.0,0.0,False,0.3360129,0,135_linkedin_4390682886,135,linkedin_4390682886
9,8,5,4,0.33333333333333337,27,1,0.037037037037037035,0.125,0.0,False,0.47027808,0,189_linkedin_4408779008,189,linkedin_4408779008
15,9,2,13,0.0,13,1,0.07692307692307693,0.1111111111111111,0.0,False,0.29516444,0,200_linkedin_4263141621,200,linkedin_4263141621
8,6,2,6,0.0,6,0,0.0,0.0,0.0,False,0.43319446,0,622_linkedin_4306119436,622,linkedin_4306119436
3,7,0,3,0.0,13,1,0.07692307692307693,0.14285714285714285,0.0,False,0.35722867,0,553_linkedin_4407346462,553,linkedin_4407346462
2,5,5,-3,0.5,27,1,0.037037037037037035,0.2,0.0,False,0.39148206,0,174_linkedin_4393034116,174,linkedin_4393034116
5,9,0,5,0.0,22,2,0.09090909090909091,0.2222222222222222,0.0,False,0.32544327,0,698_linkedin_4402577824,698,linkedin_4402577824
6,6,2,4,0.0,15,1,0.06666666666666667,0.16666666666666666,0.1111111111111111,False,0.35830456,0,617_linkedin_4405615766,617,linkedin_4405615766
9,9,2,7,0.0,13,1,0.07692307692307693,0.1111111111111111,0.25,True,0.26682723,0,18_linkedin_4398838741,18,linkedin_4398838741
5,8,2,3,0.0,12,1,0.08333333333333333,0.125,0.0,False,0.25680098,0,104_linkedin_4403404902,104,linkedin_4403404902
10,5,5,5,0.16666666666666663,24,0,0.0,0.0,0.0,False,0.33576924,0,305_linkedin_4395957404,305,linkedin_4395957404
12,7,0,12,0.0,25,0,0.0,0.0,0.0,False,0.392705,0,227_linkedin_4390726161,227,linkedin_4390726161
9,6,2,7,0.0,27,0,0.0,0.0,0.0,False,0.36995137,0,525_linkedin_4393530729,525,linkedin_4393530729
4,8,0,4,0.0,21,0,0.0,0.0,0.5,False,0.40206695,0,34_linkedin_4344535529,34,linkedin_4344535529
5,2,5,0,1.0,14,2,0.14285714285714285,1.0,0.0,False,0.5213086,0,823_linkedin_4306118481,823,linkedin_4306118481
10,7,1,9,0.0,8,0,0.0,0.0,0.0,False,0.37596753,0,216_linkedin_4364397936,216,linkedin_4364397936
1,5,0,1,0.0,15,0,0.0,0.0,0.0,False,0.22146061,0,5_linkedin_4389712094,5,linkedin_4389712094
5,2,0,5,0.0,18,0,0.0,0.0,0.0,False,0.4393789,0,734_linkedin_4405983499,734,linkedin_4405983499
1,6,0,1,0.0,11,1,0.09090909090909091,0.16666666666666666,0.0,False,0.19410639,0,252_linkedin_4354503712,252,linkedin_4354503712
12,7,2,10,0.0,15,0,0.0,0.0,0.0,False,0.33560884,0,204_linkedin_4400762174,204,linkedin_4400762174
4,7,2,2,0.33333333333333337,16,0,0.0,0.0,0.25,False,0.39378577,0,295_linkedin_4408787972,295,linkedin_4408787972
5,4,5,0,1.0,16,1,0.0625,0.25,0.0,False,0.10422023,0,768_linkedin_4399991658,768,linkedin_4399991658
12,9,8,4,0.5555555555555556,16,0,0.0,0.0,0.0,False,0.45064452,0,166_linkedin_4407191616,166,linkedin_4407191616
8,9,8,0,1.0,13,0,0.0,0.0,0.0,False,0.35237613,0,157_linkedin_4392508422,157,linkedin_4392508422
4,6,2,2,0.33333333333333337,12,0,0.0,0.0,0.2,False,0.24554113,0,612_linkedin_4302730124,612,linkedin_4302730124
5,8,0,5,0.0,11,0,0.0,0.0,0.0,False,0.30718502,0,32_linkedin_4350925352,32,linkedin_4350925352
6,6,5,1,0.8333333333333334,12,0,0.0,0.0,0.5,False,0.3398723,0,617_linkedin_4400823040,617,linkedin_4400823040
5,9,0,5,0.0,13,1,0.07692307692307693,0.1111111111111111,0.25,False,0.43955034,0,795_linkedin_4399398705,795,linkedin_4399398705
5,8,0,5,0.0,13,0,0.0,0.0,0.0,False,0.2924062,0,152_linkedin_4381678471,152,linkedin_4381678471
8,6,1,7,0.0,25,0,0.0,0.0,0.0,False,0.32906967,0,622_linkedin_4399864888,622,linkedin_4399864888
7,9,0,7,0.0,6,1,0.16666666666666666,0.1111111111111111,0.0,False,0.2602263,0,137_linkedin_4402766483,137,linkedin_4402766483
13,10,0,13,0.0,37,6,0.16216216216216217,0.6,0.3333333333333333,False,0.5801206,0,67_linkedin_4406860342,67,linkedin_4406860342
5,9,0,5,0.0,22,0,0.0,0.0,0.0,False,0.21254167,0,795_linkedin_4405236154,795,linkedin_4405236154
12,9,8,4,0.5555555555555556,36,2,0.05555555555555555,0.2222222222222222,0.14285714285714285,False,0.42816356,0,196_linkedin_4403667187,196,linkedin_4403667187
7,6,0,7,0.0,11,0,0.0,0.0,0.0,False,0.2774859,0,636_linkedin_4173137858,636,linkedin_4173137858
8,7,0,8,0.0,29,0,0.0,0.0,0.25,False,0.36796203,0,599_linkedin_4407424753,599,linkedin_4407424753
1,5,5,-4,0.33333333333333337,10,0,0.0,0.0,0.0,False,0.3128764,0,5_linkedin_4402483406,5,linkedin_4402483406
5,5,0,5,0.0,22,0,0.0,0.0,0.0,False,0.2479093,0,302_linkedin_4304013814,302,linkedin_4304013814
9,7,0,9,0.0,7,0,0.0,0.0,0.0,False,0.41327563,0,275_linkedin_4405748233,275,linkedin_4405748233
4,5,5,-1,0.8333333333333334,15,0,0.0,0.0,0.0,False,0.3983047,0,297_linkedin_4394768964,297,linkedin_4394768964
3,6,0,3,0.0,2,0,0.0,0.0,0.0,False,0.2746911,0,230_linkedin_4399844015,230,linkedin_4399844015
9,6,2,7,0.0,9,0,0.0,0.0,0.0,False,0.49342284,0,616_linkedin_4400719541,616,linkedin_4400719541
5,7,8,-3,0.6666666666666667,16,0,0.0,0.0,0.0,False,0.40880638,0,556_linkedin_4407191616,556,linkedin_4407191616
8,9,8,0,1.0,10,0,0.0,0.0,0.25,False,0.3839179,0,37_linkedin_4380760589,37,linkedin_4380760589
12,9,5,7,0.0,24,0,0.0,0.0,0.0,False,0.4253644,0,196_linkedin_4363392864,196,linkedin_4363392864
2,6,0,2,0.0,26,1,0.038461538461538464,0.16666666666666666,0.0,False,0.43186617,0,146_linkedin_4293859520,146,linkedin_4293859520
10,7,2,8,0.0,12,0,0.0,0.0,0.2,False,0.25745997,0,216_linkedin_4302730124,216,linkedin_4302730124
1,5,5,-4,0.33333333333333337,16,0,0.0,0.0,0.0,False,0.2665194,0,630_linkedin_4405647444,630,linkedin_4405647444
5,9,0,5,0.0,13,1,0.07692307692307693,0.1111111111111111,0.0,False,0.35616633,0,792_linkedin_4393572024,792,linkedin_4393572024
13,10,5,8,0.0,10,0,0.0,0.0,0.0,False,0.35839105,0,19_linkedin_4404058455,19,linkedin_4404058455
12,8,0,12,0.0,4,0,0.0,0.0,0.0,False,0.16087279,0,583_linkedin_4235914611,583,linkedin_4235914611
10,7,0,10,0.0,6,0,0.0,0.0,0.0,False,0.2562842,0,245_linkedin_4405289858,245,linkedin_4405289858
2,8,5,-3,0.5,10,0,0.0,0.0,0.0,False,0.20668837,0,534_linkedin_4405629635,534,linkedin_4405629635
8,7,0,8,0.0,13,0,0.0,0.0,0.0,False,0.2590823,0,264_linkedin_4399398705,264,linkedin_4399398705
4,6,0,4,0.0,19,0,0.0,0.0,0.0,False,0.23838075,0,629_linkedin_4248974172,629,linkedin_4248974172
1,6,0,1,0.0,31,1,0.03225806451612903,0.16666666666666666,0.0,False,0.2715412,0,252_linkedin_4401925667,252,linkedin_4401925667
5,5,0,5,0.0,13,0,0.0,0.0,0.3333333333333333,False,0.48563614,0,302_linkedin_4404103247,302,linkedin_4404103247
1,6,2,-1,0.6666666666666667,24,0,0.0,0.0,0.0,False,0.47627562,0,619_linkedin_4407406219,619,linkedin_4407406219
5,9,0,5,0.0,20,1,0.05,0.1111111111111111,0.0,False,0.14823411,0,747_linkedin_4363766414,747,linkedin_4363766414
14,10,2,12,0.0,13,1,0.07692307692307693,0.1,0.0,False,0.27374092,0,119_linkedin_4382400116,119,linkedin_4382400116
5,9,2,3,0.0,12,1,0.08333333333333333,0.1111111111111111,0.0,False,0.25220034,0,818_linkedin_4302730124,818,linkedin_4302730124
2,7,5,-3,0.5,20,0,0.0,0.0,0.0,False,0.44606778,0,566_linkedin_4403903954,566,linkedin_4403903954
14,10,5,9,0.0,16,1,0.0625,0.1,0.0,False,0.3241436,0,20_linkedin_4405913392,20,linkedin_4405913392
14,10,0,14,0.0,4,0,0.0,0.0,0.0,False,0.32594594,0,47_linkedin_4407347440,47,linkedin_4407347440
5,6,5,0,1.0,25,0,0.0,0.0,0.0,False,0.25871453,0,614_linkedin_4402580962,614,linkedin_4402580962
7,7,5,2,0.6666666666666667,26,1,0.038461538461538464,0.14285714285714285,0.0,True,0.17484525,0,240_linkedin_4408251540,240,linkedin_4408251540
8,9,2,6,0.0,20,2,0.1,0.2222222222222222,0.0,False,0.23549215,0,690_linkedin_4402764074,690,linkedin_4402764074
8,5,2,6,0.0,13,0,0.0,0.0,0.0,False,0.1727353,0,303_linkedin_4409052156,303,linkedin_4409052156
14,10,0,14,0.0,29,0,0.0,0.0,0.0,False,0.2681951,0,144_linkedin_4407424753,144,linkedin_4407424753
14,10,0,14,0.0,13,2,0.15384615384615385,0.2,0.0,False,0.2406676,0,119_linkedin_4371440873,119,linkedin_4371440873
5,6,2,3,0.0,23,0,0.0,0.0,0.2,False,0.369215,0,623_linkedin_4407412201,623,linkedin_4407412201
11,8,2,9,0.0,23,0,0.0,0.0,0.3333333333333333,True,0.34044805,0,537_linkedin_4319122985,537,linkedin_4319122985
5,8,0,5,0.0,18,1,0.05555555555555555,0.125,0.0,False,0.31841603,0,35_linkedin_4402741020,35,linkedin_4402741020
4,8,0,4,0.0,15,1,0.06666666666666667,0.125,0.0,False,0.28949273,0,10_linkedin_4407621824,10,linkedin_4407621824
8,9,0,8,0.0,34,3,0.08823529411764706,0.3333333333333333,0.5,False,0.35188612,0,40_linkedin_4371088628,40,linkedin_4371088628
2,7,2,0,1.0,15,0,0.0,0.0,0.0,False,0.27210146,0,221_linkedin_4395864397,221,linkedin_4395864397
5,9,5,0,1.0,7,1,0.14285714285714285,0.1111111111111111,0.3333333333333333,False,0.39921358,0,794_linkedin_4397046576,794,linkedin_4397046576
3,2,2,1,0.6666666666666667,16,0,0.0,0.0,0.0,False,0.41273344,0,821_linkedin_4402922325,821,linkedin_4402922325
8,5,0,8,0.0,5,0,0.0,0.0,0.0,False,0.23450585,0,755_linkedin_4330163690,755,linkedin_4330163690
5,4,5,0,1.0,11,2,0.18181818181818182,0.5,0.0,False,0.3182807,0,717_linkedin_4384022996,717,linkedin_4384022996
3,7,1,2,0.0,8,0,0.0,0.0,0.0,False,0.3485343,0,290_linkedin_4372149691,290,linkedin_4372149691
8,6,5,3,0.5,12,0,0.0,0.0,0.0,False,0.36829844,0,600_linkedin_4405291630,600,linkedin_4405291630
8,8,0,8,0.0,20,0,0.0,0.0,0.25,False,0.3270408,0,136_linkedin_4302996033,136,linkedin_4302996033
4,8,0,4,0.0,26,1,0.038461538461538464,0.125,0.0,False,0.32353914,0,178_linkedin_4405103891,178,linkedin_4405103891
5,9,5,0,1.0,12,1,0.08333333333333333,0.1111111111111111,0.0,False,0.22857438,0,712_linkedin_4399153222,712,linkedin_4399153222
15,9,0,15,0.0,10,1,0.1,0.1111111111111111,0.0,False,0.32105333,0,195_linkedin_4403766798,195,linkedin_4403766798
3,7,5,-2,0.6666666666666667,25,1,0.04,0.14285714285714285,0.0,False,0.29688665,0,183_linkedin_4408217125,183,linkedin_4408217125
9,6,8,1,0.8888888888888888,6,0,0.0,0.0,0.0,False,0.22531018,0,525_linkedin_4376723728,525,linkedin_4376723728
5,8,1,4,0.0,14,1,0.07142857142857142,0.125,0.0,False,0.42022774,0,177_linkedin_4402273849,177,linkedin_4402273849
6,7,0,6,0.0,16,0,0.0,0.0,0.0,False,0.42603904,0,590_linkedin_4168640099,590,linkedin_4168640099
8,9,2,6,0.0,19,0,0.0,0.0,0.0,False,0.41811714,0,157_linkedin_4352604064,157,linkedin_4352604064
10,7,5,5,0.16666666666666663,1,0,0.0,0.0,0.0,False,0.41955382,0,245_linkedin_4398396158,245,linkedin_4398396158
9,9,8,1,0.8888888888888888,17,1,0.058823529411764705,0.1111111111111111,0.0,False,0.4110989,0,14_linkedin_4404980235,14,linkedin_4404980235
8,5,2,6,0.0,27,0,0.0,0.0,0.0,False,0.22388029,0,303_linkedin_4234624922,303,linkedin_4234624922
8,9,5,3,0.5,14,2,0.14285714285714285,0.2222222222222222,0.25,False,0.30776107,0,188_linkedin_4382112242,188,linkedin_4382112242
3,8,8,-5,0.4444444444444444,16,2,0.125,0.25,0.0,False,0.15823156,0,686_linkedin_4395454837,686,linkedin_4395454837
4,6,5,-1,0.8333333333333334,18,0,0.0,0.0,0.0,False,0.26838422,0,512_linkedin_4371770782,512,linkedin_4371770782
4,8,0,4,0.0,16,0,0.0,0.0,0.0,False,0.40465635,0,154_linkedin_4403380313,154,linkedin_4403380313
5,9,0,5,0.0,15,0,0.0,0.0,0.0,False,0.23611426,0,792_linkedin_4389712094,792,linkedin_4389712094
4,7,5,-1,0.8333333333333334,24,0,0.0,0.0,0.0,False,0.32227585,0,585_linkedin_4403735026,585,linkedin_4403735026
5,9,0,5,0.0,5,0,0.0,0.0,0.0,False,0.38216186,0,748_linkedin_4339066970,748,linkedin_4339066970
8,9,1,7,0.0,14,1,0.07142857142857142,0.1111111111111111,0.0,False,0.41522497,0,667_linkedin_4404732037,667,linkedin_4404732037
1,5,5,-4,0.33333333333333337,7,0,0.0,0.0,0.0,False,0.11150563,0,171_linkedin_4324968831,171,linkedin_4324968831
9,9,2,7,0.0,19,0,0.0,0.0,0.25,False,0.41255328,0,14_linkedin_4400904678,14,linkedin_4400904678
12,6,0,12,0.0,26,0,0.0,0.0,0.0,False,0.37320787,0,626_linkedin_4402747403,626,linkedin_4402747403
2,7,5,-3,0.5,11,0,0.0,0.0,0.0,False,0.5095216,0,283_linkedin_4391702417,283,linkedin_4391702417
4,6,0,4,0.0,11,0,0.0,0.0,0.0,False,0.3898774,0,249_linkedin_4403518158,249,linkedin_4403518158
15,7,0,15,0.0,30,1,0.03333333333333333,0.14285714285714285,0.0,False,0.35918754,0,231_linkedin_4288909079,231,linkedin_4288909079
5,6,5,0,1.0,20,2,0.1,0.3333333333333333,0.0,False,0.3029964,0,678_linkedin_4405230301,678,linkedin_4405230301
5,3,5,0,1.0,18,1,0.05555555555555555,0.3333333333333333,0.0,False,0.22079118,0,714_linkedin_4364500933,714,linkedin_4364500933
5,4,2,3,0.0,7,0,0.0,0.0,0.25,False,0.3882782,0,752_linkedin_4399161350,752,linkedin_4399161350
2,5,5,-3,0.5,21,0,0.0,0.0,0.0,False,0.2976101,0,304_linkedin_4406289704,304,linkedin_4406289704
5,8,0,5,0.0,23,0,0.0,0.0,0.0,False,0.23409286,0,539_linkedin_4395545264,539,linkedin_4395545264
12,9,8,4,0.5555555555555556,12,1,0.08333333333333333,0.1111111111111111,0.0,False,0.24736445,0,166_linkedin_4401885034,166,linkedin_4401885034
1,7,1,0,1.0,9,1,0.1111111111111111,0.14285714285714285,0.0,False,0.24540809,0,542_linkedin_4382440549,542,linkedin_4382440549
2,5,0,2,0.0,13,0,0.0,0.0,0.0,False,0.3173651,0,126_linkedin_4403971651,126,linkedin_4403971651
12,7,0,12,0.0,16,0,0.0,0.0,0.0,False,0.35828602,0,204_linkedin_4134874387,204,linkedin_4134874387
1,5,0,1,0.0,25,0,0.0,0.0,0.0,False,0.26435325,0,592_linkedin_4364302087,592,linkedin_4364302087
12,9,0,12,0.0,6,0,0.0,0.0,0.0,False,0.3178894,0,196_linkedin_4384119747,196,linkedin_4384119747
1,5,2,-1,0.6666666666666667,17,0,0.0,0.0,0.0,False,0.21189718,0,1_linkedin_4387283659,1,linkedin_4387283659
12,9,2,10,0.0,9,1,0.1111111111111111,0.1111111111111111,0.0,False,0.20221455,0,141_linkedin_4396583838,141,linkedin_4396583838
10,6,0,10,0.0,19,0,0.0,0.0,0.0,False,0.29521963,0,609_linkedin_4403829518,609,linkedin_4403829518
1,5,2,-1,0.6666666666666667,14,0,0.0,0.0,0.0,False,0.22257079,0,125_linkedin_4404031827,125,linkedin_4404031827
5,9,5,0,1.0,27,0,0.0,0.0,0.0,False,0.39038536,0,795_linkedin_4385280427,795,linkedin_4385280427
5,7,8,-3,0.6666666666666667,32,0,0.0,0.0,0.0,False,0.3549092,0,239_linkedin_4400704163,239,linkedin_4400704163
8,5,0,8,0.0,6,0,0.0,0.0,0.0,False,0.2800679,0,303_linkedin_4402633852,303,linkedin_4402633852
4,7,8,-4,0.5555555555555556,5,0,0.0,0.0,0.0,False,0.2626083,0,589_linkedin_4322247751,589,linkedin_4322247751
8,2,0,8,0.0,8,1,0.125,0.5,0.0,False,0.30101246,0,736_linkedin_4306118463,736,linkedin_4306118463
2,5,2,0,1.0,12,0,0.0,0.0,0.0,False,0.14070071,0,2_linkedin_4397408242,2,linkedin_4397408242
7,7,0,7,0.0,6,0,0.0,0.0,0.0,False,0.26699284,0,272_linkedin_4306130230,272,linkedin_4306130230
8,2,5,3,0.5,22,1,0.045454545454545456,0.5,0.0,False,0.1453092,0,731_linkedin_4365049877,731,linkedin_4365049877
4,6,0,4,0.0,12,0,0.0,0.0,0.0,False,0.32321855,0,249_linkedin_4394457541,249,linkedin_4394457541
7,7,2,5,0.0,27,0,0.0,0.0,0.0,False,0.35600474,0,207_linkedin_4400185006,207,linkedin_4400185006
7,8,5,2,0.6666666666666667,18,0,0.0,0.0,0.0,False,0.32709742,0,533_linkedin_4406027725,533,linkedin_4406027725
5,8,0,5,0.0,16,1,0.0625,0.125,0.0,False,0.37933674,0,663_linkedin_4404085186,663,linkedin_4404085186
4,8,5,-1,0.8333333333333334,28,1,0.03571428571428571,0.125,0.0,False,0.4179896,0,532_linkedin_4406539362,532,linkedin_4406539362
5,9,2,3,0.0,14,1,0.07142857142857142,0.1111111111111111,0.3333333333333333,False,0.24822897,0,795_linkedin_4404031827,795,linkedin_4404031827
2,5,2,0,1.0,29,0,0.0,0.0,0.0,False,0.32475635,0,2_linkedin_4403718001,2,linkedin_4403718001
10,6,8,2,0.7777777777777778,16,0,0.0,0.0,0.0,False,0.35237178,0,609_linkedin_4407191616,609,linkedin_4407191616
1,5,0,1,0.0,31,0,0.0,0.0,0.0,False,0.22583593,0,300_linkedin_4401925667,300,linkedin_4401925667
3,7,1,2,0.0,1,0,0.0,0.0,0.0,False,0.18948305,0,246_linkedin_4407901095,246,linkedin_4407901095
7,7,2,5,0.0,16,0,0.0,0.0,0.0,False,0.36674654,0,240_linkedin_4402922325,240,linkedin_4402922325
8,9,0,8,0.0,12,0,0.0,0.0,0.0,False,0.35784084,0,90_linkedin_4370185837,90,linkedin_4370185837
7,7,2,5,0.0,15,0,0.0,0.0,0.0,False,0.39027318,0,272_linkedin_4401906364,272,linkedin_4401906364
5,7,0,5,0.0,13,0,0.0,0.0,0.5,False,0.30521396,0,556_linkedin_4403121972,556,linkedin_4403121972
13,9,2,11,0.0,15,0,0.0,0.0,0.0,False,0.33995688,0,46_linkedin_4407860783,46,linkedin_4407860783
5,2,2,3,0.0,29,1,0.034482758620689655,0.5,0.0,False,0.37044317,0,675_linkedin_4403718001,675,linkedin_4403718001
5,9,2,3,0.0,19,0,0.0,0.0,0.0,False,0.3314556,0,695_linkedin_4406952392,695,linkedin_4406952392
7,6,0,7,0.0,24,0,0.0,0.0,0.0,False,0.22047193,0,613_linkedin_4364610593,613,linkedin_4364610593
5,8,0,5,0.0,36,3,0.08333333333333333,0.375,0.0,False,0.23189346,0,539_linkedin_4407806772,539,linkedin_4407806772
2,5,2,0,1.0,22,0,0.0,0.0,0.0,False,0.23953062,0,124_linkedin_4402379722,124,linkedin_4402379722
12,8,0,12,0.0,6,1,0.16666666666666666,0.125,0.0,False,0.24272983,0,541_linkedin_4402766483,541,linkedin_4402766483
8,2,5,3,0.5,38,1,0.02631578947368421,0.5,0.0,False,0.15985174,0,736_linkedin_4392483332,736,linkedin_4392483332
8,7,8,0,1.0,21,1,0.047619047619047616,0.14285714285714285,0.0,False,0.36886093,0,191_linkedin_4404204086,191,linkedin_4404204086
1,5,5,-4,0.33333333333333337,11,0,0.0,0.0,0.0,False,0.29397437,0,123_linkedin_4383151099,123,linkedin_4383151099
1,7,5,-4,0.33333333333333337,7,1,0.14285714285714285,0.14285714285714285,0.0,False,0.45130584,0,201_linkedin_4395243969,201,linkedin_4395243969
7,9,0,7,0.0,6,0,0.0,0.0,0.2,False,0.2575094,0,190_linkedin_4367412693,190,linkedin_4367412693
9,9,5,4,0.33333333333333337,19,0,0.0,0.0,0.0,False,0.33052868,0,39_linkedin_4399610720,39,linkedin_4399610720
2,5,2,0,1.0,4,0,0.0,0.0,0.0,False,0.35089806,0,172_linkedin_4373531640,172,linkedin_4373531640
3,8,0,3,0.0,15,1,0.06666666666666667,0.125,0.0,False,0.29002163,0,153_linkedin_4402381008,153,linkedin_4402381008
4,8,0,4,0.0,28,1,0.03571428571428571,0.125,0.0,False,0.28723806,0,10_linkedin_4260573446,10,linkedin_4260573446
2,5,0,2,0.0,16,0,0.0,0.0,0.0,False,0.27967176,0,304_linkedin_4296469734,304,linkedin_4296469734
1,5,8,-7,0.2222222222222222,12,0,0.0,0.0,0.0,False,0.3277399,0,630_linkedin_4306125314,630,linkedin_4306125314
8,9,5,3,0.5,11,1,0.09090909090909091,0.1111111111111111,0.2,False,0.19365837,0,109_linkedin_4405669566,109,linkedin_4405669566
5,4,0,5,0.0,21,3,0.14285714285714285,0.75,0.0,False,0.3855094,0,717_linkedin_4361439395,717,linkedin_4361439395
3,4,0,3,0.0,15,2,0.13333333333333333,0.5,0.0,False,0.31477433,0,822_linkedin_4389712094,822,linkedin_4389712094
13,10,5,8,0.0,19,1,0.05263157894736842,0.1,0.0,False,0.29684368,0,43_linkedin_4322258118,43,linkedin_4322258118
10,7,2,8,0.0,8,0,0.0,0.0,0.0,False,0.4409519,0,293_linkedin_4395150935,293,linkedin_4395150935
8,8,0,8,0.0,21,1,0.047619047619047616,0.125,0.0,False,0.43753543,0,160_linkedin_4397745567,160,linkedin_4397745567
10,7,0,10,0.0,5,0,0.0,0.0,0.1111111111111111,False,0.38677576,0,271_linkedin_4399920193,271,linkedin_4399920193
12,7,0,12,0.0,10,0,0.0,0.0,0.0,False,0.26822677,0,520_linkedin_4381350291,520,linkedin_4381350291
13,10,2,11,0.0,10,0,0.0,0.0,0.0,False,0.35384023,0,19_linkedin_4147916347,19,linkedin_4147916347
12,9,2,10,0.0,13,0,0.0,0.0,0.0,False,0.24554685,0,196_linkedin_4306126311,196,linkedin_4306126311
5,8,8,-3,0.6666666666666667,19,0,0.0,0.0,0.16666666666666666,False,0.37165624,0,184_linkedin_4325783445,184,linkedin_4325783445
8,7,2,6,0.0,26,1,0.038461538461538464,0.14285714285714285,0.0,False,0.29343623,0,191_linkedin_4406131872,191,linkedin_4406131872
3,7,0,3,0.0,19,1,0.05263157894736842,0.14285714285714285,0.0,False,0.2814318,0,806_linkedin_4406231298,806,linkedin_4406231298
15,9,2,13,0.0,13,0,0.0,0.0,0.0,False,0.33108744,0,195_linkedin_4409033913,195,linkedin_4409033913
5,5,0,5,0.0,8,1,0.125,0.2,0.0,False,0.3153282,0,785_linkedin_4387885934,785,linkedin_4387885934
8,4,0,8,0.0,10,0,0.0,0.0,0.0,False,0.26963806,0,791_linkedin_4408073332,791,linkedin_4408073332
1,6,0,1,0.0,12,0,0.0,0.0,0.0,False,0.33033547,0,243_linkedin_4408771202,243,linkedin_4408771202
1,6,8,-7,0.2222222222222222,19,0,0.0,0.0,0.07142857142857142,False,0.2924514,0,527_linkedin_4395484658,527,linkedin_4395484658
7,9,2,5,0.0,18,0,0.0,0.0,0.0,False,0.25869527,0,190_linkedin_4398491928,190,linkedin_4398491928
5,7,5,0,1.0,11,0,0.0,0.0,0.5,False,0.28735965,0,552_linkedin_4405140553,552,linkedin_4405140553
4,7,1,3,0.0,9,0,0.0,0.0,0.0,False,0.19330744,0,295_linkedin_4312835100,295,linkedin_4312835100
2,7,0,2,0.0,13,0,0.0,0.0,0.0,False,0.25140184,0,232_linkedin_4406258431,232,linkedin_4406258431
5,7,2,3,0.0,18,0,0.0,0.0,0.0,True,0.3978499,0,274_linkedin_4402455762,274,linkedin_4402455762
2,6,0,2,0.0,14,0,0.0,0.0,0.0,False,0.046322875,0,248_linkedin_4367948022,248,linkedin_4367948022
2,5,5,-3,0.5,9,0,0.0,0.0,0.0,False,0.3144351,0,304_linkedin_4402821106,304,linkedin_4402821106
5,8,8,-3,0.6666666666666667,18,0,0.0,0.0,0.0,False,0.47903988,0,177_linkedin_4372081012,177,linkedin_4372081012
7,7,0,7,0.0,16,0,0.0,0.0,0.0,False,0.3709919,0,547_linkedin_4392474018,547,linkedin_4392474018
4,8,0,4,0.0,11,1,0.09090909090909091,0.125,0.0,False,0.44177046,0,106_linkedin_4397401013,106,linkedin_4397401013
9,7,1,8,0.0,14,0,0.0,0.0,0.0,False,0.2444061,0,570_linkedin_4402271822,570,linkedin_4402271822
0,5,0,0,1.0,31,0,0.0,0.0,0.0,False,0.23829763,0,637_linkedin_4346605391,637,linkedin_4346605391
8,8,0,8,0.0,16,0,0.0,0.0,0.25,False,0.3670871,0,186_linkedin_4403104649,186,linkedin_4403104649
8,7,0,8,0.0,26,0,0.0,0.0,0.2,False,0.32771572,0,519_linkedin_4402747403,519,linkedin_4402747403
5,3,2,3,0.0,17,1,0.058823529411764705,0.3333333333333333,0.25,False,0.21964754,0,756_linkedin_4387283659,756,linkedin_4387283659
4,6,0,4,0.0,26,0,0.0,0.0,0.0,False,0.23984669,0,249_linkedin_4403471611,249,linkedin_4403471611
4,8,0,4,0.0,3,0,0.0,0.0,0.0,False,0.28325146,0,130_linkedin_4268599389,130,linkedin_4268599389
2,5,8,-6,0.33333333333333337,16,0,0.0,0.0,0.0,False,0.30308253,0,172_linkedin_4299776272,172,linkedin_4299776272
2,5,5,-3,0.5,11,0,0.0,0.0,0.0,False,0.20746012,0,2_linkedin_4384022996,2,linkedin_4384022996
1,7,8,-7,0.2222222222222222,16,1,0.0625,0.14285714285714285,0.0,False,0.34031937,0,218_linkedin_4407191616,218,linkedin_4407191616
7,9,2,5,0.0,17,1,0.058823529411764705,0.1111111111111111,0.25,False,0.15553243,0,187_linkedin_4387283659,187,linkedin_4387283659
5,5,0,5,0.0,13,2,0.15384615384615385,0.4,0.0,False,0.30215716,0,718_linkedin_4399398705,718,linkedin_4399398705
10,7,0,10,0.0,19,0,0.0,0.0,0.0,False,0.21551755,0,261_linkedin_4406231298,261,linkedin_4406231298
12,7,5,7,0.0,11,0,0.0,0.0,0.0,False,0.3035898,0,227_linkedin_4399141297,227,linkedin_4399141297
10,6,0,10,0.0,38,0,0.0,0.0,0.0,False,0.31082076,0,621_linkedin_4406667967,621,linkedin_4406667967
7,7,2,5,0.0,9,0,0.0,0.0,0.0,False,0.2639586,0,259_linkedin_4394793241,259,linkedin_4394793241
8,9,0,8,0.0,6,1,0.16666666666666666,0.1111111111111111,0.0,False,0.20645514,0,667_linkedin_4360984586,667,linkedin_4360984586
5,8,0,5,0.0,6,0,0.0,0.0,0.0,False,0.31545216,0,539_linkedin_4402640777,539,linkedin_4402640777
12,10,5,7,0.0,23,1,0.043478260869565216,0.1,0.0,False,0.3411873,0,94_linkedin_4404293543,94,linkedin_4404293543
10,7,2,8,0.0,13,0,0.0,0.0,0.0,False,0.48696485,0,293_linkedin_4404693152,293,linkedin_4404693152
6,7,0,6,0.0,11,0,0.0,0.0,0.3333333333333333,False,0.3184442,0,215_linkedin_4380192223,215,linkedin_4380192223
2,7,5,-3,0.5,18,0,0.0,0.0,0.0,False,0.37718368,0,221_linkedin_4282730480,221,linkedin_4282730480
0,7,5,-5,0.16666666666666663,23,0,0.0,0.0,0.0,False,0.34374714,0,555_linkedin_4406169272,555,linkedin_4406169272
9,7,0,9,0.0,15,0,0.0,0.0,0.2,False,0.37034357,0,570_linkedin_4383643765,570,linkedin_4383643765
2,8,0,2,0.0,14,1,0.07142857142857142,0.125,0.0,False,0.22382712,0,534_linkedin_4402534425,534,linkedin_4402534425
9,9,0,9,0.0,10,2,0.2,0.2222222222222222,0.0,False,0.5343601,0,39_linkedin_4404669421,39,linkedin_4404669421
8,7,2,6,0.0,28,0,0.0,0.0,0.0,False,0.44568852,0,599_linkedin_4401926198,599,linkedin_4401926198
1,8,0,1,0.0,4,0,0.0,0.0,0.0,False,0.21639122,0,538_linkedin_4403747957,538,linkedin_4403747957
15,6,2,13,0.0,16,0,0.0,0.0,0.0,False,0.22286993,0,632_linkedin_4326608875,632,linkedin_4326608875
2,7,5,-3,0.5,6,0,0.0,0.0,0.0,False,0.3849363,0,221_linkedin_4383951278,221,linkedin_4383951278
2,6,0,2,0.0,11,1,0.09090909090909091,0.16666666666666666,0.0,False,0.17195295,0,100_linkedin_4406873816,100,linkedin_4406873816
3,4,0,3,0.0,30,1,0.03333333333333333,0.25,0.0,False,0.2697645,0,808_linkedin_4367173254,808,linkedin_4367173254
7,7,0,7,0.0,28,1,0.03571428571428571,0.14285714285714285,0.2,False,0.48025513,0,523_linkedin_4358149059,523,linkedin_4358149059
14,10,2,12,0.0,12,1,0.08333333333333333,0.1,0.0,False,0.37540418,0,119_linkedin_4403294985,119,linkedin_4403294985
14,10,0,14,0.0,15,1,0.06666666666666667,0.1,0.0,False,0.24477051,0,20_linkedin_4407621824,20,linkedin_4407621824
5,9,5,0,1.0,17,0,0.0,0.0,0.0,False,0.24837446,0,839_linkedin_4379247354,839,linkedin_4379247354
2,6,0,2,0.0,10,0,0.0,0.0,0.0,False,0.45073587,0,615_linkedin_4401519586,615,linkedin_4401519586
5,7,0,5,0.0,6,0,0.0,0.0,0.0,False,0.17743918,0,234_linkedin_4397214853,234,linkedin_4397214853
15,9,1,14,0.0,24,2,0.08333333333333333,0.2222222222222222,0.0,False,0.3182174,0,200_linkedin_4393837243,200,linkedin_4393837243
8,8,2,6,0.0,5,0,0.0,0.0,0.0,False,0.10395383,0,136_linkedin_4403593634,136,linkedin_4403593634
8,4,2,6,0.0,12,0,0.0,0.0,0.0,False,0.34238917,0,664_linkedin_4401612159,664,linkedin_4401612159
7,7,0,7,0.0,16,0,0.0,0.0,0.5,False,0.43684042,0,595_linkedin_4384724835,595,linkedin_4384724835
4,8,5,-1,0.8333333333333334,18,0,0.0,0.0,0.0,False,0.480683,0,182_linkedin_4274317546,182,linkedin_4274317546
5,8,2,3,0.0,19,0,0.0,0.0,0.0,False,0.37581798,0,184_linkedin_4352604064,184,linkedin_4352604064
2,5,5,-3,0.5,16,1,0.0625,0.2,0.0,False,0.20358029,0,2_linkedin_4399991658,2,linkedin_4399991658
4,6,1,3,0.0,12,0,0.0,0.0,0.0,False,0.20173657,0,629_linkedin_4398958152,629,linkedin_4398958152
4,8,0,4,0.0,37,2,0.05405405405405406,0.25,0.5,False,0.42979228,0,130_linkedin_4330438339,130,linkedin_4330438339
3,8,2,1,0.6666666666666667,12,0,0.0,0.0,0.0,False,0.28541335,0,81_linkedin_4302730124,81,linkedin_4302730124
5,6,5,0,1.0,16,1,0.0625,0.16666666666666666,0.0,False,0.4364294,0,258_linkedin_4407204095,258,linkedin_4407204095
7,6,1,6,0.0,19,0,0.0,0.0,0.0,False,0.19236474,0,636_linkedin_4408756370,636,linkedin_4408756370
8,7,8,0,1.0,25,0,0.0,0.0,0.0,False,0.3850073,0,287_linkedin_4404064619,287,linkedin_4404064619
8,8,2,6,0.0,11,0,0.0,0.0,0.0,False,0.29324907,0,186_linkedin_4386856246,186,linkedin_4386856246
5,3,0,5,0.0,19,1,0.05263157894736842,0.3333333333333333,0.0,False,0.3822663,0,756_linkedin_4358452670,756,linkedin_4358452670
5,9,0,5,0.0,10,0,0.0,0.0,0.0,False,0.2996468,0,668_linkedin_4408073332,668,linkedin_4408073332
3,7,0,3,0.0,17,0,0.0,0.0,0.0,False,0.41532823,0,284_linkedin_4405379030,284,linkedin_4405379030
14,9,0,14,0.0,30,1,0.03333333333333333,0.1111111111111111,0.0,False,0.35734725,0,164_linkedin_4396158062,164,linkedin_4396158062
3,7,0,3,0.0,3,0,0.0,0.0,0.2,False,0.3682554,0,553_linkedin_4403372136,553,linkedin_4403372136
14,10,0,14,0.0,21,1,0.047619047619047616,0.1,0.0,False,0.42662928,0,20_linkedin_4405876076,20,linkedin_4405876076
3,7,0,3,0.0,13,0,0.0,0.0,0.0,False,0.36987612,0,290_linkedin_4399398705,290,linkedin_4399398705
14,10,2,12,0.0,15,1,0.06666666666666667,0.1,0.0,False,0.2939967,0,20_linkedin_4407860783,20,linkedin_4407860783
5,7,5,0,1.0,37,0,0.0,0.0,0.0,False,0.29174137,0,226_linkedin_4405490749,226,linkedin_4405490749
3,7,5,-2,0.6666666666666667,19,0,0.0,0.0,0.0,False,0.3407547,0,572_linkedin_4399739959,572,linkedin_4399739959
5,6,2,3,0.0,25,2,0.08,0.3333333333333333,0.25,False,0.41695514,0,672_linkedin_4379928051,672,linkedin_4379928051
5,5,5,0,1.0,27,1,0.037037037037037035,0.2,0.0,False,0.30111983,0,718_linkedin_4401730488,718,linkedin_4401730488
3,9,0,3,0.0,28,1,0.03571428571428571,0.1111111111111111,0.0,False,0.2982389,0,777_linkedin_4260573446,777,linkedin_4260573446
12,10,0,12,0.0,25,1,0.04,0.1,0.0,False,0.29406294,0,48_linkedin_4400300684,48,linkedin_4400300684
7,9,2,5,0.0,12,0,0.0,0.0,0.0,True,0.3032147,0,190_linkedin_4397716588,190,linkedin_4397716588
6,7,0,6,0.0,11,0,0.0,0.0,0.0,False,0.21099305,0,590_linkedin_4339486191,590,linkedin_4339486191
2,7,5,-3,0.5,19,1,0.05263157894736842,0.14285714285714285,0.0,False,0.3403053,0,594_linkedin_4322258118,594,linkedin_4322258118
9,9,5,4,0.33333333333333337,20,1,0.05,0.1111111111111111,0.0,False,0.20508158,0,110_linkedin_4402708290,110,linkedin_4402708290
6,7,0,6,0.0,13,0,0.0,0.0,0.0,False,0.4158187,0,244_linkedin_4407346462,244,linkedin_4407346462
8,9,2,6,0.0,16,0,0.0,0.0,0.0,False,0.37179258,0,13_linkedin_4395806811,13,linkedin_4395806811
4,8,2,2,0.33333333333333337,23,1,0.043478260869565216,0.125,0.0,False,0.31595266,0,10_linkedin_4407906544,10,linkedin_4407906544
3,9,1,2,0.0,19,2,0.10526315789473684,0.2222222222222222,0.0,False,0.18600455,0,811_linkedin_4408756370,811,linkedin_4408756370
10,6,0,10,0.0,16,0,0.0,0.0,0.0,False,0.2578033,0,621_linkedin_4405540622,621,linkedin_4405540622
4,7,0,4,0.0,9,0,0.0,0.0,0.0,False,0.3236821,0,225_linkedin_4319983823,225,linkedin_4319983823
2,7,1,1,0.5,10,0,0.0,0.0,0.0,False,0.23527308,0,594_linkedin_4407186956,594,linkedin_4407186956
1,7,0,1,0.0,18,1,0.05555555555555555,0.14285714285714285,0.0,False,0.15295368,0,542_linkedin_4389806770,542,linkedin_4389806770
1,6,5,-4,0.33333333333333337,15,0,0.0,0.0,0.3333333333333333,False,0.3796813,0,147_linkedin_4408751159,147,linkedin_4408751159
9,8,5,4,0.33333333333333337,6,0,0.0,0.0,0.0,False,0.17860708,0,581_linkedin_4381852280,581,linkedin_4381852280
5,9,0,5,0.0,3,0,0.0,0.0,0.0,False,0.30295596,0,748_linkedin_4405242245,748,linkedin_4405242245
9,7,2,7,0.0,17,1,0.058823529411764705,0.14285714285714285,0.3333333333333333,False,0.11102815,0,550_linkedin_4399515674,550,linkedin_4399515674
7,9,5,2,0.6666666666666667,19,1,0.05263157894736842,0.1111111111111111,0.0,False,0.26857182,0,137_linkedin_4405178032,137,linkedin_4405178032
10,7,5,5,0.16666666666666663,4,0,0.0,0.0,0.0,False,0.2746525,0,216_linkedin_4406505366,216,linkedin_4406505366
8,7,0,8,0.0,28,1,0.03571428571428571,0.14285714285714285,0.0,False,0.37340716,0,203_linkedin_4260573446,203,linkedin_4260573446
5,9,8,-3,0.6666666666666667,16,1,0.0625,0.1111111111111111,0.0,False,0.4285915,0,748_linkedin_4407191616,748,linkedin_4407191616
4,8,2,2,0.33333333333333337,12,0,0.0,0.0,0.0,False,0.36220574,0,7_linkedin_4298975318,7,linkedin_4298975318
4,7,0,4,0.0,21,0,0.0,0.0,0.0,False,0.29106078,0,268_linkedin_4389813606,268,linkedin_4389813606
2,6,5,-3,0.5,13,0,0.0,0.0,0.0,False,0.3607745,0,98_linkedin_4397927493,98,linkedin_4397927493
1,6,0,1,0.0,4,0,0.0,0.0,0.0,False,0.15430903,0,252_linkedin_4408785471,252,linkedin_4408785471
8,9,8,0,1.0,16,0,0.0,0.0,0.0,False,0.41649413,0,61_linkedin_4407191616,61,linkedin_4407191616
1,7,0,1,0.0,16,0,0.0,0.0,0.0,True,0.22098365,0,289_linkedin_4379840219,289,linkedin_4379840219
5,9,5,0,1.0,9,0,0.0,0.0,0.0,False,0.17891471,0,673_linkedin_4379845522,673,linkedin_4379845522
4,7,8,-4,0.5555555555555556,16,0,0.0,0.0,0.0,False,0.20403089,0,225_linkedin_4407191616,225,linkedin_4407191616
3,8,0,3,0.0,22,0,0.0,0.0,0.0,False,0.23364794,0,179_linkedin_4351239737,179,linkedin_4351239737
7,9,0,7,0.0,16,1,0.0625,0.1111111111111111,0.0,False,0.29838437,0,190_linkedin_4385732952,190,linkedin_4385732952
7,9,0,7,0.0,28,0,0.0,0.0,0.0,False,0.27540565,0,65_linkedin_4281973232,65,linkedin_4281973232
9,9,2,7,0.0,13,1,0.07692307692307693,0.1111111111111111,0.0,True,0.27199796,0,162_linkedin_4326233529,162,linkedin_4326233529
2,5,1,1,0.5,18,1,0.05555555555555555,0.2,0.0,False,0.24847688,0,4_linkedin_4404507119,4,linkedin_4404507119
5,9,5,0,1.0,22,0,0.0,0.0,0.0,False,0.38551095,0,749_linkedin_4403935534,749,linkedin_4403935534
4,6,0,4,0.0,16,0,0.0,0.0,0.0,False,0.3500117,0,249_linkedin_4168640100,249,linkedin_4168640100
5,8,5,0,1.0,13,0,0.0,0.0,0.0,False,0.27059796,0,80_linkedin_4405775029,80,linkedin_4405775029
10,9,0,10,0.0,11,0,0.0,0.0,0.0,False,0.24101634,0,15_linkedin_4350925352,15,linkedin_4350925352
12,8,1,11,0.0,12,1,0.08333333333333333,0.125,0.0,False,0.45925298,0,541_linkedin_4393991520,541,linkedin_4393991520
7,9,2,5,0.0,13,0,0.0,0.0,0.0,False,0.25387475,0,190_linkedin_4382400116,190,linkedin_4382400116
5,2,5,0,1.0,25,1,0.04,0.5,0.0,False,0.28987774,0,823_linkedin_4402580962,823,linkedin_4402580962
12,7,2,10,0.0,13,0,0.0,0.0,0.0,False,0.264214,0,551_linkedin_4409056050,551,linkedin_4409056050
1,6,0,1,0.0,18,0,0.0,0.0,0.0,False,0.24047697,0,25_linkedin_4402741020,25,linkedin_4402741020
12,10,2,10,0.0,25,1,0.04,0.1,0.0,False,0.40488094,0,94_linkedin_4320160756,94,linkedin_4320160756
15,10,0,15,0.0,15,1,0.06666666666666667,0.1,0.0,False,0.40846777,0,21_linkedin_4324619442,21,linkedin_4324619442
6,6,5,1,0.8333333333333334,38,0,0.0,0.0,0.0,False,0.3184373,0,617_linkedin_4392471636,617,linkedin_4392471636
5,5,8,-3,0.6666666666666667,24,0,0.0,0.0,0.0,False,0.30484763,0,770_linkedin_4404692919,770,linkedin_4404692919
8,7,2,6,0.0,20,0,0.0,0.0,0.0,False,0.34893423,0,519_linkedin_4399227678,519,linkedin_4399227678
4,8,1,3,0.0,1,0,0.0,0.0,0.0,False,0.1998185,0,532_linkedin_4407901095,532,linkedin_4407901095
2,8,2,0,1.0,15,0,0.0,0.0,0.0,False,0.34742317,0,580_linkedin_4405615766,580,linkedin_4405615766
5,6,0,5,0.0,19,1,0.05263157894736842,0.16666666666666666,0.0,False,0.3038551,0,258_linkedin_4404112449,258,linkedin_4404112449
5,9,5,0,1.0,13,2,0.15384615384615385,0.2222222222222222,0.0,False,0.4038574,0,746_linkedin_4407902644,746,linkedin_4407902644
8,7,5,3,0.5,14,0,0.0,0.0,0.0,False,0.24533421,0,575_linkedin_4402749745,575,linkedin_4402749745
13,8,0,13,0.0,9,0,0.0,0.0,0.0,False,0.3815546,0,194_linkedin_4388571978,194,linkedin_4388571978
3,8,0,3,0.0,9,1,0.1111111111111111,0.125,0.0,False,0.39324516,0,179_linkedin_4401400375,179,linkedin_4401400375
2,8,2,0,1.0,11,0,0.0,0.0,0.1,False,0.29688004,0,558_linkedin_4399142428,558,linkedin_4399142428
10,5,0,10,0.0,13,0,0.0,0.0,0.0,False,0.31322458,0,305_linkedin_4399398705,305,linkedin_4399398705
14,10,2,12,0.0,24,3,0.125,0.3,0.0,False,0.542045,0,119_linkedin_4388458966,119,linkedin_4388458966
10,9,2,8,0.0,13,0,0.0,0.0,0.0,False,0.26094425,0,114_linkedin_4400797370,114,linkedin_4400797370
8,5,0,8,0.0,10,0,0.0,0.0,0.0,False,0.25377634,0,303_linkedin_4381347561,303,linkedin_4381347561
9,8,8,1,0.8888888888888888,21,1,0.047619047619047616,0.125,0.0,False,0.5169688,0,536_linkedin_4302192216,536,linkedin_4302192216
3,8,0,3,0.0,21,0,0.0,0.0,0.0,False,0.28172973,0,105_linkedin_4405277133,105,linkedin_4405277133
12,7,2,10,0.0,18,0,0.0,0.0,0.0,False,0.31226912,0,593_linkedin_4381572042,593,linkedin_4381572042
2,5,8,-6,0.33333333333333337,24,0,0.0,0.0,0.3333333333333333,False,0.4573363,0,122_linkedin_4333320844,122,linkedin_4333320844
1,7,0,1,0.0,7,0,0.0,0.0,0.0,False,0.3490486,0,548_linkedin_4397187098,548,linkedin_4397187098
5,9,2,3,0.0,7,1,0.14285714285714285,0.1111111111111111,0.3333333333333333,False,0.3905999,0,795_linkedin_4401004220,795,linkedin_4401004220
8,9,5,3,0.5,22,0,0.0,0.0,0.5,False,0.33622167,0,157_linkedin_4395980650,157,linkedin_4395980650
5,7,0,5,0.0,24,0,0.0,0.0,0.0,False,0.25735158,0,226_linkedin_4404775367,226,linkedin_4404775367
5,4,2,3,0.0,29,1,0.034482758620689655,0.25,0.0,False,0.2359342,0,740_linkedin_4403718001,740,linkedin_4403718001
2,6,5,-3,0.5,13,1,0.07692307692307693,0.16666666666666666,0.0,False,0.41769877,0,248_linkedin_4398170878,248,linkedin_4398170878
5,2,5,0,1.0,20,0,0.0,0.0,0.0,False,0.3153206,0,735_linkedin_4403919814,735,linkedin_4403919814
1,6,0,1,0.0,6,0,0.0,0.0,0.16666666666666666,False,0.58287275,0,145_linkedin_4396313263,145,linkedin_4396313263
4,7,10,-6,0.4545454545454546,3,0,0.0,0.0,0.0,False,0.25743166,0,225_linkedin_4320449349,225,linkedin_4320449349
8,7,5,3,0.5,11,0,0.0,0.0,0.0,False,0.34498176,0,228_linkedin_4338701818,228,linkedin_4338701818
13,9,0,13,0.0,5,0,0.0,0.0,0.0,False,0.2871846,0,139_linkedin_4196667098,139,linkedin_4196667098
5,9,0,5,0.0,26,3,0.11538461538461539,0.3333333333333333,0.0,False,0.26521033,0,743_linkedin_4405103891,743,linkedin_4405103891
1,5,0,1,0.0,17,0,0.0,0.0,0.0,False,0.4061108,0,630_linkedin_4358774021,630,linkedin_4358774021
9,6,2,7,0.0,19,0,0.0,0.0,0.0,False,0.21773067,0,628_linkedin_4344855337,628,linkedin_4344855337
7,8,2,5,0.0,21,1,0.047619047619047616,0.125,0.0,False,0.35587743,0,161_linkedin_4388779977,161,linkedin_4388779977
1,7,2,-1,0.6666666666666667,13,0,0.0,0.0,0.0,False,0.33722195,0,289_linkedin_4404813103,289,linkedin_4404813103
10,7,5,5,0.16666666666666663,8,0,0.0,0.0,0.0,False,0.2391366,0,216_linkedin_4306112553,216,linkedin_4306112553
12,9,1,11,0.0,1,0,0.0,0.0,0.0,False,0.09902766,0,143_linkedin_4407901095,143,linkedin_4407901095
4,8,0,4,0.0,20,0,0.0,0.0,0.0,False,0.3295441,0,34_linkedin_4302996033,34,linkedin_4302996033
1,6,5,-4,0.33333333333333337,16,1,0.0625,0.16666666666666666,0.0,False,0.400615,0,252_linkedin_4407204095,252,linkedin_4407204095
1,6,0,1,0.0,38,1,0.02631578947368421,0.16666666666666666,0.0,False,0.20605718,0,252_linkedin_4406667967,252,linkedin_4406667967
1,5,0,1,0.0,12,1,0.08333333333333333,0.2,0.0,False,0.3931449,0,171_linkedin_4404205315,171,linkedin_4404205315
3,7,0,3,0.0,34,1,0.029411764705882353,0.14285714285714285,0.0,False,0.2817684,0,183_linkedin_4321393596,183,linkedin_4321393596
12,6,5,7,0.0,27,0,0.0,0.0,0.0,False,0.32266593,0,626_linkedin_4403696823,626,linkedin_4403696823
5,9,0,5,0.0,21,2,0.09523809523809523,0.2222222222222222,0.0,False,0.50188285,0,647_linkedin_4388787599,647,linkedin_4388787599
6,6,5,1,0.8333333333333334,19,1,0.05263157894736842,0.16666666666666666,0.0,False,0.31525636,0,255_linkedin_4399739959,255,linkedin_4399739959
9,7,0,9,0.0,18,0,0.0,0.0,0.25,False,0.31540638,0,212_linkedin_4225078361,212,linkedin_4225078361
15,9,0,15,0.0,25,3,0.12,0.3333333333333333,0.0,False,0.42456225,0,200_linkedin_4405825476,200,linkedin_4405825476
4,5,1,3,0.0,15,1,0.06666666666666667,0.2,0.0,False,0.17844535,0,297_linkedin_4398769407,297,linkedin_4398769407
1,6,2,-1,0.6666666666666667,21,0,0.0,0.0,0.0,False,0.29100803,0,25_linkedin_4388779977,25,linkedin_4388779977
5,9,8,-3,0.6666666666666667,21,1,0.047619047619047616,0.1111111111111111,0.0,False,0.36959243,0,746_linkedin_4404204086,746,linkedin_4404204086
7,9,2,5,0.0,12,0,0.0,0.0,0.0,False,0.31137884,0,111_linkedin_4401612159,111,linkedin_4401612159
9,7,1,8,0.0,22,0,0.0,0.0,0.3333333333333333,False,0.35146725,0,212_linkedin_4401410287,212,linkedin_4401410287
3,8,5,-2,0.6666666666666667,15,0,0.0,0.0,0.0,False,0.33931592,0,33_linkedin_4363062982,33,linkedin_4363062982
2,7,1,1,0.5,30,0,0.0,0.0,0.0,False,0.35519665,0,283_linkedin_4338403103,283,linkedin_4338403103
1,6,5,-4,0.33333333333333337,21,1,0.047619047619047616,0.16666666666666666,0.5,False,0.3828046,0,145_linkedin_4406712154,145,linkedin_4406712154
12,8,2,10,0.0,17,0,0.0,0.0,0.0,False,0.33862105,0,583_linkedin_4372728372,583,linkedin_4372728372
1,5,2,-1,0.6666666666666667,14,1,0.07142857142857142,0.2,0.0,False,0.346194,0,641_linkedin_4408743846,641,linkedin_4408743846
5,9,8,-3,0.6666666666666667,26,1,0.038461538461538464,0.1111111111111111,0.0,False,0.32423672,0,673_linkedin_4404935140,673,linkedin_4404935140
15,7,0,15,0.0,9,0,0.0,0.0,0.0,False,0.4882393,0,247_linkedin_4388588523,247,linkedin_4388588523
9,9,5,4,0.33333333333333337,18,0,0.0,0.0,0.0,False,0.2789401,0,192_linkedin_4401837825,192,linkedin_4401837825
9,7,2,7,0.0,22,0,0.0,0.0,0.0,False,0.3795627,0,212_linkedin_4396347120,212,linkedin_4396347120
1,6,2,-1,0.6666666666666667,28,0,0.0,0.0,0.0,False,0.37781644,0,257_linkedin_4392868031,257,linkedin_4392868031
5,6,2,3,0.0,6,1,0.16666666666666666,0.16666666666666666,0.0,False,0.28495246,0,258_linkedin_4404172755,258,linkedin_4404172755
5,3,8,-3,0.6666666666666667,21,0,0.0,0.0,0.0,False,0.46231148,0,802_linkedin_4402789919,802,linkedin_4402789919
5,7,0,5,0.0,21,0,0.0,0.0,0.0,False,0.2774895,0,239_linkedin_4407078023,239,linkedin_4407078023
7,8,8,-1,0.8888888888888888,21,0,0.0,0.0,0.0,False,0.41763088,0,533_linkedin_4404204086,533,linkedin_4404204086
9,9,5,4,0.33333333333333337,21,0,0.0,0.0,0.0,False,0.438609,0,18_linkedin_4405653560,18,linkedin_4405653560
4,7,2,2,0.33333333333333337,14,0,0.0,0.0,0.0,False,0.34757456,0,549_linkedin_4404698928,549,linkedin_4404698928
4,7,5,-1,0.8333333333333334,12,0,0.0,0.0,0.0,False,0.28821173,0,225_linkedin_4287154113,225,linkedin_4287154113
12,10,0,12,0.0,30,2,0.06666666666666667,0.2,0.0,False,0.2638035,0,22_linkedin_4367173254,22,linkedin_4367173254
4,6,2,2,0.33333333333333337,13,0,0.0,0.0,0.0,False,0.30908024,0,612_linkedin_4395955155,612,linkedin_4395955155
8,9,2,6,0.0,13,0,0.0,0.0,0.0,False,0.38258535,0,666_linkedin_4306126311,666,linkedin_4306126311
9,9,5,4,0.33333333333333337,11,0,0.0,0.0,0.3333333333333333,False,0.5365019,0,42_linkedin_4366422916,42,linkedin_4366422916
6,6,2,4,0.0,7,0,0.0,0.0,0.0,False,0.4136236,0,522_linkedin_4395298696,522,linkedin_4395298696
5,8,0,5,0.0,14,1,0.07142857142857142,0.125,0.09090909090909091,False,0.39199308,0,177_linkedin_4407335662,177,linkedin_4407335662
7,7,0,7,0.0,15,0,0.0,0.0,0.0,False,0.35364997,0,233_linkedin_4373914724,233,linkedin_4373914724
9,7,2,7,0.0,19,1,0.05263157894736842,0.14285714285714285,0.0,False,0.34637243,0,212_linkedin_4345341430,212,linkedin_4345341430
1,5,2,-1,0.6666666666666667,30,1,0.03333333333333333,0.2,0.3333333333333333,False,0.5482945,0,1_linkedin_4374745665,1,linkedin_4374745665
15,7,5,10,0.0,17,1,0.058823529411764705,0.14285714285714285,0.0,False,0.47375906,0,231_linkedin_4355100899,231,linkedin_4355100899
5,8,8,-3,0.6666666666666667,23,0,0.0,0.0,0.0,False,0.36770836,0,35_linkedin_4397929782,35,linkedin_4397929782
2,8,2,0,1.0,10,0,0.0,0.0,0.0,False,0.15766808,0,534_linkedin_4373091275,534,linkedin_4373091275
5,7,8,-3,0.6666666666666667,19,0,0.0,0.0,0.2,False,0.32483026,0,569_linkedin_4317450207,569,linkedin_4317450207
7,7,2,5,0.0,10,0,0.0,0.0,0.0,False,0.2908187,0,511_linkedin_4406868890,511,linkedin_4406868890
9,7,5,4,0.33333333333333337,9,0,0.0,0.0,0.25,False,0.33746472,0,591_linkedin_4398141730,591,linkedin_4398141730
5,9,0,5,0.0,29,1,0.034482758620689655,0.1111111111111111,0.0,False,0.21918496,0,695_linkedin_4405390655,695,linkedin_4405390655
8,7,0,8,0.0,8,0,0.0,0.0,0.2,False,0.27456093,0,191_linkedin_4387885934,191,linkedin_4387885934
13,9,0,13,0.0,23,5,0.21739130434782608,0.5555555555555556,0.0,False,0.6088135,0,142_linkedin_4361456769,142,linkedin_4361456769
14,10,5,9,0.0,11,1,0.09090909090909091,0.1,0.0,False,0.17746638,0,20_linkedin_4399141297,20,linkedin_4399141297
8,9,8,0,1.0,11,0,0.0,0.0,0.0,False,0.3940214,0,17_linkedin_4403368647,17,linkedin_4403368647
2,7,2,0,1.0,10,0,0.0,0.0,0.2,False,0.31952348,0,283_linkedin_4373089349,283,linkedin_4373089349
1,5,5,-4,0.33333333333333337,24,0,0.0,0.0,0.0,False,0.22900109,0,309_linkedin_4403735026,309,linkedin_4403735026
6,7,8,-2,0.7777777777777778,16,0,0.0,0.0,0.125,False,0.4186452,0,215_linkedin_4396346150,215,linkedin_4396346150
2,6,0,2,0.0,11,0,0.0,0.0,0.0,False,0.27492842,0,26_linkedin_4404745415,26,linkedin_4404745415
7,7,0,7,0.0,11,0,0.0,0.0,0.0,False,0.3296475,0,523_linkedin_4404711681,523,linkedin_4404711681
3,6,5,-2,0.6666666666666667,15,0,0.0,0.0,0.0,False,0.39068836,0,230_linkedin_4389708516,230,linkedin_4389708516
6,6,8,-2,0.7777777777777778,12,0,0.0,0.0,0.0,False,0.46273568,0,631_linkedin_4401885034,631,linkedin_4401885034
8,9,0,8,0.0,10,1,0.1,0.1111111111111111,0.25,False,0.540428,0,37_linkedin_4306129256,37,linkedin_4306129256
1,5,5,-4,0.33333333333333337,18,1,0.05555555555555555,0.2,0.0,False,0.23641586,0,171_linkedin_4406409276,171,linkedin_4406409276
5,9,8,-3,0.6666666666666667,21,3,0.14285714285714285,0.3333333333333333,0.0,False,0.515919,0,744_linkedin_4402753679,744,linkedin_4402753679
7,7,5,2,0.6666666666666667,12,4,0.3333333333333333,0.5714285714285714,0.0,False,0.5712807,0,523_linkedin_4394689596,523,linkedin_4394689596
2,6,2,0,1.0,15,2,0.13333333333333333,0.3333333333333333,0.0,False,0.516786,0,176_linkedin_4403705095,176,linkedin_4403705095
2,6,5,-3,0.5,21,1,0.047619047619047616,0.16666666666666666,0.5,False,0.3455857,0,146_linkedin_4406712154,146,linkedin_4406712154
7,9,1,6,0.0,31,5,0.16129032258064516,0.5555555555555556,0.0,False,0.42681053,0,158_linkedin_4406978302,158,linkedin_4406978302
5,5,2,3,0.0,13,0,0.0,0.0,0.0,False,0.24163952,0,302_linkedin_4404813103,302,linkedin_4404813103
1,6,0,1,0.0,12,0,0.0,0.0,0.0,False,0.4597751,0,169_linkedin_4394457541,169,linkedin_4394457541
4,7,2,2,0.33333333333333337,12,0,0.0,0.0,0.2,False,0.46304554,0,295_linkedin_4364204759,295,linkedin_4364204759
5,9,1,4,0.0,15,3,0.2,0.3333333333333333,0.0,True,0.47017494,0,817_linkedin_4407008767,817,linkedin_4407008767
12,10,2,10,0.0,24,2,0.08333333333333333,0.2,0.3333333333333333,True,0.41873136,0,22_linkedin_4398356168,22,linkedin_4398356168
9,9,0,9,0.0,13,0,0.0,0.0,0.0,False,0.41140926,0,18_linkedin_4399398705,18,linkedin_4399398705
2,5,0,2,0.0,16,0,0.0,0.0,0.0,False,0.40158975,0,2_linkedin_4404085186,2,linkedin_4404085186
4,6,0,4,0.0,23,0,0.0,0.0,0.0,False,0.40951335,0,612_linkedin_4408752869,612,linkedin_4408752869
5,8,5,0,1.0,19,0,0.0,0.0,0.0,False,0.30942598,0,11_linkedin_4405175053,11,linkedin_4405175053
2,5,0,2,0.0,14,3,0.21428571428571427,0.6,0.1,False,0.4894902,0,172_linkedin_4385729700,172,linkedin_4385729700
4,7,8,-4,0.5555555555555556,16,0,0.0,0.0,0.3333333333333333,False,0.33990183,0,268_linkedin_4407191616,268,linkedin_4407191616
4,8,0,4,0.0,29,2,0.06896551724137931,0.25,0.3333333333333333,False,0.39833486,0,532_linkedin_4387690365,532,linkedin_4387690365
1,5,0,1,0.0,18,0,0.0,0.0,0.0,False,0.42527115,0,592_linkedin_4405141036,592,linkedin_4405141036
0,7,2,-2,0.33333333333333337,26,0,0.0,0.0,0.6666666666666666,False,0.72529554,0,555_linkedin_4406131872,555,linkedin_4406131872
6,7,5,1,0.8333333333333334,8,0,0.0,0.0,0.0,False,0.4761334,0,590_linkedin_4399753399,590,linkedin_4399753399
5,9,8,-3,0.6666666666666667,12,1,0.08333333333333333,0.1111111111111111,0.0,False,0.1807385,0,711_linkedin_4401885034,711,linkedin_4401885034
9,9,2,7,0.0,26,0,0.0,0.0,0.0,False,0.3170071,0,42_linkedin_4404313304,42,linkedin_4404313304
1,8,8,-7,0.2222222222222222,10,0,0.0,0.0,0.0,False,0.32923263,0,538_linkedin_4383975364,538,linkedin_4383975364
15,5,0,15,0.0,20,0,0.0,0.0,0.16666666666666666,False,0.40542528,0,310_linkedin_4329842982,310,linkedin_4329842982
8,2,2,6,0.0,9,1,0.1111111111111111,0.5,0.5,False,0.28936177,0,736_linkedin_4404593089,736,linkedin_4404593089
5,9,5,0,1.0,24,1,0.041666666666666664,0.1111111111111111,0.0,False,0.22891346,0,796_linkedin_4379973269,796,linkedin_4379973269
3,7,5,-2,0.6666666666666667,12,1,0.08333333333333333,0.14285714285714285,0.0,False,0.23851338,0,246_linkedin_4396653788,246,linkedin_4396653788
8,7,0,8,0.0,9,0,0.0,0.0,0.0,False,0.36801085,0,191_linkedin_4388571978,191,linkedin_4388571978
7,7,5,2,0.6666666666666667,15,0,0.0,0.0,0.0,False,0.22889632,0,565_linkedin_4344634134,565,linkedin_4344634134
6,7,5,1,0.8333333333333334,12,0,0.0,0.0,0.0,False,0.3723839,0,244_linkedin_4401909884,244,linkedin_4401909884
11,7,2,9,0.0,13,0,0.0,0.0,0.0,False,0.28578,0,515_linkedin_4402249706,515,linkedin_4402249706
8,2,5,3,0.5,22,2,0.09090909090909091,1.0,0.0,False,0.48651642,0,736_linkedin_4405127603,736,linkedin_4405127603
2,8,0,2,0.0,28,3,0.10714285714285714,0.375,0.25,False,0.56478524,0,580_linkedin_4281973232,580,linkedin_4281973232
8,7,0,8,0.0,29,2,0.06896551724137931,0.2857142857142857,0.0,False,0.40033183,0,203_linkedin_4378954930,203,linkedin_4378954930
8,8,2,6,0.0,10,0,0.0,0.0,0.0,False,0.31333604,0,136_linkedin_4371387533,136,linkedin_4371387533
8,9,1,7,0.0,10,3,0.3,0.3333333333333333,0.0,False,0.49098402,0,109_linkedin_4407186956,109,linkedin_4407186956
9,6,5,4,0.33333333333333337,18,0,0.0,0.0,0.0,True,0.29089865,0,628_linkedin_4407435578,628,linkedin_4407435578
2,5,5,-3,0.5,20,0,0.0,0.0,0.0,False,0.32842863,0,172_linkedin_4405230301,172,linkedin_4405230301
4,8,0,4,0.0,17,0,0.0,0.0,0.0,False,0.12812603,0,532_linkedin_4366248970,532,linkedin_4366248970
5,2,0,5,0.0,10,1,0.1,0.5,0.0,False,0.32367823,0,823_linkedin_4403652133,823,linkedin_4403652133
4,8,0,4,0.0,10,0,0.0,0.0,0.0,False,0.42711553,0,180_linkedin_4408073332,180,linkedin_4408073332
7,9,0,7,0.0,12,3,0.25,0.3333333333333333,0.16666666666666666,False,0.4381147,0,137_linkedin_4399913337,137,linkedin_4399913337
15,6,0,15,0.0,22,0,0.0,0.0,0.0,False,0.253165,0,632_linkedin_4404833122,632,linkedin_4404833122
2,5,8,-6,0.33333333333333337,26,0,0.0,0.0,0.0,False,0.28718188,0,172_linkedin_4404935140,172,linkedin_4404935140
8,7,0,8,0.0,18,0,0.0,0.0,0.25,False,0.39119947,0,575_linkedin_4402741020,575,linkedin_4402741020
10,4,1,9,0.0,15,1,0.06666666666666667,0.25,0.0,False,0.32272112,0,760_linkedin_4401000748,760,linkedin_4401000748
7,7,0,7,0.0,7,0,0.0,0.0,0.3333333333333333,False,0.48990536,0,565_linkedin_4407341482,565,linkedin_4407341482
5,9,8,-3,0.6666666666666667,10,1,0.1,0.1111111111111111,0.0,False,0.27456543,0,713_linkedin_4383975364,713,linkedin_4383975364
8,7,5,3,0.5,9,1,0.1111111111111111,0.14285714285714285,0.5,False,0.6371499,0,250_linkedin_4372603764,250,linkedin_4372603764
4,8,5,-1,0.8333333333333334,20,1,0.05,0.125,0.0,False,0.31330803,0,178_linkedin_4406785675,178,linkedin_4406785675
2,7,1,1,0.5,14,1,0.07142857142857142,0.14285714285714285,0.3333333333333333,False,0.49786466,0,566_linkedin_4403463402,566,linkedin_4403463402
5,9,8,-3,0.6666666666666667,21,1,0.047619047619047616,0.1111111111111111,0.0,False,0.5478528,0,818_linkedin_4302192216,818,linkedin_4302192216
12,7,0,12,0.0,30,1,0.03333333333333333,0.14285714285714285,0.0,False,0.37456074,0,288_linkedin_4386153636,288,linkedin_4386153636
5,8,0,5,0.0,15,0,0.0,0.0,0.0,False,0.3480925,0,155_linkedin_4306128290,155,linkedin_4306128290
5,9,2,3,0.0,18,1,0.05555555555555555,0.1111111111111111,0.0,False,0.47417754,0,795_linkedin_4398491928,795,linkedin_4398491928
9,9,2,7,0.0,13,0,0.0,0.0,0.0,False,0.47107726,0,135_linkedin_4400797370,135,linkedin_4400797370
2,8,0,2,0.0,23,0,0.0,0.0,0.3333333333333333,False,0.23834267,0,558_linkedin_4400814518,558,linkedin_4400814518
2,5,5,-3,0.5,13,3,0.23076923076923078,0.6,0.0,False,0.44321063,0,172_linkedin_4405775029,172,linkedin_4405775029
2,6,2,0,1.0,15,1,0.06666666666666667,0.16666666666666666,0.0,False,0.42881897,0,102_linkedin_4398468647,102,linkedin_4398468647
2,7,0,2,0.0,13,0,0.0,0.0,0.0,False,0.4231714,0,566_linkedin_4407427684,566,linkedin_4407427684
3,7,2,1,0.6666666666666667,16,0,0.0,0.0,0.0,False,0.5593865,0,290_linkedin_4405049438,290,linkedin_4405049438
11,8,0,11,0.0,17,1,0.058823529411764705,0.125,0.0,False,0.15924329,0,531_linkedin_4392034127,531,linkedin_4392034127
5,6,0,5,0.0,21,1,0.047619047619047616,0.16666666666666666,0.0,False,0.44756728,0,804_linkedin_4359578079,804,linkedin_4359578079
9,6,0,9,0.0,14,0,0.0,0.0,0.5,False,0.31795892,0,616_linkedin_4397702941,616,linkedin_4397702941
12,10,2,10,0.0,28,2,0.07142857142857142,0.2,0.0,False,0.5880337,0,48_linkedin_4407156829,48,linkedin_4407156829
10,7,5,5,0.16666666666666663,8,0,0.0,0.0,0.0,False,0.3041489,0,245_linkedin_4407638329,245,linkedin_4407638329
1,6,5,-4,0.33333333333333337,15,0,0.0,0.0,0.0,False,0.3513642,0,243_linkedin_4400426797,243,linkedin_4400426797
7,9,5,2,0.6666666666666667,9,2,0.2222222222222222,0.2222222222222222,1.0,False,0.5357065,0,187_linkedin_4372603764,187,linkedin_4372603764
12,10,0,12,0.0,20,3,0.15,0.3,0.0,False,0.23390727,0,22_linkedin_4383139973,22,linkedin_4383139973
5,9,5,0,1.0,27,6,0.2222222222222222,0.6666666666666666,0.3333333333333333,False,0.28207898,0,748_linkedin_4400454837,748,linkedin_4400454837
5,9,2,3,0.0,21,1,0.047619047619047616,0.1111111111111111,0.3333333333333333,False,0.3447199,0,727_linkedin_4403721444,727,linkedin_4403721444
5,9,5,0,1.0,15,2,0.13333333333333333,0.2222222222222222,0.0,False,0.44889295,0,699_linkedin_4394234505,699,linkedin_4394234505
1,6,0,1,0.0,13,0,0.0,0.0,0.0,False,0.34889987,0,243_linkedin_4399398705,243,linkedin_4399398705
7,7,2,5,0.0,18,4,0.2222222222222222,0.5714285714285714,0.5,False,0.5098577,0,523_linkedin_4398204936,523,linkedin_4398204936
2,6,8,-6,0.33333333333333337,21,2,0.09523809523809523,0.3333333333333333,0.2,False,0.40376976,0,102_linkedin_4404204086,102,linkedin_4404204086
11,7,2,9,0.0,4,0,0.0,0.0,0.3333333333333333,False,0.47877982,0,208_linkedin_4399266480,208,linkedin_4399266480
6,6,0,6,0.0,5,0,0.0,0.0,0.0,False,0.28006086,0,255_linkedin_4339066970,255,linkedin_4339066970
5,8,1,4,0.0,13,1,0.07692307692307693,0.125,0.0,False,0.33723742,0,181_linkedin_4407601994,181,linkedin_4407601994
4,8,5,-1,0.8333333333333334,7,0,0.0,0.0,0.0,False,0.2738878,0,532_linkedin_4406473429,532,linkedin_4406473429
8,5,0,8,0.0,11,0,0.0,0.0,0.0,False,0.28549808,0,303_linkedin_4367161014,303,linkedin_4367161014
15,5,0,15,0.0,11,0,0.0,0.0,0.0,False,0.35847703,0,310_linkedin_4369606409,310,linkedin_4369606409
8,7,1,7,0.0,15,0,0.0,0.0,0.0,True,0.16408466,0,228_linkedin_4407008767,228,linkedin_4407008767
1,6,0,1,0.0,14,0,0.0,0.0,0.3333333333333333,False,0.45849693,0,619_linkedin_4391555557,619,linkedin_4391555557
5,9,0,5,0.0,4,0,0.0,0.0,0.0,False,0.3371868,0,694_linkedin_4377682353,694,linkedin_4377682353
5,9,5,0,1.0,25,2,0.08,0.2222222222222222,0.0,False,0.3995417,0,700_linkedin_4398683439,700,linkedin_4398683439
15,7,1,14,0.0,5,0,0.0,0.0,0.0,False,0.43044117,0,231_linkedin_4380323278,231,linkedin_4380323278
1,7,0,1,0.0,10,0,0.0,0.0,0.0,False,0.39374542,0,289_linkedin_4404338551,289,linkedin_4404338551
5,7,0,5,0.0,31,2,0.06451612903225806,0.2857142857142857,0.0,False,0.27731332,0,688_linkedin_4346605391,688,linkedin_4346605391
1,6,5,-4,0.33333333333333337,24,2,0.08333333333333333,0.3333333333333333,1.0,False,0.5478091,0,149_linkedin_4363471760,149,linkedin_4363471760
5,9,2,3,0.0,20,2,0.1,0.2222222222222222,0.0,False,0.5545817,0,701_linkedin_4395871035,701,linkedin_4395871035
12,8,5,7,0.0,11,0,0.0,0.0,0.0,False,0.14290576,0,541_linkedin_4338701818,541,linkedin_4338701818
2,5,0,2,0.0,4,0,0.0,0.0,0.4,False,0.4551406,0,124_linkedin_4408785471,124,linkedin_4408785471
5,6,1,4,0.0,13,0,0.0,0.0,0.0,False,0.28251097,0,614_linkedin_4407601994,614,linkedin_4407601994
1,5,0,1,0.0,16,1,0.0625,0.2,0.5,False,0.54687315,0,123_linkedin_4405540622,123,linkedin_4405540622
8,7,1,7,0.0,12,0,0.0,0.0,0.0,False,0.48001942,0,287_linkedin_4406048969,287,linkedin_4406048969
2,6,0,2,0.0,20,1,0.05,0.16666666666666666,0.0,False,0.28829595,0,248_linkedin_4363766414,248,linkedin_4363766414
13,10,5,8,0.0,25,1,0.04,0.1,0.0,False,0.22923627,0,43_linkedin_4389564579,43,linkedin_4389564579
15,7,5,10,0.0,27,0,0.0,0.0,0.0,False,0.35365996,0,247_linkedin_4393034116,247,linkedin_4393034116
8,5,5,3,0.5,10,0,0.0,0.0,0.0,False,0.19387147,0,783_linkedin_4394465120,783,linkedin_4394465120
2,6,8,-6,0.33333333333333337,12,1,0.08333333333333333,0.16666666666666666,0.0,False,0.25401112,0,265_linkedin_4401885034,265,linkedin_4401885034
7,6,5,2,0.6666666666666667,12,0,0.0,0.0,0.0,False,0.35679772,0,613_linkedin_4287154113,613,linkedin_4287154113
5,6,8,-3,0.6666666666666667,26,0,0.0,0.0,0.0,False,0.3013489,0,517_linkedin_4385600423,517,linkedin_4385600423
6,7,5,1,0.8333333333333334,17,0,0.0,0.0,0.125,False,0.3071519,0,567_linkedin_4401227164,567,linkedin_4401227164
1,6,0,1,0.0,21,0,0.0,0.0,0.25,False,0.3877209,0,101_linkedin_4380226805,101,linkedin_4380226805
5,8,0,5,0.0,24,3,0.125,0.375,0.25,False,0.41529086,0,11_linkedin_4404775367,11,linkedin_4404775367
8,9,8,0,1.0,16,4,0.25,0.4444444444444444,0.25,False,0.51501584,0,109_linkedin_4396346150,109,linkedin_4396346150
6,6,2,4,0.0,27,1,0.037037037037037035,0.16666666666666666,0.0,True,0.19668996,0,255_linkedin_4404906644,255,linkedin_4404906644
8,9,0,8,0.0,16,1,0.0625,0.1111111111111111,0.0,False,0.3962457,0,691_linkedin_4395289693,691,linkedin_4395289693
8,5,2,6,0.0,18,0,0.0,0.0,0.0,False,0.2651544,0,303_linkedin_4407423993,303,linkedin_4407423993
8,7,8,0,1.0,26,0,0.0,0.0,0.0,False,0.343516,0,264_linkedin_4299757996,264,linkedin_4299757996
2,5,2,0,1.0,17,0,0.0,0.0,0.5,False,0.33917743,0,174_linkedin_4387283659,174,linkedin_4387283659
9,9,0,9,0.0,12,0,0.0,0.0,0.0,False,0.44349635,0,192_linkedin_4394457541,192,linkedin_4394457541
4,8,5,-1,0.8333333333333334,17,0,0.0,0.0,0.0,False,0.40836397,0,36_linkedin_4405577156,36,linkedin_4405577156
14,10,5,9,0.0,19,2,0.10526315789473684,0.2,0.3333333333333333,False,0.41622874,0,96_linkedin_4404290021,96,linkedin_4404290021
4,7,2,2,0.33333333333333337,13,1,0.07692307692307693,0.14285714285714285,0.0,True,0.23462704,0,295_linkedin_4326233529,295,linkedin_4326233529
9,6,0,9,0.0,29,2,0.06896551724137931,0.3333333333333333,0.0,False,0.29778835,0,525_linkedin_4393478151,525,linkedin_4393478151
7,8,0,7,0.0,13,1,0.07692307692307693,0.125,0.0,False,0.2767428,0,533_linkedin_4380440857,533,linkedin_4380440857
5,9,0,5,0.0,14,1,0.07142857142857142,0.1111111111111111,0.0,False,0.41952652,0,795_linkedin_4404449057,795,linkedin_4404449057
5,9,1,4,0.0,7,1,0.14285714285714285,0.1111111111111111,0.0,False,0.35783368,0,747_linkedin_4258063425,747,linkedin_4258063425
3,7,5,-2,0.6666666666666667,28,0,0.0,0.0,0.0,False,0.3622961,0,290_linkedin_4406539362,290,linkedin_4406539362
4,6,0,4,0.0,6,0,0.0,0.0,0.0,False,0.25559524,0,249_linkedin_4397214853,249,linkedin_4397214853
13,10,0,13,0.0,18,1,0.05555555555555555,0.1,0.0,False,0.24864754,0,120_linkedin_4402741020,120,linkedin_4402741020
2,7,5,-3,0.5,16,1,0.0625,0.14285714285714285,0.3333333333333333,False,0.4370591,0,232_linkedin_4403469851,232,linkedin_4403469851
5,8,0,5,0.0,22,2,0.09090909090909091,0.25,0.0,False,0.30739817,0,184_linkedin_4393281016,184,linkedin_4393281016
2,5,5,-3,0.5,22,0,0.0,0.0,0.0,False,0.2308002,0,122_linkedin_4395980650,122,linkedin_4395980650
8,7,0,8,0.0,11,0,0.0,0.0,0.0,False,0.2552581,0,228_linkedin_4270545927,228,linkedin_4270545927
12,6,5,7,0.0,9,0,0.0,0.0,0.0,False,0.24797708,0,526_linkedin_4364800929,526,linkedin_4364800929
5,4,0,5,0.0,36,3,0.08333333333333333,0.75,0.0,False,0.19467808,0,681_linkedin_4407806772,681,linkedin_4407806772
1,6,0,1,0.0,10,4,0.4,0.6666666666666666,0.5,False,0.5950002,0,25_linkedin_4306129256,25,linkedin_4306129256
2,6,5,-3,0.5,11,1,0.09090909090909091,0.16666666666666666,0.0,False,0.25615725,0,265_linkedin_4399141297,265,linkedin_4399141297
1,6,5,-4,0.33333333333333337,16,2,0.125,0.3333333333333333,0.25,False,0.48056585,0,77_linkedin_4393458442,77,linkedin_4393458442
7,7,0,7,0.0,5,0,0.0,0.0,0.0,False,0.42563006,0,511_linkedin_4339066970,511,linkedin_4339066970
2,6,8,-6,0.33333333333333337,26,0,0.0,0.0,0.0,False,0.2955556,0,28_linkedin_4401612047,28,linkedin_4401612047
9,7,2,7,0.0,16,0,0.0,0.0,0.5,False,0.35727528,0,241_linkedin_4395806811,241,linkedin_4395806811
1,6,0,1,0.0,11,1,0.09090909090909091,0.16666666666666666,0.0,False,0.3846302,0,97_linkedin_4248783539,97,linkedin_4248783539
10,7,0,10,0.0,4,0,0.0,0.0,0.0,False,0.36752877,0,271_linkedin_4390682886,271,linkedin_4390682886
7,6,5,2,0.6666666666666667,12,0,0.0,0.0,0.5,False,0.3877001,0,608_linkedin_4357419117,608,linkedin_4357419117
13,10,2,11,0.0,21,0,0.0,0.0,0.0,False,0.44125444,0,23_linkedin_4404056014,23,linkedin_4404056014
8,6,8,0,1.0,8,0,0.0,0.0,0.0,False,0.2596258,0,622_linkedin_4333737895,622,linkedin_4333737895
15,10,0,15,0.0,7,0,0.0,0.0,0.0,False,0.30876768,0,93_linkedin_4399820594,93,linkedin_4399820594
6,6,0,6,0.0,13,0,0.0,0.0,0.0,False,0.24303688,0,255_linkedin_4399398705,255,linkedin_4399398705
1,6,8,-7,0.2222222222222222,14,1,0.07142857142857142,0.16666666666666666,0.0,False,0.3099553,0,169_linkedin_4408734674,169,linkedin_4408734674
9,7,0,9,0.0,24,0,0.0,0.0,0.0,False,0.5296311,0,241_linkedin_4390334089,241,linkedin_4390334089
7,7,2,5,0.0,10,1,0.1,0.14285714285714285,0.0,False,0.3896454,0,560_linkedin_4401869941,560,linkedin_4401869941
10,6,0,10,0.0,17,0,0.0,0.0,0.0,False,0.45122448,0,609_linkedin_4303288842,609,linkedin_4303288842
8,7,5,3,0.5,20,0,0.0,0.0,0.0,False,0.24678063,0,191_linkedin_4406785675,191,linkedin_4406785675
2,5,0,2,0.0,5,0,0.0,0.0,0.0,False,0.31495285,0,4_linkedin_4399920193,4,linkedin_4399920193
5,5,0,5,0.0,19,0,0.0,0.0,0.2,False,0.49241313,0,302_linkedin_4386971508,302,linkedin_4386971508
14,10,0,14,0.0,31,2,0.06451612903225806,0.2,0.0,False,0.18530524,0,20_linkedin_4401925667,20,linkedin_4401925667
9,9,5,4,0.33333333333333337,5,0,0.0,0.0,0.0,False,0.27361223,0,18_linkedin_4400511882,18,linkedin_4400511882
1,6,0,1,0.0,16,1,0.0625,0.16666666666666666,0.0,False,0.5326753,0,169_linkedin_4168640099,169,linkedin_4168640099
5,8,0,5,0.0,33,1,0.030303030303030304,0.125,0.0,False,0.2810376,0,155_linkedin_4398772971,155,linkedin_4398772971
7,6,5,2,0.6666666666666667,21,0,0.0,0.0,0.2,False,0.44400012,0,636_linkedin_4400366293,636,linkedin_4400366293
4,7,2,2,0.33333333333333337,28,2,0.07142857142857142,0.2857142857142857,0.0,False,0.31677055,0,589_linkedin_4376079627,589,linkedin_4376079627
2,7,8,-6,0.33333333333333337,14,0,0.0,0.0,0.0,False,0.25853643,0,584_linkedin_4407424184,584,linkedin_4407424184
14,10,0,14,0.0,21,2,0.09523809523809523,0.2,0.5,False,0.37467864,0,144_linkedin_4365486815,144,linkedin_4365486815
1,5,5,-4,0.33333333333333337,7,0,0.0,0.0,0.0,False,0.24301343,0,300_linkedin_4398474947,300,linkedin_4398474947
5,9,0,5,0.0,4,1,0.25,0.1111111111111111,0.0,False,0.289873,0,748_linkedin_4403747957,748,linkedin_4403747957
5,4,5,0,1.0,19,1,0.05263157894736842,0.25,0.2,False,0.3218029,0,752_linkedin_4399739959,752,linkedin_4399739959
12,9,8,4,0.5555555555555556,26,2,0.07692307692307693,0.2222222222222222,0.2,False,0.34857696,0,141_linkedin_4299758880,141,linkedin_4299758880
8,4,0,8,0.0,24,3,0.125,0.75,0.14285714285714285,True,0.50620884,0,664_linkedin_4402929948,664,linkedin_4402929948
12,10,0,12,0.0,20,1,0.05,0.1,0.0,False,0.51860154,0,22_linkedin_4248973350,22,linkedin_4248973350
8,9,0,8,0.0,31,1,0.03225806451612903,0.1111111111111111,0.0,False,0.28691557,0,17_linkedin_4401925667,17,linkedin_4401925667
12,10,2,10,0.0,10,0,0.0,0.0,0.0,False,0.23993616,0,118_linkedin_4344686674,118,linkedin_4344686674
5,7,0,5,0.0,11,0,0.0,0.0,0.0,False,0.35138485,0,569_linkedin_4390835113,569,linkedin_4390835113
4,7,0,4,0.0,19,0,0.0,0.0,0.125,False,0.38619688,0,219_linkedin_4378784962,219,linkedin_4378784962
3,6,0,3,0.0,26,0,0.0,0.0,0.0,False,0.33946183,0,230_linkedin_4293859520,230,linkedin_4293859520
4,8,8,-4,0.5555555555555556,15,0,0.0,0.0,0.1,False,0.35901675,0,106_linkedin_4299772363,106,linkedin_4299772363
1,6,0,1,0.0,11,0,0.0,0.0,0.0,False,0.26284033,0,53_linkedin_4114568975,53,linkedin_4114568975
11,7,8,3,0.6666666666666667,21,6,0.2857142857142857,0.8571428571428571,0.3333333333333333,False,0.63825357,0,515_linkedin_4402753679,515,linkedin_4402753679
2,6,8,-6,0.33333333333333337,11,1,0.09090909090909091,0.16666666666666666,0.0,False,0.45935455,0,176_linkedin_4403368647,176,linkedin_4403368647
1,5,2,-1,0.6666666666666667,24,0,0.0,0.0,0.0,True,0.29399705,0,171_linkedin_4398356168,171,linkedin_4398356168
3,8,5,-2,0.6666666666666667,12,1,0.08333333333333333,0.125,0.0,False,0.5558793,0,81_linkedin_4341827410,81,linkedin_4341827410
3,7,8,-5,0.4444444444444444,16,0,0.0,0.0,0.0,False,0.39217293,0,183_linkedin_4407191616,183,linkedin_4407191616
6,7,5,1,0.8333333333333334,9,0,0.0,0.0,0.0,False,0.22847943,0,590_linkedin_4364800929,590,linkedin_4364800929
4,7,0,4,0.0,10,0,0.0,0.0,0.0,False,0.33580306,0,225_linkedin_4401519586,225,linkedin_4401519586
4,7,5,-1,0.8333333333333334,27,2,0.07407407407407407,0.2857142857142857,0.0,False,0.38563713,0,268_linkedin_4408779008,268,linkedin_4408779008
3,8,0,3,0.0,29,2,0.06896551724137931,0.25,0.0,False,0.34624377,0,819_linkedin_4407424753,819,linkedin_4407424753
6,6,5,1,0.8333333333333334,6,1,0.16666666666666666,0.16666666666666666,0.0,False,0.38958538,0,255_linkedin_4407467862,255,linkedin_4407467862
2,7,2,0,1.0,19,3,0.15789473684210525,0.42857142857142855,0.0,False,0.43282914,0,566_linkedin_4345351504,566,linkedin_4345351504
1,7,5,-4,0.33333333333333337,4,0,0.0,0.0,0.0,False,0.18796451,0,224_linkedin_4397519592,224,linkedin_4397519592
2,6,0,2,0.0,16,1,0.0625,0.16666666666666666,0.0,False,0.40019235,0,50_linkedin_4405367193,50,linkedin_4405367193
8,9,0,8,0.0,7,0,0.0,0.0,0.0,False,0.23477702,0,17_linkedin_4397191010,17,linkedin_4397191010
1,6,0,1,0.0,18,1,0.05555555555555555,0.16666666666666666,0.0,False,0.38516694,0,607_linkedin_4389806770,607,linkedin_4389806770
5,6,5,0,1.0,14,0,0.0,0.0,0.0,False,0.09819321,0,253_linkedin_4389281747,253,linkedin_4389281747
12,7,0,12,0.0,16,0,0.0,0.0,0.0,False,0.26465425,0,227_linkedin_4346336269,227,linkedin_4346336269
1,6,0,1,0.0,15,1,0.06666666666666667,0.16666666666666666,0.3333333333333333,False,0.54693985,0,75_linkedin_4404302972,75,linkedin_4404302972
10,9,0,10,0.0,15,2,0.13333333333333333,0.2222222222222222,0.0,False,0.4581561,0,114_linkedin_4292937300,114,linkedin_4292937300
9,9,5,4,0.33333333333333337,18,0,0.0,0.0,0.3333333333333333,False,0.48542204,0,63_linkedin_4399022535,63,linkedin_4399022535
4,7,0,4,0.0,13,0,0.0,0.0,0.25,False,0.3537491,0,559_linkedin_4399398705,559,linkedin_4399398705
15,9,0,15,0.0,27,1,0.037037037037037035,0.1111111111111111,0.0,False,0.22364545,0,200_linkedin_4406429848,200,linkedin_4406429848
5,8,0,5,0.0,21,1,0.047619047619047616,0.125,0.0,False,0.33885807,0,177_linkedin_4397564324,177,linkedin_4397564324
1,5,0,1,0.0,25,0,0.0,0.0,0.0,False,0.26461267,0,630_linkedin_4353695429,630,linkedin_4353695429
3,8,1,2,0.0,4,0,0.0,0.0,0.0,False,0.48239756,0,12_linkedin_4408508940,12,linkedin_4408508940
2,5,0,2,0.0,21,2,0.09523809523809523,0.4,0.0,False,0.4307484,0,2_linkedin_4404078812,2,linkedin_4404078812
1,8,2,-1,0.6666666666666667,15,1,0.06666666666666667,0.125,0.3333333333333333,True,0.4923911,0,538_linkedin_4408265376,538,linkedin_4408265376
4,8,2,2,0.33333333333333337,27,4,0.14814814814814814,0.5,0.2,False,0.46177074,0,82_linkedin_4400185006,82,linkedin_4400185006
1,7,0,1,0.0,6,0,0.0,0.0,0.0,False,0.11820574,0,561_linkedin_4196604522,561,linkedin_4196604522
15,7,0,15,0.0,17,0,0.0,0.0,0.0,False,0.61101866,0,247_linkedin_4325782552,247,linkedin_4325782552
12,7,5,7,0.0,4,0,0.0,0.0,0.14285714285714285,False,0.36318937,0,227_linkedin_4404663537,227,linkedin_4404663537
1,7,5,-4,0.33333333333333337,13,0,0.0,0.0,0.0,False,0.27248505,0,224_linkedin_4371682863,224,linkedin_4371682863
3,5,2,1,0.6666666666666667,18,0,0.0,0.0,0.0,False,0.429146,0,807_linkedin_4397274613,807,linkedin_4397274613
8,9,0,8,0.0,2,0,0.0,0.0,0.0,False,0.45220396,0,138_linkedin_4399844015,138,linkedin_4399844015
8,9,0,8,0.0,29,4,0.13793103448275862,0.4444444444444444,0.0,False,0.57436395,0,17_linkedin_4328527621,17,linkedin_4328527621
6,2,0,6,0.0,19,0,0.0,0.0,0.0,False,0.29270402,0,682_linkedin_4403004354,682,linkedin_4403004354
7,7,2,5,0.0,16,0,0.0,0.0,0.0,False,0.41850403,0,560_linkedin_4323505510,560,linkedin_4323505510
12,7,2,10,0.0,22,0,0.0,0.0,0.3333333333333333,False,0.53270036,0,227_linkedin_4387910645,227,linkedin_4387910645
6,7,5,1,0.8333333333333334,29,0,0.0,0.0,0.0,False,0.33505455,0,590_linkedin_4402376304,590,linkedin_4402376304
12,9,0,12,0.0,22,0,0.0,0.0,0.0,False,0.3463081,0,141_linkedin_4402577824,141,linkedin_4402577824
10,7,0,10,0.0,6,0,0.0,0.0,0.25,False,0.3970295,0,261_linkedin_4395974711,261,linkedin_4395974711
2,6,8,-6,0.33333333333333337,24,2,0.08333333333333333,0.3333333333333333,0.0,False,0.45205888,0,50_linkedin_4404804267,50,linkedin_4404804267
8,7,8,0,1.0,13,0,0.0,0.0,0.0,False,0.1728033,0,529_linkedin_4392508422,529,linkedin_4392508422
7,7,0,7,0.0,10,0,0.0,0.0,0.0,False,0.41505033,0,565_linkedin_4399509733,565,linkedin_4399509733
8,7,0,8,0.0,23,0,0.0,0.0,0.5,True,0.34520715,0,264_linkedin_4398047748,264,linkedin_4398047748
8,8,8,0,1.0,16,5,0.3125,0.625,0.4,False,0.62743783,0,540_linkedin_4403392798,540,linkedin_4403392798
8,9,8,0,1.0,12,5,0.4166666666666667,0.5555555555555556,0.0,False,0.64134747,0,666_linkedin_4312697868,666,linkedin_4312697868
9,7,0,9,0.0,3,0,0.0,0.0,0.0,False,0.3683252,0,241_linkedin_4388463696,241,linkedin_4388463696
9,8,0,9,0.0,31,1,0.03225806451612903,0.125,0.3333333333333333,False,0.1478122,0,581_linkedin_4401925667,581,linkedin_4401925667
4,8,8,-4,0.5555555555555556,31,0,0.0,0.0,0.0,False,0.326274,0,127_linkedin_4403886522,127,linkedin_4403886522
12,7,0,12,0.0,20,1,0.05,0.14285714285714285,0.0,False,0.21224554,0,520_linkedin_4383139973,520,linkedin_4383139973
6,7,0,6,0.0,25,0,0.0,0.0,0.0,False,0.37744927,0,244_linkedin_4390726161,244,linkedin_4390726161
2,6,2,0,1.0,10,0,0.0,0.0,0.0,False,0.3274872,0,176_linkedin_4371859260,176,linkedin_4371859260
5,6,2,3,0.0,13,0,0.0,0.0,0.0,False,0.3178431,0,614_linkedin_4409045536,614,linkedin_4409045536
11,7,0,11,0.0,25,0,0.0,0.0,0.0,False,0.37108472,0,515_linkedin_4390726161,515,linkedin_4390726161
9,7,0,9,0.0,7,0,0.0,0.0,0.5,False,0.41731602,0,570_linkedin_4386983058,570,linkedin_4386983058
15,5,5,10,0.0,11,0,0.0,0.0,0.0,False,0.42340595,0,310_linkedin_4399141297,310,linkedin_4399141297
1,6,0,1,0.0,9,0,0.0,0.0,0.0,False,0.2463567,0,77_linkedin_4388571978,77,linkedin_4388571978
1,6,0,1,0.0,15,2,0.13333333333333333,0.3333333333333333,0.0,False,0.5310415,0,145_linkedin_4404302967,145,linkedin_4404302967
2,6,0,2,0.0,11,1,0.09090909090909091,0.16666666666666666,0.0,False,0.27847177,0,100_linkedin_4248785248,100,linkedin_4248785248
15,9,5,10,0.0,12,0,0.0,0.0,0.0,False,0.44529498,0,200_linkedin_4396653788,200,linkedin_4396653788
10,7,5,5,0.16666666666666663,19,0,0.0,0.0,0.0,False,0.2534893,0,245_linkedin_4322258118,245,linkedin_4322258118
5,2,0,5,0.0,30,2,0.06666666666666667,1.0,0.0,False,0.27087045,0,734_linkedin_4386153636,734,linkedin_4386153636
6,7,0,6,0.0,12,0,0.0,0.0,0.0,False,0.48460144,0,282_linkedin_4394457541,282,linkedin_4394457541
1,5,0,1,0.0,34,0,0.0,0.0,0.0,False,0.4102309,0,309_linkedin_4321393596,309,linkedin_4321393596
10,7,2,8,0.0,16,0,0.0,0.0,1.0,False,0.5826657,0,293_linkedin_4402922325,293,linkedin_4402922325
5,9,2,3,0.0,19,1,0.05263157894736842,0.1111111111111111,0.5,False,0.4496511,0,746_linkedin_4352604064,746,linkedin_4352604064
9,9,2,7,0.0,14,1,0.07142857142857142,0.1111111111111111,0.3333333333333333,False,0.3798225,0,110_linkedin_4404031827,110,linkedin_4404031827
8,7,8,0,1.0,16,0,0.0,0.0,0.0,False,0.32718408,0,228_linkedin_4403389903,228,linkedin_4403389903
9,9,0,9,0.0,29,0,0.0,0.0,0.0,False,0.31903538,0,66_linkedin_4378954930,66,linkedin_4378954930
10,7,1,9,0.0,25,0,0.0,0.0,0.0,False,0.22482938,0,245_linkedin_4302530492,245,linkedin_4302530492
5,6,0,5,0.0,22,1,0.045454545454545456,0.16666666666666666,0.0,True,0.40143207,0,803_linkedin_4379621296,803,linkedin_4379621296
13,10,8,5,0.4444444444444444,24,0,0.0,0.0,0.0,False,0.4676333,0,43_linkedin_4403519517,43,linkedin_4403519517
5,7,2,3,0.0,12,0,0.0,0.0,0.0,False,0.42083502,0,274_linkedin_4408787976,274,linkedin_4408787976
5,3,5,0,1.0,4,0,0.0,0.0,0.0,False,0.3751299,0,714_linkedin_4406505366,714,linkedin_4406505366
9,7,2,7,0.0,18,0,0.0,0.0,0.0,False,0.047713894,0,275_linkedin_4398204936,275,linkedin_4398204936
2,5,0,2,0.0,14,0,0.0,0.0,0.0,False,0.4525288,0,174_linkedin_4408586618,174,linkedin_4408586618
14,9,0,14,0.0,9,1,0.1111111111111111,0.1111111111111111,0.0,True,0.39304596,0,164_linkedin_4401071747,164,linkedin_4401071747
9,7,2,7,0.0,16,0,0.0,0.0,0.6666666666666666,False,0.55759543,0,292_linkedin_4402922325,292,linkedin_4402922325
9,8,0,9,0.0,21,0,0.0,0.0,0.0,False,0.57752967,0,536_linkedin_4387823551,536,linkedin_4387823551
5,2,5,0,1.0,9,1,0.1111111111111111,0.5,0.0,False,0.50953084,0,720_linkedin_4406702125,720,linkedin_4406702125
10,6,2,8,0.0,12,0,0.0,0.0,0.0,False,0.48453435,0,621_linkedin_4403943434,621,linkedin_4403943434
4,7,0,4,0.0,6,0,0.0,0.0,0.0,False,0.330258,0,225_linkedin_4405289858,225,linkedin_4405289858
1,6,5,-4,0.33333333333333337,4,0,0.0,0.0,0.0,False,0.37421054,0,27_linkedin_4398696645,27,linkedin_4398696645
5,9,5,0,1.0,15,6,0.4,0.6666666666666666,0.0,False,0.6805716,0,668_linkedin_4371136616,668,linkedin_4371136616
8,7,2,6,0.0,6,1,0.16666666666666666,0.14285714285714285,0.0,False,0.324352,0,228_linkedin_4406379621,228,linkedin_4406379621
2,5,8,-6,0.33333333333333337,20,0,0.0,0.0,0.5,False,0.45753798,0,126_linkedin_4251866481,126,linkedin_4251866481
2,7,2,0,1.0,26,0,0.0,0.0,0.0,False,0.29606172,0,594_linkedin_4404313304,594,linkedin_4404313304
5,9,2,3,0.0,19,2,0.10526315789473684,0.2222222222222222,0.0,False,0.40557334,0,702_linkedin_4400904678,702,linkedin_4400904678
5,7,8,-3,0.6666666666666667,5,0,0.0,0.0,0.0,False,0.3557644,0,274_linkedin_4399728037,274,linkedin_4399728037
9,7,5,4,0.33333333333333337,15,0,0.0,0.0,0.3333333333333333,False,0.3825686,0,241_linkedin_4363062982,241,linkedin_4363062982
8,7,0,8,0.0,5,0,0.0,0.0,0.0,False,0.35728663,0,519_linkedin_4398207333,519,linkedin_4398207333
2,7,1,1,0.5,14,1,0.07142857142857142,0.14285714285714285,0.5,False,0.5402618,0,221_linkedin_4399987589,221,linkedin_4399987589
5,8,5,0,1.0,19,0,0.0,0.0,0.0,False,0.2547347,0,535_linkedin_4399739959,535,linkedin_4399739959
3,5,0,3,0.0,29,0,0.0,0.0,0.0,False,0.31377116,0,299_linkedin_4378954930,299,linkedin_4378954930
3,8,0,3,0.0,11,0,0.0,0.0,0.0,False,0.2787142,0,105_linkedin_4350925352,105,linkedin_4350925352
1,5,0,1,0.0,16,0,0.0,0.0,0.0,False,0.41019502,0,300_linkedin_4384724835,300,linkedin_4384724835
1,6,0,1,0.0,30,0,0.0,0.0,0.0,False,0.36499336,0,269_linkedin_4399676095,269,linkedin_4399676095
4,8,0,4,0.0,28,3,0.10714285714285714,0.375,0.0,False,0.5779787,0,132_linkedin_4275595150,132,linkedin_4275595150
10,7,2,8,0.0,15,1,0.06666666666666667,0.14285714285714285,0.1,False,0.5039647,0,261_linkedin_4405617737,261,linkedin_4405617737
20,7,0,20,0.0,11,0,0.0,0.0,0.0,False,0.33943793,0,638_linkedin_4345037894,638,linkedin_4345037894
7,6,0,7,0.0,10,0,0.0,0.0,0.0,False,0.2712292,0,608_linkedin_4405414432,608,linkedin_4405414432
3,6,5,-2,0.6666666666666667,17,1,0.058823529411764705,0.16666666666666666,0.0,False,0.17171976,0,767_linkedin_4355100899,767,linkedin_4355100899
9,7,0,9,0.0,15,0,0.0,0.0,0.0,False,0.5351995,0,550_linkedin_4238704831,550,linkedin_4238704831
2,6,2,0,1.0,27,4,0.14814814814814814,0.6666666666666666,0.5,False,0.48789197,0,100_linkedin_4400810186,100,linkedin_4400810186
2,6,0,2,0.0,22,4,0.18181818181818182,0.6666666666666666,0.3333333333333333,False,0.6541977,0,52_linkedin_4228312777,52,linkedin_4228312777
5,8,8,-3,0.6666666666666667,5,0,0.0,0.0,0.0,False,0.45706177,0,152_linkedin_4403911168,152,linkedin_4403911168
2,6,2,0,1.0,21,1,0.047619047619047616,0.16666666666666666,0.2,False,0.37658858,0,248_linkedin_4387941908,248,linkedin_4387941908
4,8,5,-1,0.8333333333333334,9,0,0.0,0.0,0.16666666666666666,False,0.54732734,0,132_linkedin_4406555146,132,linkedin_4406555146
15,7,5,10,0.0,20,0,0.0,0.0,0.0,False,0.5069877,0,231_linkedin_4403919814,231,linkedin_4403919814
1,5,0,1,0.0,10,0,0.0,0.0,0.0,False,0.3758301,0,3_linkedin_4403974969,3,linkedin_4403974969
8,7,0,8,0.0,13,0,0.0,0.0,0.0,False,0.29001948,0,250_linkedin_4399398705,250,linkedin_4399398705
5,9,5,0,1.0,38,7,0.18421052631578946,0.7777777777777778,0.5,False,0.52807575,0,668_linkedin_4392471636,668,linkedin_4392471636
5,9,0,5,0.0,21,0,0.0,0.0,0.0,False,0.24048385,0,703_linkedin_4397564324,703,linkedin_4397564324
6,7,0,6,0.0,15,1,0.06666666666666667,0.14285714285714285,0.0,False,0.4274643,0,223_linkedin_4404302972,223,linkedin_4404302972
11,7,5,6,0.0,7,0,0.0,0.0,0.3333333333333333,False,0.49734786,0,285_linkedin_4399948538,285,linkedin_4399948538
7,7,2,5,0.0,17,0,0.0,0.0,0.0,False,0.34343177,0,511_linkedin_4406630830,511,linkedin_4406630830
2,6,0,2,0.0,4,0,0.0,0.0,0.3333333333333333,False,0.4433052,0,615_linkedin_4320542869,615,linkedin_4320542869
4,7,0,4,0.0,10,0,0.0,0.0,0.2,False,0.38617826,0,219_linkedin_4406510202,219,linkedin_4406510202
1,6,5,-4,0.33333333333333337,13,0,0.0,0.0,0.3333333333333333,False,0.26270235,0,27_linkedin_4400524000,27,linkedin_4400524000
13,10,2,11,0.0,17,0,0.0,0.0,0.0,False,0.19463488,0,70_linkedin_4387283659,70,linkedin_4387283659
2,5,2,0,1.0,30,3,0.1,0.6,0.0,False,0.4268928,0,172_linkedin_4402254894,172,linkedin_4402254894
7,9,2,5,0.0,24,0,0.0,0.0,0.0,False,0.42110598,0,158_linkedin_4409002192,158,linkedin_4409002192
7,8,5,2,0.6666666666666667,12,0,0.0,0.0,0.0,False,0.24146351,0,533_linkedin_4401909884,533,linkedin_4401909884
9,7,2,7,0.0,4,0,0.0,0.0,0.5,False,0.3961035,0,212_linkedin_4406479332,212,linkedin_4406479332
10,6,0,10,0.0,6,0,0.0,0.0,0.5,False,0.33489224,0,609_linkedin_4402766483,609,linkedin_4402766483
2,7,2,0,1.0,15,0,0.0,0.0,0.3333333333333333,False,0.4118873,0,566_linkedin_4407860783,566,linkedin_4407860783
3,9,5,-2,0.6666666666666667,21,3,0.14285714285714285,0.3333333333333333,0.2,False,0.49035782,0,811_linkedin_4406543085,811,linkedin_4406543085
1,6,0,1,0.0,25,4,0.16,0.6666666666666666,0.6666666666666666,False,0.6190861,0,101_linkedin_4364302087,101,linkedin_4364302087
3,8,1,2,0.0,23,0,0.0,0.0,0.0,False,0.18472698,0,33_linkedin_4372539303,33,linkedin_4372539303
8,10,0,8,0.0,23,2,0.08695652173913043,0.2,0.4,False,0.5803435,0,85_linkedin_4402976861,85,linkedin_4402976861
2,6,0,2,0.0,29,0,0.0,0.0,0.0,False,0.23733713,0,615_linkedin_4387690365,615,linkedin_4387690365
2,8,1,1,0.5,5,0,0.0,0.0,0.0,False,0.0654575,0,545_linkedin_4407142943,545,linkedin_4407142943
2,7,0,2,0.0,15,0,0.0,0.0,0.25,False,0.5908902,0,232_linkedin_4099100851,232,linkedin_4099100851
4,8,0,4,0.0,21,1,0.047619047619047616,0.125,0.0,False,0.24710271,0,108_linkedin_4388787599,108,linkedin_4388787599
2,6,0,2,0.0,19,3,0.15789473684210525,0.5,0.2,False,0.51623785,0,100_linkedin_4402880781,100,linkedin_4402880781
9,7,0,9,0.0,21,0,0.0,0.0,0.6666666666666666,False,0.43865833,0,292_linkedin_4397564324,292,linkedin_4397564324
11,7,0,11,0.0,12,0,0.0,0.0,0.0,False,0.3550238,0,285_linkedin_4404372351,285,linkedin_4404372351
2,5,0,2,0.0,18,1,0.05555555555555555,0.2,0.0,False,0.43993056,0,174_linkedin_4377852756,174,linkedin_4377852756
9,9,2,7,0.0,12,0,0.0,0.0,0.0,False,0.3589771,0,42_linkedin_4298975318,42,linkedin_4298975318
1,5,0,1,0.0,2,0,0.0,0.0,0.5,False,0.52849996,0,123_linkedin_4405024859,123,linkedin_4405024859
1,6,1,0,1.0,8,0,0.0,0.0,0.0,False,0.2823184,0,169_linkedin_4364397936,169,linkedin_4364397936
9,7,2,7,0.0,14,0,0.0,0.0,0.0,False,0.21014793,0,212_linkedin_4404031827,212,linkedin_4404031827
10,7,1,9,0.0,9,0,0.0,0.0,0.0,False,0.42574334,0,293_linkedin_4404644318,293,linkedin_4404644318
5,7,8,-3,0.6666666666666667,12,0,0.0,0.0,0.0,False,0.25910285,0,596_linkedin_4306125314,596,linkedin_4306125314
10,8,2,8,0.0,7,1,0.14285714285714285,0.125,0.0,False,0.26219034,0,642_linkedin_4406068865,642,linkedin_4406068865
15,6,5,10,0.0,21,0,0.0,0.0,0.6666666666666666,False,0.6758261,0,632_linkedin_4402429137,632,linkedin_4402429137
6,7,8,-2,0.7777777777777778,21,0,0.0,0.0,0.0,False,0.33576924,0,215_linkedin_4404204086,215,linkedin_4404204086
5,7,0,5,0.0,28,1,0.03571428571428571,0.14285714285714285,0.0,False,0.2866825,0,569_linkedin_4370506836,569,linkedin_4370506836
7,7,0,7,0.0,22,0,0.0,0.0,0.3333333333333333,False,0.37416527,0,279_linkedin_4382707626,279,linkedin_4382707626
2,5,1,1,0.5,24,4,0.16666666666666666,0.8,0.0,False,0.57554203,0,2_linkedin_4393837243,2,linkedin_4393837243
4,8,0,4,0.0,13,0,0.0,0.0,0.0,False,0.2671248,0,127_linkedin_4333791788,127,linkedin_4333791788
13,8,8,5,0.4444444444444444,22,0,0.0,0.0,0.0,False,0.31996226,0,194_linkedin_4294988990,194,linkedin_4294988990
1,5,0,1,0.0,13,1,0.07692307692307693,0.2,0.0,False,0.28473866,0,1_linkedin_4404103247,1,linkedin_4404103247
5,7,1,4,0.0,5,1,0.2,0.14285714285714285,0.0,False,0.12184996,0,670_linkedin_4407142943,670,linkedin_4407142943
1,6,0,1,0.0,9,1,0.1111111111111111,0.16666666666666666,0.3333333333333333,True,0.5993203,0,29_linkedin_4401071747,29,linkedin_4401071747
3,9,2,1,0.6666666666666667,18,3,0.16666666666666666,0.3333333333333333,0.5,False,0.60819256,0,777_linkedin_4402454790,777,linkedin_4402454790
1,6,0,1,0.0,12,3,0.25,0.5,0.3333333333333333,False,0.7325501,0,101_linkedin_4399913337,101,linkedin_4399913337
1,6,0,1,0.0,23,0,0.0,0.0,0.5,True,0.51711637,0,243_linkedin_4398047748,243,linkedin_4398047748
2,5,2,0,1.0,20,3,0.15,0.6,1.0,False,0.71295714,0,122_linkedin_4399214810,122,linkedin_4399214810
3,7,5,-2,0.6666666666666667,18,0,0.0,0.0,0.0,False,0.24040627,0,246_linkedin_4406409276,246,linkedin_4406409276
11,8,8,3,0.6666666666666667,21,0,0.0,0.0,0.0,False,0.2767611,0,537_linkedin_4404204086,537,linkedin_4404204086
1,6,0,1,0.0,18,1,0.05555555555555555,0.16666666666666666,0.5,True,0.34378135,0,101_linkedin_4406951424,101,linkedin_4406951424
2,7,0,2,0.0,4,0,0.0,0.0,0.0,False,0.38567483,0,221_linkedin_4390682886,221,linkedin_4390682886
2,5,2,0,1.0,18,2,0.1111111111111111,0.4,0.5,True,0.6994845,0,2_linkedin_4402455762,2,linkedin_4402455762
12,10,5,7,0.0,25,1,0.04,0.1,0.0,False,0.31643915,0,72_linkedin_4407907600,72,linkedin_4407907600
2,6,5,-3,0.5,20,1,0.05,0.16666666666666666,0.2,False,0.47506148,0,150_linkedin_4366742804,150,linkedin_4366742804
5,8,8,-3,0.6666666666666667,17,1,0.058823529411764705,0.125,0.0,False,0.33533025,0,8_linkedin_4404980235,8,linkedin_4404980235
8,9,5,3,0.5,20,1,0.05,0.1111111111111111,0.0,False,0.14852704,0,667_linkedin_4403751520,667,linkedin_4403751520
7,8,5,2,0.6666666666666667,6,0,0.0,0.0,0.25,False,0.47894,0,161_linkedin_4408267070,161,linkedin_4408267070
12,6,5,7,0.0,6,0,0.0,0.0,1.0,False,0.42449808,0,626_linkedin_4407467862,626,linkedin_4407467862
2,6,2,0,1.0,13,1,0.07692307692307693,0.16666666666666666,0.25,False,0.40471542,0,78_linkedin_4409052156,78,linkedin_4409052156
7,8,8,-1,0.8888888888888888,24,1,0.041666666666666664,0.125,0.0,False,0.34649086,0,544_linkedin_4404692919,544,linkedin_4404692919
10,7,0,10,0.0,20,0,0.0,0.0,0.5,False,0.45072538,0,557_linkedin_4400518203,557,linkedin_4400518203
7,8,0,7,0.0,18,1,0.05555555555555555,0.125,0.0,False,0.25038305,0,544_linkedin_4406667578,544,linkedin_4406667578
6,6,5,1,0.8333333333333334,24,1,0.041666666666666664,0.16666666666666666,0.42857142857142855,False,0.5634434,0,601_linkedin_4393142536,601,linkedin_4393142536
8,5,1,7,0.0,12,0,0.0,0.0,0.0,False,0.28719252,0,303_linkedin_4398958152,303,linkedin_4398958152
5,9,0,5,0.0,16,1,0.0625,0.1111111111111111,0.0,False,0.36885124,0,838_linkedin_4401925723,838,linkedin_4401925723
4,8,0,4,0.0,23,0,0.0,0.0,0.0,False,0.36199233,0,182_linkedin_4401668320,182,linkedin_4401668320
8,9,2,6,0.0,13,1,0.07692307692307693,0.1111111111111111,0.0,True,0.35971707,0,133_linkedin_4398838741,133,linkedin_4398838741
7,7,0,7,0.0,16,0,0.0,0.0,0.0,False,0.4342091,0,523_linkedin_4387421841,523,linkedin_4387421841
8,9,5,3,0.5,20,0,0.0,0.0,0.0,False,0.2515978,0,90_linkedin_4403751520,90,linkedin_4403751520
5,2,5,0,1.0,24,1,0.041666666666666664,0.5,0.0,False,0.42143318,0,735_linkedin_4311828062,735,linkedin_4311828062
15,7,5,10,0.0,17,0,0.0,0.0,0.0,False,0.38162884,0,247_linkedin_4357742792,247,linkedin_4357742792
4,7,2,2,0.33333333333333337,16,0,0.0,0.0,0.5,False,0.48327643,0,295_linkedin_4395806811,295,linkedin_4395806811
7,5,8,-1,0.8888888888888888,20,0,0.0,0.0,0.0,False,0.24297799,0,296_linkedin_4401019767,296,linkedin_4401019767
2,6,2,0,1.0,17,2,0.11764705882352941,0.3333333333333333,0.0,False,0.18420416,0,176_linkedin_4387283659,176,linkedin_4387283659
2,5,0,2,0.0,15,0,0.0,0.0,0.3333333333333333,False,0.40790623,0,126_linkedin_4339855979,126,linkedin_4339855979
7,7,0,7,0.0,10,1,0.1,0.14285714285714285,0.3333333333333333,False,0.422395,0,565_linkedin_4402754398,565,linkedin_4402754398
3,7,0,3,0.0,16,0,0.0,0.0,0.3333333333333333,False,0.34865835,0,290_linkedin_4406640355,290,linkedin_4406640355
5,6,5,0,1.0,17,0,0.0,0.0,0.0,False,0.30855653,0,623_linkedin_4403784076,623,linkedin_4403784076
1,6,0,1,0.0,17,4,0.23529411764705882,0.6666666666666666,1.0,False,0.6757451,0,29_linkedin_4255987276,29,linkedin_4255987276
4,8,5,-1,0.8333333333333334,26,0,0.0,0.0,0.0,False,0.22400936,0,82_linkedin_4400719877,82,linkedin_4400719877
5,2,2,3,0.0,4,0,0.0,0.0,0.0,False,0.30663928,0,735_linkedin_4373531640,735,linkedin_4373531640
1,6,0,1,0.0,29,0,0.0,0.0,0.25,False,0.31239972,0,147_linkedin_4407425120,147,linkedin_4407425120
1,6,5,-4,0.33333333333333337,12,1,0.08333333333333333,0.16666666666666666,0.0,False,0.24002019,0,73_linkedin_4401909884,73,linkedin_4401909884
9,6,2,7,0.0,12,0,0.0,0.0,0.0,False,0.14889896,0,525_linkedin_4402960543,525,linkedin_4402960543
10,4,5,5,0.16666666666666663,23,1,0.043478260869565216,0.25,0.5,False,0.3455084,0,760_linkedin_4374708361,760,linkedin_4374708361
7,7,0,7,0.0,13,1,0.07692307692307693,0.14285714285714285,0.3333333333333333,False,0.27409303,0,240_linkedin_3900248708,240,linkedin_3900248708
5,8,2,3,0.0,12,0,0.0,0.0,0.25,False,0.3714697,0,35_linkedin_4298975318,35,linkedin_4298975318
12,7,8,4,0.5555555555555556,22,0,0.0,0.0,0.0,False,0.28621313,0,238_linkedin_4294988990,238,linkedin_4294988990
5,8,0,5,0.0,13,0,0.0,0.0,0.0,False,0.21448533,0,131_linkedin_4243139130,131,linkedin_4243139130
2,7,0,2,0.0,18,0,0.0,0.0,0.0,False,0.22685263,0,584_linkedin_4389806770,584,linkedin_4389806770
1,5,1,0,1.0,24,3,0.125,0.6,0.0,False,0.44557232,0,5_linkedin_4393837243,5,linkedin_4393837243
12,6,1,11,0.0,30,0,0.0,0.0,0.0,False,0.35319033,0,626_linkedin_4338403103,626,linkedin_4338403103
9,9,2,7,0.0,24,1,0.041666666666666664,0.1111111111111111,0.0,False,0.4399106,0,63_linkedin_4388465577,63,linkedin_4388465577
1,6,0,1,0.0,8,0,0.0,0.0,0.0,False,0.21195856,0,73_linkedin_4397375613,73,linkedin_4397375613
2,5,5,-3,0.5,16,0,0.0,0.0,0.0,False,0.34220573,0,304_linkedin_4361767255,304,linkedin_4361767255
7,7,0,7,0.0,10,0,0.0,0.0,0.0,False,0.3161676,0,240_linkedin_4404669421,240,linkedin_4404669421
1,6,5,-4,0.33333333333333337,28,4,0.14285714285714285,0.6666666666666666,0.25,False,0.6213832,0,29_linkedin_4406539362,29,linkedin_4406539362
9,7,0,9,0.0,6,0,0.0,0.0,0.1,False,0.39258903,0,591_linkedin_4407162903,591,linkedin_4407162903
9,9,2,7,0.0,12,0,0.0,0.0,0.0,False,0.3132667,0,18_linkedin_4404071457,18,linkedin_4404071457
0,7,5,-5,0.16666666666666663,14,0,0.0,0.0,0.5,False,0.42194033,0,555_linkedin_4382112242,555,linkedin_4382112242
1,6,0,1,0.0,18,2,0.1111111111111111,0.3333333333333333,0.25,False,0.51762015,0,27_linkedin_4374029127,27,linkedin_4374029127
6,7,0,6,0.0,29,2,0.06896551724137931,0.2857142857142857,0.0,False,0.30601728,0,567_linkedin_4378954930,567,linkedin_4378954930
7,7,2,5,0.0,10,0,0.0,0.0,0.25,False,0.49203187,0,547_linkedin_4344686674,547,linkedin_4344686674
10,6,0,10,0.0,6,0,0.0,0.0,0.0,False,0.2105686,0,609_linkedin_4397214853,609,linkedin_4397214853
4,8,0,4,0.0,29,0,0.0,0.0,0.0,False,0.22240049,0,132_linkedin_4378954930,132,linkedin_4378954930
15,7,0,15,0.0,19,1,0.05263157894736842,0.14285714285714285,0.0,False,0.320009,0,231_linkedin_4378784962,231,linkedin_4378784962
13,9,2,11,0.0,12,0,0.0,0.0,0.2,False,0.33957404,0,167_linkedin_4302730124,167,linkedin_4302730124
9,9,0,9,0.0,29,2,0.06896551724137931,0.2222222222222222,0.0,False,0.3843184,0,192_linkedin_4378971730,192,linkedin_4378971730
1,7,0,1,0.0,4,0,0.0,0.0,0.2857142857142857,False,0.33637127,0,289_linkedin_4390682886,289,linkedin_4390682886
4,7,2,2,0.33333333333333337,15,0,0.0,0.0,0.0,False,0.33011246,0,295_linkedin_4186773764,295,linkedin_4186773764
8,7,0,8,0.0,30,0,0.0,0.0,0.0,False,0.29493976,0,519_linkedin_4378335649,519,linkedin_4378335649
9,9,0,9,0.0,22,0,0.0,0.0,0.0,False,0.3890679,0,39_linkedin_4408772900,39,linkedin_4408772900
3,9,5,-2,0.6666666666666667,20,0,0.0,0.0,0.0,False,0.30118585,0,836_linkedin_4377203688,836,linkedin_4377203688
9,7,5,4,0.33333333333333337,15,0,0.0,0.0,0.0,False,0.3863268,0,292_linkedin_4344634134,292,linkedin_4344634134
2,5,2,0,1.0,15,1,0.06666666666666667,0.2,1.0,False,0.5909269,0,122_linkedin_4395864397,122,linkedin_4395864397
4,7,0,4,0.0,14,0,0.0,0.0,0.09090909090909091,False,0.46765155,0,295_linkedin_4407335662,295,linkedin_4407335662
20,7,5,15,0.0,12,0,0.0,0.0,0.0,False,0.32685006,0,638_linkedin_4394689596,638,linkedin_4394689596
12,7,2,10,0.0,11,3,0.2727272727272727,0.42857142857142855,0.0,False,0.4439668,0,520_linkedin_4306118486,520,linkedin_4306118486
9,7,5,4,0.33333333333333337,20,0,0.0,0.0,0.0,False,0.546651,0,570_linkedin_4403919814,570,linkedin_4403919814
2,6,0,2,0.0,1,0,0.0,0.0,0.0,False,0.51301986,0,530_linkedin_4407538348,530,linkedin_4407538348
5,6,1,4,0.0,10,0,0.0,0.0,0.5,False,0.39055976,0,769_linkedin_4402237300,769,linkedin_4402237300
15,9,0,15,0.0,16,0,0.0,0.0,0.0,False,0.21709652,0,195_linkedin_4405540622,195,linkedin_4405540622
2,6,8,-6,0.33333333333333337,19,2,0.10526315789473684,0.3333333333333333,0.0,False,0.30165523,0,176_linkedin_4395484658,176,linkedin_4395484658
10,6,0,10,0.0,12,0,0.0,0.0,0.0,False,0.34462345,0,609_linkedin_4394457541,609,linkedin_4394457541
9,9,5,4,0.33333333333333337,10,0,0.0,0.0,0.0,False,0.3220362,0,192_linkedin_4394465120,192,linkedin_4394465120
7,7,1,6,0.0,15,0,0.0,0.0,0.0,False,0.32807875,0,523_linkedin_4398769407,523,linkedin_4398769407
5,4,0,5,0.0,30,2,0.06666666666666667,0.5,0.0,False,0.29681888,0,671_linkedin_4288909079,671,linkedin_4288909079
9,7,8,1,0.8888888888888888,22,0,0.0,0.0,0.0,False,0.38097563,0,292_linkedin_4294988990,292,linkedin_4294988990
2,6,0,2,0.0,18,2,0.1111111111111111,0.3333333333333333,0.0,False,0.36657423,0,98_linkedin_4374029127,98,linkedin_4374029127
1,6,0,1,0.0,29,1,0.034482758620689655,0.16666666666666666,0.0,False,0.39039412,0,607_linkedin_4378954930,607,linkedin_4378954930
2,6,1,1,0.5,9,0,0.0,0.0,0.0,False,0.3590201,0,235_linkedin_4382440549,235,linkedin_4382440549
2,7,8,-6,0.33333333333333337,12,0,0.0,0.0,0.0,False,0.32317662,0,594_linkedin_4312697868,594,linkedin_4312697868
8,9,0,8,0.0,6,0,0.0,0.0,0.4,False,0.39627114,0,157_linkedin_4204753712,157,linkedin_4204753712
9,9,2,7,0.0,19,3,0.15789473684210525,0.3333333333333333,0.0,False,0.53673106,0,42_linkedin_4381207520,42,linkedin_4381207520
4,8,0,4,0.0,11,0,0.0,0.0,0.0,False,0.35658088,0,151_linkedin_4270545927,151,linkedin_4270545927
8,7,2,6,0.0,17,0,0.0,0.0,0.3333333333333333,False,0.12188128,0,287_linkedin_4399515674,287,linkedin_4399515674
1,6,2,-1,0.6666666666666667,14,1,0.07142857142857142,0.16666666666666666,0.0,False,0.4068636,0,169_linkedin_4408743846,169,linkedin_4408743846
8,7,0,8,0.0,29,0,0.0,0.0,0.0,False,0.23284641,0,529_linkedin_4407425120,529,linkedin_4407425120
1,6,0,1,0.0,18,1,0.05555555555555555,0.16666666666666666,0.0,True,0.39245787,0,607_linkedin_4406951424,607,linkedin_4406951424
10,7,2,8,0.0,12,0,0.0,0.0,0.0,False,0.48690388,0,293_linkedin_4403943434,293,linkedin_4403943434
2,5,0,2,0.0,13,0,0.0,0.0,0.0,False,0.33654144,0,2_linkedin_4404295048,2,linkedin_4404295048
3,4,0,3,0.0,5,1,0.2,0.25,0.25,False,0.4491565,0,824_linkedin_4393563459,824,linkedin_4393563459
1,6,2,-1,0.6666666666666667,18,4,0.2222222222222222,0.6666666666666666,0.5,False,0.46019715,0,27_linkedin_4398204936,27,linkedin_4398204936
9,8,0,9,0.0,1,0,0.0,0.0,0.5,False,0.46632463,0,536_linkedin_4407327896,536,linkedin_4407327896
10,6,5,5,0.16666666666666663,16,0,0.0,0.0,0.16666666666666666,False,0.4499825,0,609_linkedin_4405005180,609,linkedin_4405005180
13,10,0,13,0.0,22,1,0.045454545454545456,0.1,0.0,False,0.39436668,0,91_linkedin_4402577824,91,linkedin_4402577824
2,6,2,0,1.0,9,0,0.0,0.0,0.0,False,0.09902771,0,78_linkedin_4330008476,78,linkedin_4330008476
2,8,0,2,0.0,21,3,0.14285714285714285,0.375,1.0,False,0.7519729,0,545_linkedin_4344535529,545,linkedin_4344535529
9,9,5,4,0.33333333333333337,17,1,0.058823529411764705,0.1111111111111111,0.6666666666666666,False,0.45511788,0,162_linkedin_4394756229,162,linkedin_4394756229
15,7,2,13,0.0,27,0,0.0,0.0,0.0,False,0.25973994,0,573_linkedin_4406980435,573,linkedin_4406980435
3,7,0,3,0.0,14,0,0.0,0.0,0.0,False,0.29599178,0,572_linkedin_4308002859,572,linkedin_4308002859
9,7,0,9,0.0,15,0,0.0,0.0,0.2,False,0.24474746,0,591_linkedin_4383643765,591,linkedin_4383643765
7,7,0,7,0.0,23,1,0.043478260869565216,0.14285714285714285,0.0,False,0.33309498,0,272_linkedin_4406572329,272,linkedin_4406572329
1,5,5,-4,0.33333333333333337,15,0,0.0,0.0,0.0,False,0.31768674,0,630_linkedin_4387246058,630,linkedin_4387246058
4,6,0,4,0.0,13,0,0.0,0.0,0.0,False,0.27229202,0,249_linkedin_4399398705,249,linkedin_4399398705
10,6,2,8,0.0,27,0,0.0,0.0,0.0,True,0.2960043,0,621_linkedin_4404906644,621,linkedin_4404906644
13,10,0,13,0.0,29,0,0.0,0.0,0.0,False,0.31010592,0,91_linkedin_4378971730,91,linkedin_4378971730
4,7,2,2,0.33333333333333337,19,0,0.0,0.0,0.0,False,0.36021546,0,280_linkedin_4398360031,280,linkedin_4398360031
5,9,5,0,1.0,15,1,0.06666666666666667,0.1111111111111111,0.0,False,0.3032116,0,820_linkedin_4407827409,820,linkedin_4407827409
12,8,0,12,0.0,19,1,0.05263157894736842,0.125,0.0,False,0.3588043,0,199_linkedin_4403226832,199,linkedin_4403226832
8,6,0,8,0.0,3,0,0.0,0.0,0.3333333333333333,False,0.37758985,0,600_linkedin_4385838524,600,linkedin_4385838524
8,8,0,8,0.0,8,0,0.0,0.0,0.0,False,0.3962979,0,186_linkedin_4341593467,186,linkedin_4341593467
1,6,5,-4,0.33333333333333337,13,0,0.0,0.0,0.0,False,0.26663783,0,169_linkedin_4405775029,169,linkedin_4405775029
12,8,0,12,0.0,6,1,0.16666666666666666,0.125,0.2,False,0.54814315,0,583_linkedin_4204753712,583,linkedin_4204753712
10,6,2,8,0.0,4,0,0.0,0.0,0.6666666666666666,False,0.6386865,0,621_linkedin_4399266480,621,linkedin_4399266480
5,4,2,3,0.0,20,2,0.1,0.5,0.0,False,0.34074554,0,717_linkedin_4395851881,717,linkedin_4395851881
2,6,5,-3,0.5,25,1,0.04,0.16666666666666666,0.16666666666666666,False,0.5009171,0,235_linkedin_4406711268,235,linkedin_4406711268
5,8,0,5,0.0,15,0,0.0,0.0,0.0,False,0.25585476,0,128_linkedin_4406155400,128,linkedin_4406155400
13,10,0,13,0.0,11,0,0.0,0.0,0.0,False,0.30074582,0,91_linkedin_4397959321,91,linkedin_4397959321
8,8,0,8,0.0,14,0,0.0,0.0,0.0,False,0.4284269,0,186_linkedin_4404449057,186,linkedin_4404449057
5,5,0,5,0.0,13,0,0.0,0.0,0.0,False,0.33784953,0,662_linkedin_4399398705,662,linkedin_4399398705
7,9,2,5,0.0,18,0,0.0,0.0,0.25,False,0.25269127,0,134_linkedin_4394456781,134,linkedin_4394456781
9,7,5,4,0.33333333333333337,3,0,0.0,0.0,0.0,False,0.32830292,0,212_linkedin_4320559278,212,linkedin_4320559278
10,7,0,10,0.0,15,0,0.0,0.0,0.0,False,0.16093127,0,271_linkedin_4306128290,271,linkedin_4306128290
9,9,2,7,0.0,21,0,0.0,0.0,0.0,False,0.520821,0,135_linkedin_4403721444,135,linkedin_4403721444
1,6,0,1,0.0,11,1,0.09090909090909091,0.16666666666666666,0.0,False,0.5397947,0,252_linkedin_4404745415,252,linkedin_4404745415
8,7,2,6,0.0,7,1,0.14285714285714285,0.14285714285714285,0.3333333333333333,False,0.54606456,0,203_linkedin_4395298696,203,linkedin_4395298696
4,8,1,3,0.0,2,0,0.0,0.0,0.0,False,0.13874207,0,180_linkedin_4373581271,180,linkedin_4373581271
9,7,5,4,0.33333333333333337,23,0,0.0,0.0,0.0,False,0.41963714,0,212_linkedin_4404172880,212,linkedin_4404172880
7,5,8,-1,0.8888888888888888,16,0,0.0,0.0,0.0,False,0.3938468,0,296_linkedin_4407191616,296,linkedin_4407191616
7,9,5,2,0.6666666666666667,24,1,0.041666666666666664,0.1111111111111111,0.14285714285714285,False,0.21722984,0,187_linkedin_4393142536,187,linkedin_4393142536
9,9,0,9,0.0,4,0,0.0,0.0,0.0,False,0.3140806,0,18_linkedin_4390682886,18,linkedin_4390682886
5,8,0,5,0.0,10,1,0.1,0.125,0.3333333333333333,False,0.5792114,0,181_linkedin_4405754682,181,linkedin_4405754682
6,7,0,6,0.0,20,0,0.0,0.0,0.0,False,0.31672937,0,244_linkedin_4393934306,244,linkedin_4393934306
5,8,2,3,0.0,15,1,0.06666666666666667,0.125,0.0,False,0.32055616,0,104_linkedin_4408282435,104,linkedin_4408282435
8,6,0,8,0.0,2,0,0.0,0.0,0.0,False,0.22203395,0,600_linkedin_4405024859,600,linkedin_4405024859
8,7,2,6,0.0,24,1,0.041666666666666664,0.14285714285714285,0.25,False,0.5274449,0,599_linkedin_4408750545,599,linkedin_4408750545
1,6,2,-1,0.6666666666666667,13,0,0.0,0.0,0.3333333333333333,False,0.559537,0,619_linkedin_4381555539,619,linkedin_4381555539
5,2,5,0,1.0,23,2,0.08695652173913043,1.0,0.0,False,0.29485726,0,734_linkedin_4387817447,734,linkedin_4387817447
12,10,0,12,0.0,18,2,0.1111111111111111,0.2,0.0,False,0.2483522,0,22_linkedin_4398102940,22,linkedin_4398102940
4,7,0,4,0.0,23,0,0.0,0.0,0.0,False,0.42762464,0,206_linkedin_4408752869,206,linkedin_4408752869
4,7,0,4,0.0,4,0,0.0,0.0,0.0,False,0.36057428,0,564_linkedin_4390682886,564,linkedin_4390682886
8,8,5,3,0.5,18,0,0.0,0.0,1.0,False,0.37707412,0,160_linkedin_4282730480,160,linkedin_4282730480
5,8,5,0,1.0,9,0,0.0,0.0,0.3333333333333333,False,0.4175662,0,152_linkedin_4400391809,152,linkedin_4400391809
13,10,2,11,0.0,10,2,0.2,0.2,0.25,False,0.565758,0,120_linkedin_4400445215,120,linkedin_4400445215
8,4,0,8,0.0,29,0,0.0,0.0,0.0,False,0.26597786,0,664_linkedin_4378971730,664,linkedin_4378971730
8,9,5,3,0.5,15,1,0.06666666666666667,0.1111111111111111,0.0,False,0.23393103,0,61_linkedin_4407912053,61,linkedin_4407912053
4,8,5,-1,0.8333333333333334,14,1,0.07142857142857142,0.125,0.25,False,0.35730582,0,79_linkedin_4382112242,79,linkedin_4382112242
8,9,2,6,0.0,6,1,0.16666666666666666,0.1111111111111111,0.25,False,0.40236685,0,17_linkedin_4408771283,17,linkedin_4408771283
3,9,5,-2,0.6666666666666667,4,1,0.25,0.1111111111111111,0.0,False,0.46880603,0,684_linkedin_4398696645,684,linkedin_4398696645
1,6,8,-7,0.2222222222222222,29,0,0.0,0.0,0.0,False,0.4964391,0,243_linkedin_4368712465,243,linkedin_4368712465
6,7,0,6,0.0,13,0,0.0,0.0,0.0,False,0.2773254,0,587_linkedin_4399398705,587,linkedin_4399398705
15,5,0,15,0.0,16,0,0.0,0.0,0.0,False,0.38832274,0,310_linkedin_4385732952,310,linkedin_4385732952
12,7,2,10,0.0,16,0,0.0,0.0,0.0,False,0.3543341,0,204_linkedin_4402922325,204,linkedin_4402922325
8,7,5,3,0.5,16,0,0.0,0.0,0.0,False,0.32758647,0,191_linkedin_4405005180,191,linkedin_4405005180
4,6,0,4,0.0,18,0,0.0,0.0,0.5,False,0.31926098,0,612_linkedin_4402124066,612,linkedin_4402124066
8,9,1,7,0.0,14,0,0.0,0.0,0.0,False,0.15830323,0,40_linkedin_4404074579,40,linkedin_4404074579
2,5,0,2,0.0,30,0,0.0,0.0,0.25,False,0.601415,0,304_linkedin_4288909079,304,linkedin_4288909079
9,7,0,9,0.0,19,0,0.0,0.0,0.0,False,0.44675058,0,550_linkedin_4339426392,550,linkedin_4339426392
5,7,0,5,0.0,13,0,0.0,0.0,0.0,False,0.22983512,0,569_linkedin_4399398705,569,linkedin_4399398705
5,8,2,3,0.0,20,3,0.15,0.375,0.0,False,0.31858978,0,177_linkedin_4402764074,177,linkedin_4402764074
5,8,5,0,1.0,12,1,0.08333333333333333,0.125,0.0,False,0.30013052,0,35_linkedin_4400784221,35,linkedin_4400784221
10,5,1,9,0.0,30,0,0.0,0.0,0.0,False,0.36899444,0,305_linkedin_4337643834,305,linkedin_4337643834
2,6,0,2,0.0,10,0,0.0,0.0,0.25,False,0.6297012,0,26_linkedin_4400184482,26,linkedin_4400184482
13,8,5,8,0.0,25,0,0.0,0.0,0.0,False,0.58345354,0,194_linkedin_4403919826,194,linkedin_4403919826
8,9,8,0,1.0,21,1,0.047619047619047616,0.1111111111111111,0.2,False,0.38607115,0,13_linkedin_4404204086,13,linkedin_4404204086
10,5,5,5,0.16666666666666663,12,0,0.0,0.0,0.0,False,0.37994254,0,305_linkedin_4287154113,305,linkedin_4287154113
2,7,2,0,1.0,22,5,0.22727272727272727,0.7142857142857143,0.6666666666666666,False,0.757658,0,221_linkedin_4387910645,221,linkedin_4387910645
5,6,0,5,0.0,22,1,0.045454545454545456,0.16666666666666666,0.0,False,0.17794266,0,258_linkedin_4382707626,258,linkedin_4382707626
20,7,1,19,0.0,15,0,0.0,0.0,0.0,False,0.21805274,0,638_linkedin_4189883376,638,linkedin_4189883376
5,9,1,4,0.0,23,0,0.0,0.0,0.0,False,0.20030226,0,837_linkedin_4372539303,837,linkedin_4372539303
13,10,2,11,0.0,19,2,0.10526315789473684,0.2,0.16666666666666666,False,0.4091957,0,95_linkedin_4398360031,95,linkedin_4398360031
8,7,5,3,0.5,24,0,0.0,0.0,0.3333333333333333,False,0.3948825,0,599_linkedin_4379973269,599,linkedin_4379973269
7,6,0,7,0.0,17,0,0.0,0.0,0.0,False,0.3518214,0,613_linkedin_4405379030,613,linkedin_4405379030
1,7,1,0,1.0,5,0,0.0,0.0,0.0,False,0.3587009,0,224_linkedin_4386720302,224,linkedin_4386720302
1,7,0,1,0.0,7,0,0.0,0.0,0.0,False,0.20095536,0,224_linkedin_4405206966,224,linkedin_4405206966
4,8,0,4,0.0,13,0,0.0,0.0,0.0,False,0.33096865,0,182_linkedin_4399398705,182,linkedin_4399398705
8,8,0,8,0.0,31,0,0.0,0.0,0.0,False,0.4240567,0,136_linkedin_4333094256,136,linkedin_4333094256
5,9,0,5,0.0,13,0,0.0,0.0,0.0,False,0.17011505,0,837_linkedin_4407138551,837,linkedin_4407138551
13,10,5,8,0.0,4,1,0.25,0.1,0.0,False,0.5180039,0,95_linkedin_4398696645,95,linkedin_4398696645
10,6,0,10,0.0,15,0,0.0,0.0,0.0,False,0.50968003,0,621_linkedin_4333946310,621,linkedin_4333946310
7,7,2,5,0.0,15,0,0.0,0.0,0.0,False,0.3097417,0,233_linkedin_4395864397,233,linkedin_4395864397
15,9,0,15,0.0,18,3,0.16666666666666666,0.3333333333333333,0.0,False,0.43823695,0,200_linkedin_4392889111,200,linkedin_4392889111
9,7,2,7,0.0,17,0,0.0,0.0,0.6666666666666666,False,0.5193367,0,570_linkedin_4401856625,570,linkedin_4401856625
2,5,0,2,0.0,29,0,0.0,0.0,0.0,False,0.3265838,0,172_linkedin_4407424753,172,linkedin_4407424753
8,2,5,3,0.5,21,2,0.09523809523809523,1.0,0.0,False,0.31532112,0,736_linkedin_4396303443,736,linkedin_4396303443
9,9,1,8,0.0,18,0,0.0,0.0,0.0,False,0.22525337,0,14_linkedin_4404507119,14,linkedin_4404507119
2,7,8,-6,0.33333333333333337,16,0,0.0,0.0,0.0,False,0.3006175,0,594_linkedin_4407191616,594,linkedin_4407191616
7,7,1,6,0.0,14,0,0.0,0.0,0.0,False,0.37280798,0,220_linkedin_4396392555,220,linkedin_4396392555
8,9,5,3,0.5,10,1,0.1,0.1111111111111111,0.16666666666666666,False,0.5429579,0,138_linkedin_4406549895,138,linkedin_4406549895
3,7,5,-2,0.6666666666666667,8,2,0.25,0.2857142857142857,0.16666666666666666,False,0.45598307,0,806_linkedin_4380570544,806,linkedin_4380570544
5,6,5,0,1.0,15,3,0.2,0.5,0.0,False,0.39566395,0,672_linkedin_4363062982,672,linkedin_4363062982
1,5,8,-7,0.2222222222222222,23,2,0.08695652173913043,0.4,0.0,False,0.44871703,0,175_linkedin_4306057934,175,linkedin_4306057934
4,7,2,2,0.33333333333333337,5,0,0.0,0.0,0.0,False,0.39559856,0,268_linkedin_4393870570,268,linkedin_4393870570
5,8,0,5,0.0,5,0,0.0,0.0,0.0,False,0.23494633,0,131_linkedin_4387295856,131,linkedin_4387295856
7,7,0,7,0.0,31,0,0.0,0.0,0.3333333333333333,False,0.22538146,0,220_linkedin_4401925667,220,linkedin_4401925667
5,8,0,5,0.0,23,1,0.043478260869565216,0.125,0.0,False,0.18013346,0,104_linkedin_4406572329,104,linkedin_4406572329
12,6,0,12,0.0,25,0,0.0,0.0,0.16666666666666666,False,0.46165276,0,626_linkedin_4390726161,626,linkedin_4390726161
1,7,8,-7,0.2222222222222222,23,2,0.08695652173913043,0.2857142857142857,1.0,False,0.5796394,0,548_linkedin_4395274556,548,linkedin_4395274556
5,9,2,3,0.0,13,0,0.0,0.0,0.0,False,0.2870718,0,838_linkedin_4398381220,838,linkedin_4398381220
5,9,1,4,0.0,6,1,0.16666666666666666,0.1111111111111111,0.0,False,0.3388202,0,747_linkedin_4404930079,747,linkedin_4404930079
3,2,0,3,0.0,20,0,0.0,0.0,0.0,False,0.45517787,0,821_linkedin_4302996033,821,linkedin_4302996033
6,7,2,4,0.0,10,0,0.0,0.0,0.0,False,0.38684684,0,590_linkedin_4371859260,590,linkedin_4371859260
15,5,2,13,0.0,19,0,0.0,0.0,0.0,False,0.33640665,0,310_linkedin_4388479235,310,linkedin_4388479235
2,6,2,0,1.0,26,1,0.038461538461538464,0.16666666666666666,0.25,False,0.3968326,0,74_linkedin_4398694292,74,linkedin_4398694292
11,7,2,9,0.0,16,0,0.0,0.0,0.3333333333333333,False,0.45032716,0,208_linkedin_4405354092,208,linkedin_4405354092
1,7,0,1,0.0,31,1,0.03225806451612903,0.14285714285714285,0.0,False,0.43544215,0,289_linkedin_4401925667,289,linkedin_4401925667
15,7,8,7,0.2222222222222222,18,0,0.0,0.0,0.0,False,0.29418764,0,211_linkedin_4372081012,211,linkedin_4372081012
5,7,5,0,1.0,14,0,0.0,0.0,0.0,False,0.40987065,0,291_linkedin_4240401443,291,linkedin_4240401443
8,9,0,8,0.0,6,0,0.0,0.0,0.0,True,0.42333883,0,133_linkedin_4204755549,133,linkedin_4204755549
9,7,0,9,0.0,28,0,0.0,0.0,0.0,False,0.53435427,0,222_linkedin_4356700164,222,linkedin_4356700164
5,8,5,0,1.0,21,0,0.0,0.0,0.0,False,0.38832694,0,152_linkedin_4396303443,152,linkedin_4396303443
14,10,2,12,0.0,22,1,0.045454545454545456,0.1,0.0,False,0.31032783,0,20_linkedin_4397674807,20,linkedin_4397674807
5,5,2,3,0.0,17,0,0.0,0.0,0.0,False,0.2938924,0,302_linkedin_4408753844,302,linkedin_4408753844
5,8,1,4,0.0,14,0,0.0,0.0,0.0,False,0.3529287,0,8_linkedin_4402273849,8,linkedin_4402273849
5,8,8,-3,0.6666666666666667,21,2,0.09523809523809523,0.25,0.0,False,0.35463697,0,177_linkedin_4404204086,177,linkedin_4404204086
8,9,1,7,0.0,15,0,0.0,0.0,0.0,False,0.3988682,0,138_linkedin_4398769407,138,linkedin_4398769407
2,5,8,-6,0.33333333333333337,17,3,0.17647058823529413,0.6,0.0,False,0.55117744,0,4_linkedin_4287387819,4,linkedin_4287387819
5,2,0,5,0.0,29,1,0.034482758620689655,0.5,0.0,False,0.3807299,0,674_linkedin_4407425120,674,linkedin_4407425120
5,7,8,-3,0.6666666666666667,28,2,0.07142857142857142,0.2857142857142857,0.0,False,0.11994302,0,670_linkedin_4400166951,670,linkedin_4400166951
6,7,2,4,0.0,12,0,0.0,0.0,0.2,False,0.27254087,0,223_linkedin_4302730124,223,linkedin_4302730124
2,9,2,0,1.0,20,2,0.1,0.2222222222222222,0.0,False,0.21282867,0,780_linkedin_4354435819,780,linkedin_4354435819
11,7,2,9,0.0,13,1,0.07692307692307693,0.14285714285714285,0.0,False,0.3805251,0,285_linkedin_4263141621,285,linkedin_4263141621
10,7,0,10,0.0,31,1,0.03225806451612903,0.14285714285714285,0.0,False,0.45987853,0,293_linkedin_4247428184,293,linkedin_4247428184
12,6,2,10,0.0,27,0,0.0,0.0,0.0,True,0.2337283,0,626_linkedin_4404906644,626,linkedin_4404906644
10,6,0,10,0.0,21,0,0.0,0.0,0.6666666666666666,False,0.3895638,0,621_linkedin_4397564324,621,linkedin_4397564324
12,6,2,10,0.0,14,0,0.0,0.0,0.0,True,0.22798471,0,618_linkedin_4382930677,618,linkedin_4382930677
13,10,2,11,0.0,23,3,0.13043478260869565,0.3,0.0,True,0.40469003,0,95_linkedin_4319122985,95,linkedin_4319122985
8,8,2,6,0.0,20,1,0.05,0.125,0.0,False,0.38984177,0,136_linkedin_4386762254,136,linkedin_4386762254
5,7,2,3,0.0,15,0,0.0,0.0,0.0,False,0.37150156,0,274_linkedin_4405615766,274,linkedin_4405615766
1,5,2,-1,0.6666666666666667,21,1,0.047619047619047616,0.2,0.0,False,0.2993642,0,175_linkedin_4408239860,175,linkedin_4408239860
5,9,2,3,0.0,20,1,0.05,0.1111111111111111,0.0,False,0.46046734,0,695_linkedin_4395851881,695,linkedin_4395851881
5,9,2,3,0.0,9,1,0.1111111111111111,0.1111111111111111,0.0,False,0.29941747,0,818_linkedin_4403726126,818,linkedin_4403726126
8,6,5,3,0.5,11,0,0.0,0.0,0.0,False,0.30073723,0,600_linkedin_4405615545,600,linkedin_4405615545
2,6,5,-3,0.5,10,1,0.1,0.16666666666666666,0.0,False,0.20518394,0,248_linkedin_4406549895,248,linkedin_4406549895
8,9,2,6,0.0,13,2,0.15384615384615385,0.2222222222222222,0.0,False,0.40323263,0,665_linkedin_4409056050,665,linkedin_4409056050
8,5,5,3,0.5,23,2,0.08695652173913043,0.4,0.2,False,0.61155117,0,303_linkedin_4404293543,303,linkedin_4404293543
2,7,0,2,0.0,18,0,0.0,0.0,0.2,False,0.36805514,0,283_linkedin_4377852756,283,linkedin_4377852756
12,7,2,10,0.0,7,0,0.0,0.0,0.3333333333333333,False,0.5546198,0,520_linkedin_4401004220,520,linkedin_4401004220
4,8,0,4,0.0,11,0,0.0,0.0,0.3333333333333333,False,0.48418853,0,578_linkedin_4350925352,578,linkedin_4350925352
11,7,2,9,0.0,20,0,0.0,0.0,0.0,False,0.32985204,0,256_linkedin_4399214810,256,linkedin_4399214810
9,7,8,1,0.8888888888888888,24,0,0.0,0.0,0.0,False,0.45736456,0,212_linkedin_4371491208,212,linkedin_4371491208
5,8,1,4,0.0,8,0,0.0,0.0,0.0,False,0.41017956,0,8_linkedin_4399269336,8,linkedin_4399269336
11,7,2,9,0.0,14,0,0.0,0.0,0.0,False,0.17854588,0,208_linkedin_4404031827,208,linkedin_4404031827
7,7,0,7,0.0,18,1,0.05555555555555555,0.14285714285714285,0.25,False,0.43797222,0,565_linkedin_4402741020,565,linkedin_4402741020
4,7,5,-1,0.8333333333333334,26,0,0.0,0.0,0.0,False,0.32278323,0,236_linkedin_4401841595,236,linkedin_4401841595
2,6,5,-3,0.5,27,2,0.07407407407407407,0.3333333333333333,0.0,False,0.4746466,0,176_linkedin_4401730488,176,linkedin_4401730488
1,6,8,-7,0.2222222222222222,27,0,0.0,0.0,0.0,False,0.26842862,0,99_linkedin_4407062320,99,linkedin_4407062320
8,8,5,3,0.5,11,0,0.0,0.0,0.0,False,0.29367858,0,136_linkedin_4388985453,136,linkedin_4388985453
10,7,8,2,0.7777777777777778,14,0,0.0,0.0,0.25,False,0.43265456,0,557_linkedin_4392186663,557,linkedin_4392186663
9,9,0,9,0.0,13,0,0.0,0.0,0.0,False,0.26974118,0,39_linkedin_4393888701,39,linkedin_4393888701
10,6,0,10,0.0,34,0,0.0,0.0,0.0,False,0.44015515,0,609_linkedin_4257351123,609,linkedin_4257351123
4,8,2,2,0.33333333333333337,16,2,0.125,0.25,0.3333333333333333,False,0.6360694,0,132_linkedin_4306114548,132,linkedin_4306114548
2,5,2,0,1.0,18,2,0.1111111111111111,0.4,0.3333333333333333,False,0.4956934,0,172_linkedin_4398117524,172,linkedin_4398117524
7,7,2,5,0.0,19,0,0.0,0.0,0.0,False,0.34502906,0,272_linkedin_4381207520,272,linkedin_4381207520
15,10,1,14,0.0,19,3,0.15789473684210525,0.3,0.0,False,0.38756964,0,21_linkedin_4360771011,21,linkedin_4360771011
2,5,0,2,0.0,22,3,0.13636363636363635,0.6,0.2,False,0.6768386,0,124_linkedin_4304013814,124,linkedin_4304013814
4,7,8,-4,0.5555555555555556,16,0,0.0,0.0,0.0,False,0.39747834,0,236_linkedin_4403392798,236,linkedin_4403392798
8,7,8,0,1.0,6,0,0.0,0.0,0.3333333333333333,False,0.2989487,0,575_linkedin_4376731486,575,linkedin_4376731486
8,9,2,6,0.0,10,0,0.0,0.0,0.16666666666666666,False,0.32344216,0,133_linkedin_4371387533,133,linkedin_4371387533
3,8,0,3,0.0,19,1,0.05263157894736842,0.125,0.0,False,0.39332876,0,686_linkedin_4403829518,686,linkedin_4403829518
8,7,0,8,0.0,31,0,0.0,0.0,0.0,False,0.31791136,0,264_linkedin_4333094256,264,linkedin_4333094256
7,5,2,5,0.0,14,0,0.0,0.0,0.0,False,0.15563779,0,296_linkedin_4404031827,296,linkedin_4404031827
6,7,5,1,0.8333333333333334,16,0,0.0,0.0,0.25,False,0.4282702,0,215_linkedin_4386684180,215,linkedin_4386684180
1,6,0,1,0.0,20,0,0.0,0.0,0.0,False,0.35219803,0,243_linkedin_4373122214,243,linkedin_4373122214
12,10,2,10,0.0,13,0,0.0,0.0,0.0,True,0.2718429,0,48_linkedin_4398838741,48,linkedin_4398838741
8,4,8,0,1.0,25,0,0.0,0.0,0.0,False,0.3789661,0,791_linkedin_4400812214,791,linkedin_4400812214
13,10,2,11,0.0,13,1,0.07692307692307693,0.1,0.25,False,0.36289328,0,120_linkedin_4409032969,120,linkedin_4409032969
8,7,2,6,0.0,7,0,0.0,0.0,0.16666666666666666,False,0.35384995,0,191_linkedin_4360662878,191,linkedin_4360662878
5,9,2,3,0.0,20,2,0.1,0.2222222222222222,0.0,False,0.5562483,0,815_linkedin_4395871035,815,linkedin_4395871035
5,9,0,5,0.0,10,0,0.0,0.0,0.0,False,0.31957653,0,764_linkedin_4385489992,764,linkedin_4385489992
5,9,0,5,0.0,15,2,0.13333333333333333,0.2222222222222222,0.3333333333333333,False,0.6050627,0,673_linkedin_4404302967,673,linkedin_4404302967
1,5,1,0,1.0,10,0,0.0,0.0,0.0,False,0.30165333,0,309_linkedin_4407186956,309,linkedin_4407186956
5,9,2,3,0.0,15,0,0.0,0.0,0.0,False,0.39248678,0,745_linkedin_4400713744,745,linkedin_4400713744
5,8,0,5,0.0,29,0,0.0,0.0,0.0,False,0.24194533,0,59_linkedin_4378971730,59,linkedin_4378971730
1,5,8,-7,0.2222222222222222,21,2,0.09523809523809523,0.4,0.3333333333333333,False,0.5692772,0,1_linkedin_4402770506,1,linkedin_4402770506
10,6,0,10,0.0,4,0,0.0,0.0,0.0,False,0.29996547,0,609_linkedin_4390682886,609,linkedin_4390682886
8,9,2,6,0.0,23,0,0.0,0.0,0.0,False,0.14012337,0,188_linkedin_4389451599,188,linkedin_4389451599
1,6,1,0,1.0,14,1,0.07142857142857142,0.16666666666666666,0.3333333333333333,False,0.49146494,0,169_linkedin_4403463402,169,linkedin_4403463402
1,5,5,-4,0.33333333333333337,16,0,0.0,0.0,0.0,False,0.34211648,0,171_linkedin_4405005180,171,linkedin_4405005180
8,7,8,0,1.0,15,0,0.0,0.0,0.0,False,0.31960487,0,575_linkedin_4299772363,575,linkedin_4299772363
1,6,2,-1,0.6666666666666667,9,1,0.1111111111111111,0.16666666666666666,0.3333333333333333,False,0.45304763,0,97_linkedin_4394793241,97,linkedin_4394793241
7,7,2,5,0.0,11,0,0.0,0.0,0.4,False,0.5452111,0,220_linkedin_4403375333,220,linkedin_4403375333
4,8,2,2,0.33333333333333337,22,0,0.0,0.0,0.0,False,0.4227244,0,154_linkedin_4396591377,154,linkedin_4396591377
15,9,5,10,0.0,9,0,0.0,0.0,0.0,False,0.28275433,0,195_linkedin_4404427063,195,linkedin_4404427063
2,6,8,-6,0.33333333333333337,14,0,0.0,0.0,0.0,False,0.2645475,0,52_linkedin_4392186663,52,linkedin_4392186663
7,7,0,7,0.0,21,0,0.0,0.0,0.2,False,0.28418642,0,565_linkedin_4388787599,565,linkedin_4388787599
2,5,2,0,1.0,9,2,0.2222222222222222,0.4,0.5,False,0.65698695,0,2_linkedin_4407135283,2,linkedin_4407135283
3,9,2,1,0.6666666666666667,10,2,0.2,0.2222222222222222,0.25,False,0.5798997,0,811_linkedin_4400445215,811,linkedin_4400445215
1,6,5,-4,0.33333333333333337,17,0,0.0,0.0,0.0,False,0.26384214,0,25_linkedin_4398728296,25,linkedin_4398728296
2,7,5,-3,0.5,1,0,0.0,0.0,0.25,False,0.38115317,0,566_linkedin_4398396158,566,linkedin_4398396158
3,8,0,3,0.0,11,0,0.0,0.0,0.0,False,0.3108194,0,105_linkedin_4399560069,105,linkedin_4399560069
3,7,1,2,0.0,30,1,0.03333333333333333,0.14285714285714285,0.0,False,0.4169842,0,806_linkedin_4338403103,806,linkedin_4338403103
0,5,5,-5,0.16666666666666663,16,1,0.0625,0.2,0.25,False,0.49740168,0,637_linkedin_4399991658,637,linkedin_4399991658
5,4,0,5,0.0,31,3,0.0967741935483871,0.75,0.5,False,0.5217472,0,671_linkedin_4346605391,671,linkedin_4346605391
5,2,0,5,0.0,13,1,0.07692307692307693,0.5,0.0,False,0.2722998,0,823_linkedin_4406258431,823,linkedin_4406258431
7,8,2,5,0.0,27,1,0.037037037037037035,0.125,0.0,False,0.3246014,0,533_linkedin_4234624922,533,linkedin_4234624922
10,6,0,10,0.0,29,0,0.0,0.0,0.0,False,0.30457562,0,609_linkedin_4378971730,609,linkedin_4378971730
1,5,0,1,0.0,19,1,0.05263157894736842,0.2,0.2,False,0.4267995,0,121_linkedin_4323538557,121,linkedin_4323538557
3,8,2,1,0.6666666666666667,15,0,0.0,0.0,0.0,False,0.4187565,0,33_linkedin_4395864397,33,linkedin_4395864397
9,6,5,4,0.33333333333333337,10,0,0.0,0.0,0.0,False,0.19625442,0,525_linkedin_4394465120,525,linkedin_4394465120
7,7,5,2,0.6666666666666667,17,0,0.0,0.0,0.3333333333333333,False,0.3129714,0,240_linkedin_4394756229,240,linkedin_4394756229
9,9,2,7,0.0,20,5,0.25,0.5555555555555556,0.0,False,0.58325016,0,14_linkedin_4278819862,14,linkedin_4278819862
1,6,8,-7,0.2222222222222222,17,2,0.11764705882352941,0.3333333333333333,0.0,False,0.5233268,0,97_linkedin_4395396789,97,linkedin_4395396789
5,9,5,0,1.0,20,0,0.0,0.0,0.0,False,0.22863455,0,817_linkedin_4394792041,817,linkedin_4394792041
8,9,5,3,0.5,29,2,0.06896551724137931,0.2222222222222222,0.0,False,0.3196787,0,705_linkedin_4388250228,705,linkedin_4388250228
5,7,0,5,0.0,21,0,0.0,0.0,0.0,False,0.24425815,0,569_linkedin_4405876076,569,linkedin_4405876076
2,3,5,-3,0.5,10,0,0.0,0.0,0.0,False,0.46774164,0,787_linkedin_4407402397,787,linkedin_4407402397
7,9,0,7,0.0,13,0,0.0,0.0,0.0,False,0.2615034,0,137_linkedin_4386222549,137,linkedin_4386222549
1,6,2,-1,0.6666666666666667,18,0,0.0,0.0,0.25,False,0.45128995,0,27_linkedin_4398491928,27,linkedin_4398491928
8,9,0,8,0.0,19,2,0.10526315789473684,0.2222222222222222,0.0,False,0.54323375,0,704_linkedin_4248970794,704,linkedin_4248970794
7,7,5,2,0.6666666666666667,20,0,0.0,0.0,0.0,False,0.31061,0,259_linkedin_4399157379,259,linkedin_4399157379
9,8,0,9,0.0,22,0,0.0,0.0,0.0,False,0.42023185,0,536_linkedin_4371890342,536,linkedin_4371890342
9,9,8,1,0.8888888888888888,32,2,0.0625,0.2222222222222222,0.3333333333333333,False,0.5348544,0,14_linkedin_4382608125,14,linkedin_4382608125
1,6,5,-4,0.33333333333333337,9,1,0.1111111111111111,0.16666666666666666,0.0,False,0.3330834,0,169_linkedin_4404427063,169,linkedin_4404427063
5,2,1,4,0.0,7,1,0.14285714285714285,0.5,0.0,False,0.17623948,0,734_linkedin_4405892844,734,linkedin_4405892844
1,5,1,0,1.0,18,0,0.0,0.0,0.3333333333333333,False,0.47593072,0,1_linkedin_4408213627,1,linkedin_4408213627
12,6,0,12,0.0,11,0,0.0,0.0,0.5,False,0.29897383,0,526_linkedin_4306117436,526,linkedin_4306117436
5,7,2,3,0.0,10,0,0.0,0.0,0.25,False,0.41210616,0,569_linkedin_4344686674,569,linkedin_4344686674
5,2,0,5,0.0,6,1,0.16666666666666666,0.5,0.0,False,0.3691883,0,735_linkedin_4407334483,735,linkedin_4407334483
7,7,0,7,0.0,20,0,0.0,0.0,0.0,False,0.2398395,0,207_linkedin_4333176046,207,linkedin_4333176046
1,8,0,1,0.0,15,2,0.13333333333333333,0.25,0.3333333333333333,False,0.66790324,0,538_linkedin_4339855979,538,linkedin_4339855979
7,7,2,5,0.0,10,0,0.0,0.0,0.75,False,0.60055625,0,279_linkedin_4344686674,279,linkedin_4344686674
1,6,5,-4,0.33333333333333337,21,3,0.14285714285714285,0.5,0.0,False,0.5021938,0,99_linkedin_4406543085,99,linkedin_4406543085
9,9,0,9,0.0,17,3,0.17647058823529413,0.3333333333333333,0.6666666666666666,False,0.5842081,0,14_linkedin_4405379030,14,linkedin_4405379030
9,7,1,8,0.0,8,0,0.0,0.0,0.0,False,0.37454137,0,212_linkedin_4372149691,212,linkedin_4372149691
2,5,0,2,0.0,3,0,0.0,0.0,0.0,False,0.30857766,0,122_linkedin_4393558602,122,linkedin_4393558602
5,9,5,0,1.0,21,1,0.047619047619047616,0.1111111111111111,0.0,False,0.30907804,0,741_linkedin_4400366293,741,linkedin_4400366293
4,6,5,-1,0.8333333333333334,17,0,0.0,0.0,0.0,False,0.35838342,0,612_linkedin_4407570914,612,linkedin_4407570914
8,9,5,3,0.5,16,0,0.0,0.0,0.5,False,0.66753024,0,40_linkedin_4405344110,40,linkedin_4405344110
7,7,5,2,0.6666666666666667,8,2,0.25,0.2857142857142857,0.0,False,0.38307774,0,595_linkedin_4399753399,595,linkedin_4399753399
6,6,5,1,0.8333333333333334,20,0,0.0,0.0,0.25,False,0.1770238,0,631_linkedin_4406276789,631,linkedin_4406276789
1,6,0,1,0.0,19,2,0.10526315789473684,0.3333333333333333,0.125,False,0.27991503,0,29_linkedin_4248974172,29,linkedin_4248974172
8,9,5,3,0.5,13,1,0.07692307692307693,0.1111111111111111,0.42857142857142855,False,0.5721632,0,188_linkedin_4371682863,188,linkedin_4371682863
5,7,0,5,0.0,10,0,0.0,0.0,0.16666666666666666,False,0.38581985,0,556_linkedin_4402754398,556,linkedin_4402754398
2,5,0,2,0.0,17,1,0.058823529411764705,0.2,0.0,False,0.112344906,0,122_linkedin_4392034127,122,linkedin_4392034127
7,7,0,7,0.0,13,0,0.0,0.0,0.25,False,0.43337417,0,511_linkedin_4399398705,511,linkedin_4399398705
14,10,2,12,0.0,16,1,0.0625,0.1,0.0,False,0.3142503,0,20_linkedin_4408743230,20,linkedin_4408743230
1,5,0,1,0.0,28,0,0.0,0.0,0.0,False,0.27455673,0,592_linkedin_4358149059,592,linkedin_4358149059
5,6,0,5,0.0,26,1,0.038461538461538464,0.16666666666666666,0.0,False,0.2651784,0,258_linkedin_4404429716,258,linkedin_4404429716
1,5,0,1,0.0,11,1,0.09090909090909091,0.2,0.0,False,0.38091388,0,123_linkedin_4270545927,123,linkedin_4270545927
7,7,2,5,0.0,19,0,0.0,0.0,0.14285714285714285,False,0.28776804,0,272_linkedin_4382364621,272,linkedin_4382364621
1,6,2,-1,0.6666666666666667,14,0,0.0,0.0,0.0,False,0.25950012,0,619_linkedin_4404031827,619,linkedin_4404031827
5,9,0,5,0.0,14,5,0.35714285714285715,0.5555555555555556,0.0,False,0.49612182,0,840_linkedin_4308002859,840,linkedin_4308002859
5,9,2,3,0.0,10,1,0.1,0.1111111111111111,0.0,False,0.23654021,0,696_linkedin_4406265589,696,linkedin_4406265589
9,7,0,9,0.0,7,0,0.0,0.0,0.0,False,0.15604813,0,212_linkedin_4371265570,212,linkedin_4371265570
15,10,0,15,0.0,18,1,0.05555555555555555,0.1,0.0,False,0.391825,0,21_linkedin_4402741020,21,linkedin_4402741020
1,5,1,0,1.0,11,0,0.0,0.0,0.3333333333333333,False,0.3864805,0,5_linkedin_4402102747,5,linkedin_4402102747
2,5,0,2,0.0,33,2,0.06060606060606061,0.4,0.0,False,0.38803518,0,4_linkedin_4406297081,4,linkedin_4406297081
1,5,0,1,0.0,18,1,0.05555555555555555,0.2,0.0,False,0.36066565,0,171_linkedin_4377852756,171,linkedin_4377852756
5,9,0,5,0.0,10,0,0.0,0.0,0.0,False,0.25089848,0,710_linkedin_4387332380,710,linkedin_4387332380
2,6,1,1,0.5,10,0,0.0,0.0,0.5,False,0.32433656,0,28_linkedin_4402237300,28,linkedin_4402237300
7,7,1,6,0.0,2,0,0.0,0.0,0.0,False,0.42038766,0,279_linkedin_4402897956,279,linkedin_4402897956
5,9,0,5,0.0,13,1,0.07692307692307693,0.1111111111111111,0.0,False,0.17098546,0,727_linkedin_4390723563,727,linkedin_4390723563
3,9,1,2,0.0,14,1,0.07142857142857142,0.1111111111111111,0.0,False,0.21892776,0,830_linkedin_4404074579,830,linkedin_4404074579
5,9,1,4,0.0,10,1,0.1,0.1111111111111111,0.5,False,0.45106125,0,839_linkedin_4402237300,839,linkedin_4402237300
9,7,2,7,0.0,19,0,0.0,0.0,0.0,False,0.2508376,0,570_linkedin_4352604064,570,linkedin_4352604064
2,5,0,2,0.0,11,0,0.0,0.0,0.0,False,0.406355,0,172_linkedin_4350925352,172,linkedin_4350925352
4,6,5,-1,0.8333333333333334,12,0,0.0,0.0,0.0,False,0.34219566,0,249_linkedin_4402274592,249,linkedin_4402274592
2,7,0,2,0.0,34,1,0.029411764705882353,0.14285714285714285,0.0,False,0.09836346,0,594_linkedin_4371088628,594,linkedin_4371088628
11,7,0,11,0.0,25,0,0.0,0.0,0.0,False,0.40084955,0,208_linkedin_4364302087,208,linkedin_4364302087
3,8,0,3,0.0,12,0,0.0,0.0,0.0,False,0.3915899,0,809_linkedin_4399913337,809,linkedin_4399913337
8,7,5,3,0.5,11,0,0.0,0.0,0.0,False,0.013742707,0,203_linkedin_4393810353,203,linkedin_4393810353
7,6,0,7,0.0,22,0,0.0,0.0,0.3333333333333333,False,0.36286616,0,608_linkedin_4382707626,608,linkedin_4382707626
2,5,2,0,1.0,9,0,0.0,0.0,0.0,False,0.3092449,0,126_linkedin_4404593089,126,linkedin_4404593089
9,7,1,8,0.0,29,0,0.0,0.0,0.0,False,0.30515763,0,281_linkedin_4302523735,281,linkedin_4302523735
4,7,0,4,0.0,13,0,0.0,0.0,0.0,False,0.28526622,0,295_linkedin_4325582842,295,linkedin_4325582842
5,8,1,4,0.0,18,1,0.05555555555555555,0.125,0.0,False,0.4706225,0,177_linkedin_4375817575,177,linkedin_4375817575
3,8,2,1,0.6666666666666667,15,0,0.0,0.0,0.0,False,0.37989795,0,33_linkedin_4380276787,33,linkedin_4380276787
8,6,5,3,0.5,6,0,0.0,0.0,0.0,False,0.35563612,0,600_linkedin_4383910678,600,linkedin_4383910678
5,2,0,5,0.0,22,1,0.045454545454545456,0.5,0.0,False,0.30930403,0,753_linkedin_4408277570,753,linkedin_4408277570
6,3,0,6,0.0,9,0,0.0,0.0,0.0,False,0.28441635,0,800_linkedin_4403035667,800,linkedin_4403035667
2,5,2,0,1.0,27,0,0.0,0.0,0.0,True,0.19070017,0,304_linkedin_4404906644,304,linkedin_4404906644
5,7,0,5,0.0,6,0,0.0,0.0,0.0,False,0.27178568,0,596_linkedin_4346575294,596,linkedin_4346575294
1,6,0,1,0.0,6,0,0.0,0.0,0.0,False,0.2805427,0,269_linkedin_4372115927,269,linkedin_4372115927
5,9,5,0,1.0,27,2,0.07407407407407407,0.2222222222222222,0.3333333333333333,False,0.34943274,0,698_linkedin_4398675342,698,linkedin_4398675342
7,7,0,7,0.0,31,0,0.0,0.0,0.3333333333333333,False,0.3402998,0,207_linkedin_4401925667,207,linkedin_4401925667
1,7,0,1,0.0,16,1,0.0625,0.14285714285714285,0.0,False,0.28252757,0,218_linkedin_4404510183,218,linkedin_4404510183
1,6,0,1,0.0,6,0,0.0,0.0,0.0,False,0.3596431,0,73_linkedin_4382112573,73,linkedin_4382112573
5,9,0,5,0.0,15,2,0.13333333333333333,0.2222222222222222,1.0,False,0.7022391,0,695_linkedin_4404302967,695,linkedin_4404302967
2,6,2,0,1.0,4,0,0.0,0.0,0.0,False,0.4276343,0,248_linkedin_4373531640,248,linkedin_4373531640
5,8,0,5,0.0,21,0,0.0,0.0,0.2,False,0.4145877,0,155_linkedin_4388787599,155,linkedin_4388787599
7,9,0,7,0.0,11,1,0.09090909090909091,0.1111111111111111,0.5,False,0.27839994,0,187_linkedin_4114568975,187,linkedin_4114568975
5,9,5,0,1.0,7,4,0.5714285714285714,0.4444444444444444,0.0,False,0.5014992,0,840_linkedin_4398863403,840,linkedin_4398863403
4,8,2,2,0.33333333333333337,14,0,0.0,0.0,0.0,False,0.14755541,0,578_linkedin_4404031827,578,linkedin_4404031827
9,7,2,7,0.0,16,0,0.0,0.0,0.0,False,0.3603728,0,222_linkedin_4405048447,222,linkedin_4405048447
11,7,5,6,0.0,12,0,0.0,0.0,0.3333333333333333,False,0.38008267,0,208_linkedin_4399153222,208,linkedin_4399153222
8,10,8,0,1.0,12,2,0.16666666666666666,0.2,0.0,False,0.555955,0,85_linkedin_4306125314,85,linkedin_4306125314
2,6,5,-3,0.5,20,0,0.0,0.0,0.0,False,0.3857895,0,176_linkedin_4403903954,176,linkedin_4403903954
5,9,0,5,0.0,13,1,0.07692307692307693,0.1111111111111111,0.25,False,0.41297877,0,697_linkedin_4399398705,697,linkedin_4399398705
1,7,5,-4,0.33333333333333337,23,1,0.043478260869565216,0.14285714285714285,0.5,False,0.61863565,0,542_linkedin_4392891744,542,linkedin_4392891744
5,5,0,5,0.0,11,2,0.18181818181818182,0.4,0.0,False,0.43328398,0,716_linkedin_4248785240,716,linkedin_4248785240
3,8,2,1,0.6666666666666667,21,2,0.09523809523809523,0.25,0.0,False,0.3388777,0,809_linkedin_4386963753,809,linkedin_4386963753
8,7,8,0,1.0,20,1,0.05,0.14285714285714285,0.3333333333333333,False,0.44531092,0,203_linkedin_4400515080,203,linkedin_4400515080
2,8,1,1,0.5,14,0,0.0,0.0,0.5,False,0.55925214,0,580_linkedin_4399987589,580,linkedin_4399987589
7,7,5,2,0.6666666666666667,15,2,0.13333333333333333,0.2857142857142857,0.5,False,0.50676334,0,240_linkedin_4401076084,240,linkedin_4401076084
7,9,0,7,0.0,15,1,0.06666666666666667,0.1111111111111111,0.3333333333333333,False,0.4756488,0,41_linkedin_4238704831,41,linkedin_4238704831
7,7,2,5,0.0,9,0,0.0,0.0,0.0,False,0.325426,0,565_linkedin_4407135283,565,linkedin_4407135283
1,5,0,1,0.0,11,0,0.0,0.0,0.5,False,0.35396022,0,309_linkedin_4397959321,309,linkedin_4397959321
2,6,5,-3,0.5,14,0,0.0,0.0,0.0,False,0.36817804,0,615_linkedin_4405554234,615,linkedin_4405554234
5,9,0,5,0.0,8,1,0.125,0.1111111111111111,0.0,False,0.2890044,0,698_linkedin_4089480089,698,linkedin_4089480089
7,9,5,2,0.6666666666666667,3,0,0.0,0.0,0.3333333333333333,False,0.1861264,0,137_linkedin_4320559278,137,linkedin_4320559278
8,9,0,8,0.0,26,6,0.23076923076923078,0.6666666666666666,0.0,False,0.52892536,0,704_linkedin_4234772391,704,linkedin_4234772391
2,6,0,2,0.0,12,4,0.3333333333333333,0.6666666666666666,0.16666666666666666,False,0.6474531,0,98_linkedin_4408771202,98,linkedin_4408771202
12,7,5,7,0.0,28,1,0.03571428571428571,0.14285714285714285,0.5,False,0.4305177,0,204_linkedin_4406177501,204,linkedin_4406177501
2,5,0,2,0.0,9,0,0.0,0.0,0.0,False,0.30464125,0,124_linkedin_4388571978,124,linkedin_4388571978
11,7,0,11,0.0,7,0,0.0,0.0,0.0,False,0.35315892,0,515_linkedin_4394601927,515,linkedin_4394601927
1,6,0,1,0.0,23,2,0.08695652173913043,0.3333333333333333,0.5,False,0.6574174,0,27_linkedin_4344958753,27,linkedin_4344958753
10,7,0,10,0.0,37,0,0.0,0.0,0.0,False,0.23861551,0,261_linkedin_4406860342,261,linkedin_4406860342
4,6,5,-1,0.8333333333333334,15,2,0.13333333333333333,0.3333333333333333,0.5,False,0.5586396,0,512_linkedin_4371136616,512,linkedin_4371136616
7,7,5,2,0.6666666666666667,11,0,0.0,0.0,0.0,False,0.42358592,0,272_linkedin_4391592999,272,linkedin_4391592999
2,6,2,0,1.0,22,3,0.13636363636363635,0.5,0.5,False,0.5675785,0,100_linkedin_4400424121,100,linkedin_4400424121
7,6,0,7,0.0,24,0,0.0,0.0,0.0,False,0.28056523,0,608_linkedin_4378924549,608,linkedin_4378924549
12,10,0,12,0.0,18,0,0.0,0.0,0.0,False,0.24119917,0,48_linkedin_4225078361,48,linkedin_4225078361
3,8,0,3,0.0,20,1,0.05,0.125,0.0,False,0.38547087,0,12_linkedin_4302996033,12,linkedin_4302996033
4,7,8,-4,0.5555555555555556,21,0,0.0,0.0,0.0,False,0.29649138,0,225_linkedin_4404204086,225,linkedin_4404204086
1,6,2,-1,0.6666666666666667,10,0,0.0,0.0,0.0,False,0.3250836,0,257_linkedin_4371859260,257,linkedin_4371859260
5,9,0,5,0.0,22,2,0.09090909090909091,0.2222222222222222,0.2,False,0.33325303,0,796_linkedin_4404915391,796,linkedin_4404915391
12,10,8,4,0.5555555555555556,22,1,0.045454545454545456,0.1,0.3333333333333333,False,0.47426668,0,22_linkedin_4294988990,22,linkedin_4294988990
15,6,1,14,0.0,5,0,0.0,0.0,0.0,False,0.34361666,0,632_linkedin_4407135998,632,linkedin_4407135998
8,9,0,8,0.0,18,1,0.05555555555555555,0.1111111111111111,0.0,False,0.54688513,0,17_linkedin_4405983499,17,linkedin_4405983499
7,7,5,2,0.6666666666666667,19,0,0.0,0.0,0.16666666666666666,False,0.43535373,0,259_linkedin_4385010691,259,linkedin_4385010691
5,8,2,3,0.0,14,0,0.0,0.0,0.0,False,0.27829424,0,8_linkedin_4404031827,8,linkedin_4404031827
8,9,0,8,0.0,7,1,0.14285714285714285,0.1111111111111111,0.0,False,0.52310926,0,112_linkedin_4200567634,112,linkedin_4200567634
5,9,0,5,0.0,25,2,0.08,0.2222222222222222,0.0,False,0.3492659,0,794_linkedin_4359899414,794,linkedin_4359899414
2,6,0,2,0.0,6,0,0.0,0.0,0.0,False,0.33363608,0,98_linkedin_4402640777,98,linkedin_4402640777
13,9,1,12,0.0,11,0,0.0,0.0,0.0,False,0.3641717,0,198_linkedin_4394771475,198,linkedin_4394771475
3,9,8,-5,0.4444444444444444,16,1,0.0625,0.1111111111111111,0.0,False,0.3472646,0,833_linkedin_4299772412,833,linkedin_4299772412
6,7,0,6,0.0,13,0,0.0,0.0,0.0,False,0.32268816,0,244_linkedin_4399398705,244,linkedin_4399398705
1,5,0,1,0.0,12,1,0.08333333333333333,0.2,0.0,False,0.5197132,0,5_linkedin_4399913337,5,linkedin_4399913337
4,8,5,-1,0.8333333333333334,8,0,0.0,0.0,0.0,False,0.39742345,0,34_linkedin_4407638329,34,linkedin_4407638329
5,4,2,3,0.0,12,1,0.08333333333333333,0.25,0.0,False,0.30030227,0,671_linkedin_4302730124,671,linkedin_4302730124
9,7,5,4,0.33333333333333337,27,1,0.037037037037037035,0.14285714285714285,0.0,False,0.26654205,0,570_linkedin_4392867623,570,linkedin_4392867623
15,6,5,10,0.0,26,0,0.0,0.0,0.0,True,0.2603765,0,632_linkedin_4408251540,632,linkedin_4408251540
7,6,0,7,0.0,18,0,0.0,0.0,0.25,False,0.4595675,0,613_linkedin_4402741020,613,linkedin_4402741020
9,6,0,9,0.0,8,0,0.0,0.0,0.0,False,0.26954377,0,525_linkedin_4378811213,525,linkedin_4378811213
4,7,0,4,0.0,22,0,0.0,0.0,0.0,False,0.21808767,0,295_linkedin_4408277570,295,linkedin_4408277570
2,5,0,2,0.0,18,0,0.0,0.0,0.0,False,0.3091763,0,304_linkedin_4407087230,304,linkedin_4407087230
8,7,0,8,0.0,16,0,0.0,0.0,0.0,False,0.37036973,0,237_linkedin_4361042784,237,linkedin_4361042784
2,7,2,0,1.0,11,0,0.0,0.0,0.1,False,0.28413206,0,232_linkedin_4399142428,232,linkedin_4399142428
8,9,8,0,1.0,16,0,0.0,0.0,0.0,False,0.37084457,0,138_linkedin_4407191616,138,linkedin_4407191616
6,7,0,6,0.0,29,0,0.0,0.0,0.0,False,0.27597064,0,223_linkedin_4378954930,223,linkedin_4378954930
5,9,5,0,1.0,24,1,0.041666666666666664,0.1111111111111111,0.0,False,0.30201417,0,815_linkedin_4407677688,815,linkedin_4407677688
2,7,2,0,1.0,16,0,0.0,0.0,0.0,False,0.40942642,0,205_linkedin_4306114548,205,linkedin_4306114548
5,9,2,3,0.0,23,2,0.08695652173913043,0.2222222222222222,0.0,False,0.30104122,0,818_linkedin_4407309760,818,linkedin_4407309760
7,8,0,7,0.0,19,1,0.05263157894736842,0.125,0.0,False,0.3922073,0,161_linkedin_4389914552,161,linkedin_4389914552
2,8,5,-3,0.5,20,0,0.0,0.0,0.0,False,0.49232718,0,580_linkedin_4398104408,580,linkedin_4398104408
6,3,0,6,0.0,4,1,0.25,0.3333333333333333,0.0,False,0.27636385,0,788_linkedin_4403747957,788,linkedin_4403747957
7,6,0,7,0.0,19,0,0.0,0.0,0.0,False,0.18573321,0,636_linkedin_4248974172,636,linkedin_4248974172
5,3,5,0,1.0,16,1,0.0625,0.3333333333333333,0.0,False,0.41868573,0,714_linkedin_4386684180,714,linkedin_4386684180
8,6,8,0,1.0,30,0,0.0,0.0,0.0,False,0.21170469,0,622_linkedin_4395282174,622,linkedin_4395282174
1,7,2,-1,0.6666666666666667,13,5,0.38461538461538464,0.7142857142857143,1.0,False,0.7437268,0,561_linkedin_4399143156,561,linkedin_4399143156
1,6,5,-4,0.33333333333333337,14,2,0.14285714285714285,0.3333333333333333,0.5,False,0.42054114,0,147_linkedin_4382112242,147,linkedin_4382112242
5,6,8,-3,0.6666666666666667,26,1,0.038461538461538464,0.16666666666666666,0.0,False,0.36457625,0,258_linkedin_4299774251,258,linkedin_4299774251
12,7,0,12,0.0,3,1,0.3333333333333333,0.14285714285714285,0.5,False,0.51704663,0,520_linkedin_4268599389,520,linkedin_4268599389
4,7,2,2,0.33333333333333337,13,0,0.0,0.0,0.3333333333333333,False,0.59101164,0,295_linkedin_4381555539,295,linkedin_4381555539
8,2,0,8,0.0,27,0,0.0,0.0,0.0,False,0.22575167,0,736_linkedin_4308021555,736,linkedin_4308021555
9,9,5,4,0.33333333333333337,11,0,0.0,0.0,0.3333333333333333,False,0.3700684,0,110_linkedin_4382832912,110,linkedin_4382832912
3,4,8,-5,0.4444444444444444,16,2,0.125,0.5,0.0,False,0.34351575,0,810_linkedin_4404963007,810,linkedin_4404963007
4,6,0,4,0.0,22,0,0.0,0.0,0.0,False,0.35892513,0,612_linkedin_4337768086,612,linkedin_4337768086
1,6,0,1,0.0,10,0,0.0,0.0,0.0,False,0.4128958,0,169_linkedin_4406298637,169,linkedin_4406298637
9,7,0,9,0.0,12,0,0.0,0.0,0.0,False,0.37799567,0,222_linkedin_4394457541,222,linkedin_4394457541
1,6,0,1,0.0,21,2,0.09523809523809523,0.3333333333333333,0.4,False,0.41288525,0,619_linkedin_4388787599,619,linkedin_4388787599
6,6,0,6,0.0,29,0,0.0,0.0,0.25,False,0.29970288,0,631_linkedin_4407425120,631,linkedin_4407425120
15,6,0,15,0.0,18,0,0.0,0.0,0.5,False,0.5041358,0,632_linkedin_4402124066,632,linkedin_4402124066
3,7,2,1,0.6666666666666667,12,1,0.08333333333333333,0.14285714285714285,0.0,False,0.30806008,0,183_linkedin_4302730124,183,linkedin_4302730124
1,6,2,-1,0.6666666666666667,9,0,0.0,0.0,0.0,False,0.28117272,0,252_linkedin_4404033801,252,linkedin_4404033801
8,8,0,8,0.0,13,0,0.0,0.0,0.0,False,0.40088204,0,186_linkedin_4407346462,186,linkedin_4407346462
7,7,5,2,0.6666666666666667,11,1,0.09090909090909091,0.14285714285714285,0.0,False,0.43545756,0,259_linkedin_4399141297,259,linkedin_4399141297
15,9,2,13,0.0,19,0,0.0,0.0,0.0,False,0.5106534,0,195_linkedin_4408748547,195,linkedin_4408748547
3,4,5,-2,0.6666666666666667,12,2,0.16666666666666666,0.5,0.2,False,0.39046085,0,822_linkedin_4403839172,822,linkedin_4403839172
1,6,2,-1,0.6666666666666667,10,0,0.0,0.0,0.75,False,0.558194,0,619_linkedin_4344686674,619,linkedin_4344686674
15,10,0,15,0.0,31,2,0.06451612903225806,0.2,0.0,False,0.42258072,0,71_linkedin_4398815815,71,linkedin_4398815815
3,8,0,3,0.0,9,1,0.1111111111111111,0.125,0.3333333333333333,True,0.560629,0,105_linkedin_4249315561,105,linkedin_4249315561
5,9,2,3,0.0,13,2,0.15384615384615385,0.2222222222222222,0.5,False,0.36297593,0,655_linkedin_4400797370,655,linkedin_4400797370
1,5,0,1,0.0,33,0,0.0,0.0,0.0,False,0.29069453,0,1_linkedin_4330896158,1,linkedin_4330896158
8,7,2,6,0.0,22,0,0.0,0.0,0.0,False,0.26166287,0,203_linkedin_4400424121,203,linkedin_4400424121
2,6,0,2,0.0,16,1,0.0625,0.16666666666666666,0.3333333333333333,False,0.42927998,0,150_linkedin_4296469734,150,linkedin_4296469734
5,6,5,0,1.0,24,0,0.0,0.0,0.14285714285714285,False,0.40399697,0,614_linkedin_4393142536,614,linkedin_4393142536
7,8,8,-1,0.8888888888888888,26,0,0.0,0.0,0.0,False,0.32059866,0,579_linkedin_4299760826,579,linkedin_4299760826
10,7,5,5,0.16666666666666663,12,0,0.0,0.0,0.5,False,0.47091708,0,271_linkedin_4389185935,271,linkedin_4389185935
8,7,2,6,0.0,13,3,0.23076923076923078,0.42857142857142855,0.3333333333333333,False,0.5287863,0,519_linkedin_4403941840,519,linkedin_4403941840
5,5,0,5,0.0,13,0,0.0,0.0,0.0,True,0.25349233,0,302_linkedin_4404471375,302,linkedin_4404471375
5,9,0,5,0.0,3,1,0.3333333333333333,0.1111111111111111,0.0,False,0.26237932,0,793_linkedin_4385838524,793,linkedin_4385838524
1,6,2,-1,0.6666666666666667,19,3,0.15789473684210525,0.5,0.0,False,0.5711763,0,99_linkedin_4344855337,99,linkedin_4344855337
9,7,0,9,0.0,31,0,0.0,0.0,0.0,False,0.332639,0,292_linkedin_4371404774,292,linkedin_4371404774
1,5,0,1,0.0,8,1,0.125,0.2,0.5,False,0.55265045,0,123_linkedin_4406231599,123,linkedin_4406231599
8,6,2,6,0.0,21,0,0.0,0.0,0.0,False,0.23400801,0,600_linkedin_4403721444,600,linkedin_4403721444
3,9,0,3,0.0,14,5,0.35714285714285715,0.5555555555555556,0.0,False,0.55005217,0,831_linkedin_4377168699,831,linkedin_4377168699
7,9,0,7,0.0,22,0,0.0,0.0,0.0,False,0.2923074,0,187_linkedin_4351239737,187,linkedin_4351239737
2,6,2,0,1.0,19,2,0.10526315789473684,0.3333333333333333,0.4,False,0.7192239,0,78_linkedin_4388479235,78,linkedin_4388479235
4,6,0,4,0.0,24,0,0.0,0.0,0.0,False,0.23722157,0,603_linkedin_4390334089,603,linkedin_4390334089
9,8,2,7,0.0,12,0,0.0,0.0,0.0,False,0.55227333,0,536_linkedin_4400169884,536,linkedin_4400169884
5,9,5,0,1.0,11,1,0.09090909090909091,0.1111111111111111,1.0,False,0.61659694,0,697_linkedin_4399109067,697,linkedin_4399109067
2,6,0,2,0.0,5,0,0.0,0.0,0.0,False,0.22392213,0,74_linkedin_4196667098,74,linkedin_4196667098
1,6,0,1,0.0,29,0,0.0,0.0,0.5,False,0.5412294,0,619_linkedin_4407425120,619,linkedin_4407425120
8,7,5,3,0.5,15,1,0.06666666666666667,0.14285714285714285,0.3333333333333333,False,0.5218649,0,203_linkedin_4407043414,203,linkedin_4407043414
4,8,8,-4,0.5555555555555556,22,0,0.0,0.0,0.0,False,0.36236602,0,132_linkedin_4227270140,132,linkedin_4227270140
9,7,8,1,0.8888888888888888,16,0,0.0,0.0,0.0,False,0.3172393,0,292_linkedin_4407191616,292,linkedin_4407191616
2,6,8,-6,0.33333333333333337,13,0,0.0,0.0,0.0,True,0.37017155,0,54_linkedin_4288828288,54,linkedin_4288828288
4,6,5,-1,0.8333333333333334,20,0,0.0,0.0,0.0,False,0.3148328,0,634_linkedin_4366742804,634,linkedin_4366742804
15,9,2,13,0.0,18,1,0.05555555555555555,0.1111111111111111,0.0,False,0.46548975,0,200_linkedin_4394456781,200,linkedin_4394456781
9,7,5,4,0.33333333333333337,17,1,0.058823529411764705,0.14285714285714285,0.0,False,0.34481472,0,275_linkedin_4405093490,275,linkedin_4405093490
9,7,0,9,0.0,14,0,0.0,0.0,0.1111111111111111,False,0.45837575,0,275_linkedin_4385735405,275,linkedin_4385735405
5,9,0,5,0.0,21,2,0.09523809523809523,0.2222222222222222,0.0,False,0.50635624,0,646_linkedin_4388787599,646,linkedin_4388787599
10,6,5,5,0.16666666666666663,11,0,0.0,0.0,0.0,False,0.23459066,0,621_linkedin_4366422916,621,linkedin_4366422916
7,7,0,7,0.0,6,0,0.0,0.0,0.25,False,0.41548833,0,207_linkedin_4367163194,207,linkedin_4367163194
5,2,2,3,0.0,12,0,0.0,0.0,0.25,False,0.31818816,0,729_linkedin_4298975318,729,linkedin_4298975318
1,7,5,-4,0.33333333333333337,8,1,0.125,0.14285714285714285,1.0,False,0.633593,0,542_linkedin_4401460038,542,linkedin_4401460038
8,7,0,8,0.0,29,5,0.1724137931034483,0.7142857142857143,0.3333333333333333,False,0.56158465,0,264_linkedin_4405390655,264,linkedin_4405390655
4,9,2,2,0.33333333333333337,18,2,0.1111111111111111,0.2222222222222222,0.0,False,0.19485657,0,813_linkedin_4402440811,813,linkedin_4402440811
3,7,2,1,0.6666666666666667,21,0,0.0,0.0,0.0,False,0.28297248,0,290_linkedin_4403721444,290,linkedin_4403721444
1,6,8,-7,0.2222222222222222,8,3,0.375,0.5,0.3333333333333333,False,0.58496433,0,527_linkedin_4406489679,527,linkedin_4406489679
1,5,2,-1,0.6666666666666667,17,0,0.0,0.0,0.0,False,0.1705797,0,123_linkedin_4406476197,123,linkedin_4406476197
3,7,8,-5,0.4444444444444444,17,0,0.0,0.0,0.0,False,0.40430874,0,246_linkedin_4395396789,246,linkedin_4395396789
1,6,0,1,0.0,19,0,0.0,0.0,0.0,False,0.2740816,0,169_linkedin_4403829518,169,linkedin_4403829518
7,9,0,7,0.0,17,0,0.0,0.0,0.25,False,0.30735654,0,190_linkedin_4407606308,190,linkedin_4407606308
5,8,0,5,0.0,18,0,0.0,0.0,0.0,False,0.38467708,0,535_linkedin_4402741020,535,linkedin_4402741020
9,7,0,9,0.0,21,0,0.0,0.0,0.0,False,0.31463623,0,212_linkedin_4397564324,212,linkedin_4397564324
7,6,2,5,0.0,14,0,0.0,0.0,0.0,False,0.12500755,0,636_linkedin_4404031827,636,linkedin_4404031827
1,5,0,1,0.0,4,0,0.0,0.0,0.0,False,0.29890946,0,309_linkedin_4403747957,309,linkedin_4403747957
15,10,0,15,0.0,18,3,0.16666666666666666,0.3,0.0,False,0.43696606,0,21_linkedin_4362542861,21,linkedin_4362542861
1,7,5,-4,0.33333333333333337,17,1,0.058823529411764705,0.14285714285714285,0.16666666666666666,False,0.4985795,0,218_linkedin_3944557395,218,linkedin_3944557395
2,6,0,2,0.0,23,1,0.043478260869565216,0.16666666666666666,0.25,False,0.436715,0,98_linkedin_4409098383,98,linkedin_4409098383
2,5,2,0,1.0,10,0,0.0,0.0,0.0,False,0.30271345,0,4_linkedin_4344686674,4,linkedin_4344686674
8,7,2,6,0.0,26,0,0.0,0.0,0.0,False,0.4399248,0,586_linkedin_4399839845,586,linkedin_4399839845
15,7,0,15,0.0,9,0,0.0,0.0,0.0,True,0.32928658,0,573_linkedin_4406824756,573,linkedin_4406824756
7,7,2,5,0.0,15,0,0.0,0.0,0.0,False,0.31567392,0,565_linkedin_4396077351,565,linkedin_4396077351
9,9,0,9,0.0,9,0,0.0,0.0,0.0,False,0.46086738,0,14_linkedin_4388571978,14,linkedin_4388571978
1,7,5,-4,0.33333333333333337,11,1,0.09090909090909091,0.14285714285714285,0.0,False,0.21558635,0,542_linkedin_4396272051,542,linkedin_4396272051
5,7,0,5,0.0,31,1,0.03225806451612903,0.14285714285714285,0.3333333333333333,False,0.28724515,0,569_linkedin_4401925667,569,linkedin_4401925667
5,8,8,-3,0.6666666666666667,16,0,0.0,0.0,0.0,False,0.39460346,0,11_linkedin_4407191616,11,linkedin_4407191616
12,7,0,12,0.0,19,0,0.0,0.0,0.0,False,0.21817055,0,238_linkedin_4323538557,238,linkedin_4323538557
5,8,8,-3,0.6666666666666667,21,1,0.047619047619047616,0.125,0.0,False,0.40339082,0,35_linkedin_4404204086,35,linkedin_4404204086
7,8,0,7,0.0,11,1,0.09090909090909091,0.125,0.0,False,0.18781674,0,544_linkedin_4389557112,544,linkedin_4389557112
9,9,0,9,0.0,20,1,0.05,0.1111111111111111,0.0,False,0.3506744,0,110_linkedin_4393934306,110,linkedin_4393934306
4,8,5,-1,0.8333333333333334,18,0,0.0,0.0,0.0,False,0.31665865,0,578_linkedin_4399022535,578,linkedin_4399022535
1,6,2,-1,0.6666666666666667,22,1,0.045454545454545456,0.16666666666666666,0.0,False,0.17355731,0,169_linkedin_4407156851,169,linkedin_4407156851
15,6,5,10,0.0,19,1,0.05263157894736842,0.16666666666666666,0.2,False,0.4486243,0,632_linkedin_4399739959,632,linkedin_4399739959
5,9,5,0,1.0,5,1,0.2,0.1111111111111111,0.0,False,0.41195124,0,668_linkedin_4341318288,668,linkedin_4341318288
1,5,5,-4,0.33333333333333337,24,0,0.0,0.0,0.0,False,0.19706228,0,641_linkedin_4393142536,641,linkedin_4393142536
8,6,5,3,0.5,23,3,0.13043478260869565,0.5,0.2,False,0.5429498,0,622_linkedin_4404293543,622,linkedin_4404293543
15,6,1,14,0.0,7,0,0.0,0.0,0.0,False,0.3105074,0,632_linkedin_4402968877,632,linkedin_4402968877
4,8,5,-1,0.8333333333333334,10,0,0.0,0.0,0.0,False,0.24378866,0,182_linkedin_4406549895,182,linkedin_4406549895
2,8,8,-6,0.33333333333333337,29,0,0.0,0.0,0.0,False,0.37974283,0,545_linkedin_4368712465,545,linkedin_4368712465
13,8,0,13,0.0,29,1,0.034482758620689655,0.125,0.0,False,0.2680755,0,194_linkedin_4378954930,194,linkedin_4378954930
9,7,5,4,0.33333333333333337,11,1,0.09090909090909091,0.14285714285714285,0.2,False,0.17559712,0,550_linkedin_4390369363,550,linkedin_4390369363
1,7,8,-7,0.2222222222222222,18,0,0.0,0.0,0.0,False,0.32236162,0,289_linkedin_4393500974,289,linkedin_4393500974
10,7,2,8,0.0,16,0,0.0,0.0,0.3333333333333333,False,0.45548904,0,216_linkedin_4405354092,216,linkedin_4405354092
5,9,0,5,0.0,11,0,0.0,0.0,0.0,False,0.25914708,0,741_linkedin_4350925352,741,linkedin_4350925352
7,8,0,7,0.0,15,0,0.0,0.0,0.0,False,0.31128076,0,161_linkedin_4375648515,161,linkedin_4375648515
1,5,8,-7,0.2222222222222222,22,0,0.0,0.0,0.0,False,0.40219367,0,592_linkedin_4399733648,592,linkedin_4399733648
5,9,5,0,1.0,15,4,0.26666666666666666,0.4444444444444444,0.0,False,0.42150867,0,648_linkedin_4407827409,648,linkedin_4407827409
5,4,5,0,1.0,20,2,0.1,0.5,0.0,False,0.465343,0,717_linkedin_4394792041,717,linkedin_4394792041
7,9,5,2,0.6666666666666667,23,2,0.08695652173913043,0.2222222222222222,0.0,False,0.38330927,0,640_linkedin_4387817447,640,linkedin_4387817447
4,8,8,-4,0.5555555555555556,22,0,0.0,0.0,0.0,False,0.23887908,0,130_linkedin_4399733648,130,linkedin_4399733648
10,6,1,9,0.0,24,0,0.0,0.0,0.0,False,0.41386828,0,621_linkedin_4380663889,621,linkedin_4380663889
7,7,2,5,0.0,12,0,0.0,0.0,0.25,False,0.359971,0,220_linkedin_4402960543,220,linkedin_4402960543
13,10,5,8,0.0,20,0,0.0,0.0,0.0,False,0.38319647,0,43_linkedin_4405230301,43,linkedin_4405230301
2,5,0,2,0.0,5,0,0.0,0.0,0.0,False,0.40869313,0,172_linkedin_4335981820,172,linkedin_4335981820
1,6,2,-1,0.6666666666666667,21,1,0.047619047619047616,0.16666666666666666,0.0,False,0.40555042,0,518_linkedin_4391816334,518,linkedin_4391816334
9,9,1,8,0.0,11,1,0.09090909090909091,0.1111111111111111,0.3333333333333333,False,0.3836824,0,18_linkedin_4395257057,18,linkedin_4395257057
12,9,1,11,0.0,7,0,0.0,0.0,0.0,False,0.43234634,0,143_linkedin_4364351264,143,linkedin_4364351264
0,5,5,-5,0.16666666666666663,7,0,0.0,0.0,0.25,False,0.5188927,0,637_linkedin_4399747583,637,linkedin_4399747583
7,7,2,5,0.0,13,0,0.0,0.0,0.2,False,0.38722202,0,565_linkedin_4400141969,565,linkedin_4400141969
5,8,5,0,1.0,11,0,0.0,0.0,0.5,False,0.431216,0,152_linkedin_4405140553,152,linkedin_4405140553
2,7,0,2,0.0,16,0,0.0,0.0,0.5,False,0.45563695,0,566_linkedin_4234264274,566,linkedin_4234264274
5,5,0,5,0.0,23,2,0.08695652173913043,0.4,0.0,False,0.31468475,0,718_linkedin_4404074816,718,linkedin_4404074816
8,9,2,6,0.0,10,2,0.2,0.2222222222222222,0.0,False,0.61523074,0,17_linkedin_4401869941,17,linkedin_4401869941
2,6,0,2,0.0,29,3,0.10344827586206896,0.5,0.16666666666666666,False,0.5069025,0,76_linkedin_4400027020,76,linkedin_4400027020
9,9,5,4,0.33333333333333337,19,1,0.05263157894736842,0.1111111111111111,0.0,False,0.4166656,0,14_linkedin_4392828861,14,linkedin_4392828861
1,6,1,0,1.0,10,0,0.0,0.0,0.0,False,0.37194917,0,27_linkedin_4402237300,27,linkedin_4402237300
5,4,0,5,0.0,3,0,0.0,0.0,0.0,False,0.50568175,0,660_linkedin_4341090701,660,linkedin_4341090701
8,9,1,7,0.0,5,0,0.0,0.0,0.0,False,0.4441448,0,37_linkedin_4366700263,37,linkedin_4366700263
8,8,2,6,0.0,12,0,0.0,0.0,0.0,False,0.2694691,0,136_linkedin_4302730124,136,linkedin_4302730124
12,10,0,12,0.0,12,1,0.08333333333333333,0.1,0.25,False,0.36342552,0,118_linkedin_4389069426,118,linkedin_4389069426
9,9,0,9,0.0,37,6,0.16216216216216217,0.6666666666666666,0.0,False,0.50737154,0,18_linkedin_4406860342,18,linkedin_4406860342
12,7,5,7,0.0,19,2,0.10526315789473684,0.2857142857142857,0.0,False,0.50198865,0,227_linkedin_4399610720,227,linkedin_4399610720
1,5,1,0,1.0,30,0,0.0,0.0,0.0,False,0.3084296,0,300_linkedin_4337673695,300,linkedin_4337673695
4,8,8,-4,0.5555555555555556,36,1,0.027777777777777776,0.125,0.0,False,0.37608355,0,180_linkedin_4403667187,180,linkedin_4403667187
9,7,0,9,0.0,6,0,0.0,0.0,0.25,False,0.38129014,0,570_linkedin_4382112573,570,linkedin_4382112573
2,8,0,2,0.0,6,0,0.0,0.0,0.2,False,0.44513154,0,580_linkedin_4204753712,580,linkedin_4204753712
5,9,5,0,1.0,27,2,0.07407407407407407,0.2222222222222222,0.0,False,0.35821125,0,743_linkedin_4408779008,743,linkedin_4408779008
15,10,0,15,0.0,13,0,0.0,0.0,0.0,False,0.3335536,0,21_linkedin_4399398705,21,linkedin_4399398705
4,6,1,3,0.0,10,0,0.0,0.0,0.0,False,0.33829516,0,629_linkedin_4401901337,629,linkedin_4401901337
9,6,2,7,0.0,24,1,0.041666666666666664,0.16666666666666666,0.25,False,0.42383784,0,525_linkedin_4398366094,525,linkedin_4398366094
6,7,0,6,0.0,31,0,0.0,0.0,0.3333333333333333,False,0.37803066,0,567_linkedin_4401925667,567,linkedin_4401925667
3,8,1,2,0.0,23,0,0.0,0.0,0.0,False,0.15789548,0,105_linkedin_4372539303,105,linkedin_4372539303
11,7,2,9,0.0,26,1,0.038461538461538464,0.14285714285714285,0.25,False,0.442445,0,208_linkedin_4399839845,208,linkedin_4399839845
8,7,0,8,0.0,16,0,0.0,0.0,0.0,False,0.2804125,0,237_linkedin_4367425465,237,linkedin_4367425465
4,8,5,-1,0.8333333333333334,19,0,0.0,0.0,0.0,False,0.19667386,0,127_linkedin_4399739959,127,linkedin_4399739959
2,6,0,2,0.0,14,0,0.0,0.0,0.3333333333333333,False,0.5170751,0,615_linkedin_4391555557,615,linkedin_4391555557
6,7,0,6,0.0,12,0,0.0,0.0,0.0,False,0.32682574,0,215_linkedin_4380358954,215,linkedin_4380358954
8,8,0,8,0.0,11,0,0.0,0.0,0.0,False,0.22572988,0,186_linkedin_4332452391,186,linkedin_4332452391
3,2,0,3,0.0,10,0,0.0,0.0,0.0,False,0.3653344,0,825_linkedin_4408748611,825,linkedin_4408748611
5,5,8,-3,0.6666666666666667,8,2,0.25,0.4,0.0,False,0.361503,0,718_linkedin_4372079010,718,linkedin_4372079010
7,6,8,-1,0.8888888888888888,10,0,0.0,0.0,0.0,False,0.33189884,0,608_linkedin_4383975364,608,linkedin_4383975364
2,5,2,0,1.0,24,0,0.0,0.0,0.0,False,0.27161568,0,304_linkedin_4405632305,304,linkedin_4405632305
1,6,0,1,0.0,21,0,0.0,0.0,0.0,False,0.39684206,0,257_linkedin_4346320594,257,linkedin_4346320594
13,10,5,8,0.0,20,0,0.0,0.0,0.0,False,0.23132926,0,95_linkedin_4394792041,95,linkedin_4394792041
2,6,5,-3,0.5,17,0,0.0,0.0,0.6,False,0.583767,0,176_linkedin_4379247354,176,linkedin_4379247354
4,7,0,4,0.0,15,0,0.0,0.0,0.2,False,0.20885244,0,295_linkedin_4383643765,295,linkedin_4383643765
4,8,0,4,0.0,10,2,0.2,0.25,0.0,False,0.36512303,0,178_linkedin_4406286320,178,linkedin_4406286320
1,6,0,1,0.0,8,0,0.0,0.0,0.0,False,0.32148728,0,169_linkedin_4306118463,169,linkedin_4306118463
5,3,5,0,1.0,19,0,0.0,0.0,0.0,False,0.22382978,0,790_linkedin_4404388134,790,linkedin_4404388134
9,7,2,7,0.0,11,0,0.0,0.0,0.0,False,0.31508324,0,222_linkedin_4403944525,222,linkedin_4403944525
2,7,5,-3,0.5,18,0,0.0,0.0,0.0,False,0.34303835,0,584_linkedin_4399022535,584,linkedin_4399022535
6,7,5,1,0.8333333333333334,12,1,0.08333333333333333,0.14285714285714285,0.5,False,0.3007343,0,587_linkedin_4396653788,587,linkedin_4396653788
2,6,0,2,0.0,34,0,0.0,0.0,0.0,False,0.2675953,0,263_linkedin_4200229207,263,linkedin_4200229207
13,8,0,13,0.0,31,0,0.0,0.0,0.0,False,0.29293215,0,194_linkedin_4377940084,194,linkedin_4377940084
2,5,0,2,0.0,31,0,0.0,0.0,0.0,False,0.20706998,0,126_linkedin_4401925667,126,linkedin_4401925667
9,8,0,9,0.0,6,0,0.0,0.0,0.0,True,0.23552492,0,581_linkedin_4407156592,581,linkedin_4407156592
7,7,0,7,0.0,19,0,0.0,0.0,0.0,False,0.38425207,0,565_linkedin_4402880781,565,linkedin_4402880781
1,5,1,0,1.0,28,0,0.0,0.0,0.0,False,0.27056193,0,300_linkedin_4372699758,300,linkedin_4372699758
2,5,5,-3,0.5,5,0,0.0,0.0,0.0,False,0.30521908,0,124_linkedin_4341318288,124,linkedin_4341318288
8,7,5,3,0.5,25,0,0.0,0.0,0.0,False,0.26917922,0,191_linkedin_4407907600,191,linkedin_4407907600
14,10,5,9,0.0,13,1,0.07692307692307693,0.1,0.0,False,0.25311726,0,24_linkedin_4406527706,24,linkedin_4406527706
2,7,5,-3,0.5,14,0,0.0,0.0,0.0,False,0.27252278,0,584_linkedin_4306119438,584,linkedin_4306119438
8,7,0,8,0.0,10,0,0.0,0.0,0.0,False,0.42675135,0,191_linkedin_4401519586,191,linkedin_4401519586
5,9,2,3,0.0,16,1,0.0625,0.1111111111111111,0.0,False,0.2985095,0,694_linkedin_4402922325,694,linkedin_4402922325
1,5,0,1,0.0,25,0,0.0,0.0,0.0,False,0.43033144,0,171_linkedin_4406871153,171,linkedin_4406871153
9,8,0,9,0.0,6,0,0.0,0.0,0.0,False,0.40896496,0,581_linkedin_4403639850,581,linkedin_4403639850
2,6,0,2,0.0,16,1,0.0625,0.16666666666666666,0.6666666666666666,False,0.47667778,0,102_linkedin_4379273594,102,linkedin_4379273594
14,10,2,12,0.0,28,4,0.14285714285714285,0.4,0.0,False,0.5320686,0,24_linkedin_4376079627,24,linkedin_4376079627
5,6,2,3,0.0,10,1,0.1,0.16666666666666666,0.0,False,0.296418,0,804_linkedin_4406265589,804,linkedin_4406265589
9,9,0,9,0.0,6,0,0.0,0.0,0.2,False,0.38582072,0,162_linkedin_4367412693,162,linkedin_4367412693
5,8,5,0,1.0,21,0,0.0,0.0,0.0,False,0.4561325,0,11_linkedin_4399146178,11,linkedin_4399146178
8,9,1,7,0.0,32,8,0.25,0.8888888888888888,0.0,False,0.61860055,0,666_linkedin_4404728264,666,linkedin_4404728264
15,6,5,10,0.0,21,0,0.0,0.0,0.2,False,0.5365262,0,632_linkedin_4400366293,632,linkedin_4400366293
7,7,2,5,0.0,27,0,0.0,0.0,0.0,False,0.43138367,0,207_linkedin_4393530729,207,linkedin_4393530729
4,8,0,4,0.0,5,0,0.0,0.0,0.25,False,0.50327826,0,578_linkedin_4393563459,578,linkedin_4393563459
7,6,0,7,0.0,3,0,0.0,0.0,0.0,False,0.29258814,0,636_linkedin_4341090701,636,linkedin_4341090701
9,6,0,9,0.0,29,0,0.0,0.0,0.0,False,0.3699294,0,616_linkedin_4287336027,616,linkedin_4287336027
10,7,2,8,0.0,4,0,0.0,0.0,0.3333333333333333,False,0.46698087,0,271_linkedin_4399266480,271,linkedin_4399266480
12,8,0,12,0.0,10,0,0.0,0.0,0.0,False,0.29203218,0,588_linkedin_4381354100,588,linkedin_4381354100
2,7,8,-6,0.33333333333333337,8,0,0.0,0.0,0.0,False,0.43445492,0,205_linkedin_4316995128,205,linkedin_4316995128
8,9,0,8,0.0,29,0,0.0,0.0,0.0,False,0.33346608,0,17_linkedin_4378971730,17,linkedin_4378971730
12,8,8,4,0.5555555555555556,16,0,0.0,0.0,0.0,False,0.2678977,0,583_linkedin_4407191616,583,linkedin_4407191616
4,8,5,-1,0.8333333333333334,19,0,0.0,0.0,0.0,False,0.39877585,0,31_linkedin_4399610720,31,linkedin_4399610720
7,7,0,7,0.0,29,0,0.0,0.0,0.0,False,0.3149839,0,511_linkedin_4378954930,511,linkedin_4378954930
1,6,5,-4,0.33333333333333337,9,0,0.0,0.0,0.0,False,0.3195774,0,77_linkedin_4407393983,77,linkedin_4407393983
3,5,5,-2,0.6666666666666667,19,0,0.0,0.0,0.0,False,0.29015362,0,299_linkedin_4405175053,299,linkedin_4405175053
10,7,5,5,0.16666666666666663,12,0,0.0,0.0,1.0,False,0.6376699,0,261_linkedin_4389185935,261,linkedin_4389185935
8,4,2,6,0.0,24,0,0.0,0.0,0.0,False,0.12853955,0,791_linkedin_4406448380,791,linkedin_4406448380
4,8,5,-1,0.8333333333333334,24,0,0.0,0.0,0.14285714285714285,False,0.35454863,0,151_linkedin_4393142536,151,linkedin_4393142536
1,6,0,1,0.0,8,1,0.125,0.16666666666666666,0.25,False,0.23701474,0,75_linkedin_4406833892,75,linkedin_4406833892
12,9,5,7,0.0,13,0,0.0,0.0,0.0,True,0.31210712,0,196_linkedin_4403758585,196,linkedin_4403758585
6,6,2,4,0.0,22,0,0.0,0.0,0.0,False,0.35640472,0,617_linkedin_4408769564,617,linkedin_4408769564
2,5,8,-6,0.33333333333333337,30,2,0.06666666666666667,0.4,0.0,False,0.5938482,0,170_linkedin_4401057657,170,linkedin_4401057657
1,6,8,-7,0.2222222222222222,30,0,0.0,0.0,0.0,False,0.3412162,0,518_linkedin_4401057657,518,linkedin_4401057657
2,7,5,-3,0.5,4,0,0.0,0.0,0.14285714285714285,False,0.42117688,0,221_linkedin_4404663537,221,linkedin_4404663537
5,7,1,4,0.0,30,0,0.0,0.0,0.0,False,0.43669498,0,226_linkedin_4337673695,226,linkedin_4337673695
9,9,8,1,0.8888888888888888,17,1,0.058823529411764705,0.1111111111111111,0.3333333333333333,False,0.5563196,0,18_linkedin_4330991194,18,linkedin_4330991194
4,7,8,-4,0.5555555555555556,33,1,0.030303030303030304,0.14285714285714285,0.0,False,0.4150412,0,268_linkedin_4251125151,268,linkedin_4251125151
10,6,5,5,0.16666666666666663,17,0,0.0,0.0,0.0,False,0.5725858,0,621_linkedin_4404657545,621,linkedin_4404657545
7,9,5,2,0.6666666666666667,13,1,0.07692307692307693,0.1111111111111111,0.0,False,0.24152096,0,111_linkedin_4407902644,111,linkedin_4407902644
15,7,1,14,0.0,12,0,0.0,0.0,0.0,False,0.30476135,0,231_linkedin_4374036792,231,linkedin_4374036792
8,9,5,3,0.5,4,0,0.0,0.0,0.0,False,0.27719048,0,138_linkedin_4398603181,138,linkedin_4398603181
3,4,0,3,0.0,6,0,0.0,0.0,0.25,False,0.39853594,0,824_linkedin_4382112573,824,linkedin_4382112573
9,7,2,7,0.0,21,0,0.0,0.0,0.0,False,0.23779416,0,212_linkedin_4403721444,212,linkedin_4403721444
9,9,2,7,0.0,18,3,0.16666666666666666,0.3333333333333333,0.5,False,0.45166606,0,42_linkedin_4398204936,42,linkedin_4398204936
3,7,8,-5,0.4444444444444444,22,1,0.045454545454545456,0.14285714285714285,0.0,False,0.3845363,0,246_linkedin_4399733648,246,linkedin_4399733648
8,2,0,8,0.0,9,0,0.0,0.0,0.0,True,0.36213714,0,736_linkedin_4401071747,736,linkedin_4401071747
2,5,2,0,1.0,10,1,0.1,0.2,0.3333333333333333,False,0.4848342,0,126_linkedin_4371387533,126,linkedin_4371387533
10,7,0,10,0.0,11,0,0.0,0.0,0.5,False,0.3754358,0,261_linkedin_4114568975,261,linkedin_4114568975
1,6,0,1,0.0,16,0,0.0,0.0,0.5,False,0.44181934,0,145_linkedin_4358861183,145,linkedin_4358861183
12,10,8,4,0.5555555555555556,36,2,0.05555555555555555,0.2,0.0,False,0.28382817,0,118_linkedin_4403667187,118,linkedin_4403667187
5,9,0,5,0.0,36,3,0.08333333333333333,0.3333333333333333,0.5,False,0.5879366,0,745_linkedin_4397994905,745,linkedin_4397994905
5,8,2,3,0.0,16,0,0.0,0.0,0.0,False,0.4749654,0,11_linkedin_4405049438,11,linkedin_4405049438
1,5,5,-4,0.33333333333333337,24,1,0.041666666666666664,0.2,0.3333333333333333,False,0.5455133,0,1_linkedin_4395957404,1,linkedin_4395957404
7,7,0,7,0.0,9,0,0.0,0.0,0.3333333333333333,False,0.24226685,0,272_linkedin_4369660643,272,linkedin_4369660643
6,7,0,6,0.0,13,0,0.0,0.0,0.0,False,0.41386414,0,215_linkedin_4387912507,215,linkedin_4387912507
1,6,0,1,0.0,19,4,0.21052631578947367,0.6666666666666666,0.3333333333333333,False,0.61945796,0,25_linkedin_4358452670,25,linkedin_4358452670
1,6,5,-4,0.33333333333333337,15,0,0.0,0.0,0.0,False,0.30565003,0,243_linkedin_4387281486,243,linkedin_4387281486
1,6,8,-7,0.2222222222222222,16,0,0.0,0.0,0.1111111111111111,False,0.27999747,0,101_linkedin_4299777256,101,linkedin_4299777256
4,7,2,2,0.33333333333333337,24,0,0.0,0.0,0.1111111111111111,False,0.3515683,0,295_linkedin_4405632305,295,linkedin_4405632305
7,9,8,-1,0.8888888888888888,8,0,0.0,0.0,0.0,False,0.28944734,0,134_linkedin_4323617946,134,linkedin_4323617946
10,7,0,10,0.0,16,0,0.0,0.0,0.0,False,0.37150604,0,293_linkedin_4392474018,293,linkedin_4392474018
5,2,2,3,0.0,16,1,0.0625,0.5,0.3333333333333333,False,0.4586649,0,753_linkedin_4405354092,753,linkedin_4405354092
11,7,2,9,0.0,17,0,0.0,0.0,0.25,False,0.24131182,0,208_linkedin_4387283659,208,linkedin_4387283659
4,7,1,3,0.0,6,0,0.0,0.0,0.5,False,0.35671827,0,268_linkedin_4406452990,268,linkedin_4406452990
3,5,0,3,0.0,17,1,0.058823529411764705,0.2,0.0,False,0.33842647,0,807_linkedin_4392183467,807,linkedin_4392183467
8,8,5,3,0.5,20,0,0.0,0.0,0.3333333333333333,False,0.46338385,0,160_linkedin_4394487499,160,linkedin_4394487499
3,9,2,1,0.6666666666666667,16,1,0.0625,0.1111111111111111,0.0,True,0.4129995,0,833_linkedin_4401736278,833,linkedin_4401736278
9,7,0,9,0.0,10,0,0.0,0.0,0.0,False,0.3343162,0,275_linkedin_4401519586,275,linkedin_4401519586
2,7,8,-6,0.33333333333333337,21,0,0.0,0.0,0.0,False,0.4013501,0,566_linkedin_4402789919,566,linkedin_4402789919
4,8,8,-4,0.5555555555555556,31,1,0.03225806451612903,0.125,0.0,False,0.43798876,0,7_linkedin_4403886522,7,linkedin_4403886522
7,7,2,5,0.0,10,0,0.0,0.0,0.25,False,0.5107041,0,220_linkedin_4147916347,220,linkedin_4147916347
9,7,2,7,0.0,19,1,0.05263157894736842,0.14285714285714285,0.0,False,0.42286316,0,212_linkedin_4400904678,212,linkedin_4400904678
5,9,0,5,0.0,15,2,0.13333333333333333,0.2222222222222222,0.0,False,0.23269904,0,669_linkedin_4407621824,669,linkedin_4407621824
10,5,0,10,0.0,11,0,0.0,0.0,0.3333333333333333,False,0.2540945,0,305_linkedin_4350925352,305,linkedin_4350925352
12,7,0,12,0.0,10,0,0.0,0.0,0.0,False,0.39937353,0,204_linkedin_4404677289,204,linkedin_4404677289
9,7,2,7,0.0,9,0,0.0,0.0,0.5,False,0.46968436,0,591_linkedin_4399974682,591,linkedin_4399974682
2,5,5,-3,0.5,15,0,0.0,0.0,0.0,False,0.18252796,0,304_linkedin_4387246058,304,linkedin_4387246058
7,7,0,7,0.0,21,0,0.0,0.0,0.0,False,0.31196517,0,259_linkedin_4399138767,259,linkedin_4399138767
15,5,5,10,0.0,21,0,0.0,0.0,1.0,False,0.6943616,0,310_linkedin_4402429137,310,linkedin_4402429137
5,8,0,5,0.0,9,1,0.1111111111111111,0.125,0.0,False,0.2070114,0,539_linkedin_4196613050,539,linkedin_4196613050
5,9,0,5,0.0,8,1,0.125,0.1111111111111111,0.0,False,0.32307136,0,746_linkedin_4389947100,746,linkedin_4389947100
8,9,0,8,0.0,12,1,0.08333333333333333,0.1111111111111111,0.3333333333333333,False,0.5766668,0,40_linkedin_3918424825,40,linkedin_3918424825
11,8,0,11,0.0,8,0,0.0,0.0,0.0,False,0.28808802,0,562_linkedin_4341593467,562,linkedin_4341593467
2,5,8,-6,0.33333333333333337,21,1,0.047619047619047616,0.2,0.0,False,0.43703935,0,2_linkedin_4404204086,2,linkedin_4404204086
15,9,5,10,0.0,18,2,0.1111111111111111,0.2222222222222222,0.0,False,0.35817862,0,200_linkedin_4402417926,200,linkedin_4402417926
8,6,2,6,0.0,7,0,0.0,0.0,0.16666666666666666,False,0.5319158,0,600_linkedin_4360662878,600,linkedin_4360662878
2,6,0,2,0.0,9,1,0.1111111111111111,0.16666666666666666,0.3333333333333333,False,0.354353,0,100_linkedin_4398099427,100,linkedin_4398099427
2,5,0,2,0.0,4,0,0.0,0.0,0.125,False,0.53413326,0,304_linkedin_4403747957,304,linkedin_4403747957
8,6,1,7,0.0,5,0,0.0,0.0,0.0,False,0.32271355,0,622_linkedin_4366700263,622,linkedin_4366700263
4,6,2,2,0.33333333333333337,22,0,0.0,0.0,0.0,False,0.16518173,0,603_linkedin_4407156851,603,linkedin_4407156851
10,7,2,8,0.0,14,0,0.0,0.0,0.0,False,0.18615593,0,216_linkedin_4404031827,216,linkedin_4404031827
2,5,5,-3,0.5,19,1,0.05263157894736842,0.2,0.6666666666666666,False,0.660579,0,2_linkedin_4295001056,2,linkedin_4295001056
1,6,2,-1,0.6666666666666667,6,0,0.0,0.0,0.0,False,0.34037712,0,269_linkedin_4404172755,269,linkedin_4404172755
5,9,5,0,1.0,17,1,0.058823529411764705,0.1111111111111111,0.0,False,0.293848,0,668_linkedin_4379247354,668,linkedin_4379247354
12,7,0,12,0.0,17,0,0.0,0.0,0.25,False,0.2801089,0,227_linkedin_4409002273,227,linkedin_4409002273
3,8,0,3,0.0,22,1,0.045454545454545456,0.125,0.0,False,0.25992993,0,827_linkedin_4384339047,827,linkedin_4384339047
2,6,0,2,0.0,17,0,0.0,0.0,0.0,False,0.29055566,0,28_linkedin_4394418470,28,linkedin_4394418470
2,7,1,1,0.5,2,0,0.0,0.0,0.0,False,0.24428451,0,584_linkedin_4373581271,584,linkedin_4373581271
5,9,2,3,0.0,16,3,0.1875,0.3333333333333333,0.0,False,0.5413575,0,818_linkedin_4394754885,818,linkedin_4394754885
2,6,0,2,0.0,37,6,0.16216216216216217,1.0,0.3333333333333333,False,0.65893745,0,98_linkedin_4406860342,98,linkedin_4406860342
7,6,0,7,0.0,18,0,0.0,0.0,0.0,False,0.3576466,0,608_linkedin_4374021878,608,linkedin_4374021878
14,10,0,14,0.0,16,6,0.375,0.6,0.0,True,0.33746302,0,119_linkedin_4379840219,119,linkedin_4379840219
7,7,5,2,0.6666666666666667,12,1,0.08333333333333333,0.14285714285714285,0.6666666666666666,False,0.58723795,0,272_linkedin_4401909884,272,linkedin_4401909884
5,4,5,0,1.0,15,2,0.13333333333333333,0.5,0.3333333333333333,False,0.37341857,0,752_linkedin_4407043414,752,linkedin_4407043414
5,9,2,3,0.0,10,1,0.1,0.1111111111111111,0.0,False,0.3478008,0,746_linkedin_4344686674,746,linkedin_4344686674
1,5,1,0,1.0,8,0,0.0,0.0,0.0,False,0.23583141,0,125_linkedin_4372149691,125,linkedin_4372149691
1,5,5,-4,0.33333333333333337,9,0,0.0,0.0,0.0,False,0.5508826,0,309_linkedin_4405496715,309,linkedin_4405496715
5,2,0,5,0.0,30,1,0.03333333333333333,0.5,0.0,False,0.34352866,0,676_linkedin_4399676095,676,linkedin_4399676095
8,9,2,6,0.0,10,0,0.0,0.0,0.16666666666666666,False,0.25938714,0,138_linkedin_4373091275,138,linkedin_4373091275
2,7,5,-3,0.5,12,0,0.0,0.0,0.0,False,0.23318678,0,594_linkedin_4407853934,594,linkedin_4407853934
8,7,5,3,0.5,9,0,0.0,0.0,0.5,False,0.49231598,0,575_linkedin_4389601181,575,linkedin_4389601181
1,7,0,1,0.0,12,3,0.25,0.42857142857142855,0.16666666666666666,False,0.70324266,0,561_linkedin_4408771202,561,linkedin_4408771202
7,9,8,-1,0.8888888888888888,24,5,0.20833333333333334,0.5555555555555556,0.0,False,0.40723348,0,111_linkedin_4404804267,111,linkedin_4404804267
5,4,0,5,0.0,6,0,0.0,0.0,0.0,False,0.4674352,0,801_linkedin_4405289858,801,linkedin_4405289858
2,5,2,0,1.0,11,0,0.0,0.0,0.0,False,0.22630185,0,126_linkedin_4403375333,126,linkedin_4403375333
5,6,0,5,0.0,15,1,0.06666666666666667,0.16666666666666666,0.0,False,0.5702492,0,678_linkedin_4404302972,678,linkedin_4404302972
4,7,1,3,0.0,5,0,0.0,0.0,0.0,False,0.2720214,0,295_linkedin_4366700263,295,linkedin_4366700263
4,9,0,4,0.0,17,1,0.058823529411764705,0.1111111111111111,0.0,False,0.31649107,0,816_linkedin_4395248240,816,linkedin_4395248240
8,4,0,8,0.0,21,3,0.14285714285714285,0.75,0.0,False,0.49060738,0,664_linkedin_4344535529,664,linkedin_4344535529
9,9,5,4,0.33333333333333337,11,0,0.0,0.0,0.0,False,0.3170259,0,159_linkedin_4401372984,159,linkedin_4401372984
6,6,1,5,0.0,45,0,0.0,0.0,0.0,False,0.36546084,0,601_linkedin_4326582848,601,linkedin_4326582848
9,7,0,9,0.0,30,0,0.0,0.0,0.16666666666666666,False,0.43422508,0,222_linkedin_4378335649,222,linkedin_4378335649
15,7,0,15,0.0,15,0,0.0,0.0,0.0,False,0.4821457,0,247_linkedin_4389712094,247,linkedin_4389712094
4,7,0,4,0.0,29,0,0.0,0.0,0.0,False,0.25886697,0,225_linkedin_4378954930,225,linkedin_4378954930
1,7,0,1,0.0,10,0,0.0,0.0,1.0,False,0.47576365,0,561_linkedin_4402118734,561,linkedin_4402118734
1,6,5,-4,0.33333333333333337,16,0,0.0,0.0,0.25,False,0.48246998,0,101_linkedin_4393458442,101,linkedin_4393458442
5,7,2,3,0.0,16,3,0.1875,0.42857142857142855,0.0,False,0.40929306,0,670_linkedin_4374661990,670,linkedin_4374661990
1,5,0,1,0.0,37,0,0.0,0.0,0.0,False,0.3068195,0,630_linkedin_4406860342,630,linkedin_4406860342
5,9,5,0,1.0,22,1,0.045454545454545456,0.1111111111111111,0.0,False,0.36137438,0,673_linkedin_4405127603,673,linkedin_4405127603
5,8,0,5,0.0,21,1,0.047619047619047616,0.125,0.0,False,0.4209039,0,177_linkedin_4404078812,177,linkedin_4404078812
7,7,0,7,0.0,14,1,0.07142857142857142,0.14285714285714285,0.3333333333333333,False,0.56720513,0,272_linkedin_4393801492,272,linkedin_4393801492
5,2,0,5,0.0,14,1,0.07142857142857142,0.5,0.0,False,0.3921485,0,734_linkedin_4404449057,734,linkedin_4404449057
4,9,0,4,0.0,11,1,0.09090909090909091,0.1111111111111111,0.0,False,0.45460355,0,813_linkedin_4404745415,813,linkedin_4404745415
9,9,5,4,0.33333333333333337,15,0,0.0,0.0,0.14285714285714285,False,0.45232433,0,192_linkedin_4394768964,192,linkedin_4394768964
4,5,2,2,0.33333333333333337,19,0,0.0,0.0,0.0,False,0.2923536,0,297_linkedin_4379617586,297,linkedin_4379617586
4,8,0,4,0.0,16,1,0.0625,0.125,0.0,False,0.41340384,0,108_linkedin_4168640100,108,linkedin_4168640100
1,6,0,1,0.0,15,5,0.3333333333333333,0.8333333333333334,0.0,False,0.5635779,0,99_linkedin_4398177856,99,linkedin_4398177856
8,9,8,0,1.0,16,0,0.0,0.0,0.0,False,0.2776982,0,188_linkedin_4407191616,188,linkedin_4407191616
5,9,0,5,0.0,1,0,0.0,0.0,0.0,False,0.19020647,0,712_linkedin_4408065442,712,linkedin_4408065442
8,7,5,3,0.5,16,1,0.0625,0.14285714285714285,1.0,False,0.4415304,0,554_linkedin_4399270596,554,linkedin_4399270596
5,7,5,0,1.0,16,0,0.0,0.0,0.0,False,0.41055706,0,239_linkedin_4405913392,239,linkedin_4405913392
8,9,0,8,0.0,22,1,0.045454545454545456,0.1111111111111111,0.0,False,0.29232594,0,13_linkedin_4384339047,13,linkedin_4384339047
10,7,5,5,0.16666666666666663,25,0,0.0,0.0,0.0,False,0.29236466,0,245_linkedin_4389564579,245,linkedin_4389564579
7,7,0,7,0.0,6,0,0.0,0.0,0.0,False,0.2471694,0,259_linkedin_4346575294,259,linkedin_4346575294
12,7,2,10,0.0,13,0,0.0,0.0,0.0,False,0.37375766,0,238_linkedin_4409045536,238,linkedin_4409045536
15,5,5,10,0.0,14,0,0.0,0.0,0.0,False,0.29796627,0,310_linkedin_4402749745,310,linkedin_4402749745
7,7,0,7,0.0,10,0,0.0,0.0,0.0,False,0.24159876,0,272_linkedin_4306129256,272,linkedin_4306129256
7,8,5,2,0.6666666666666667,7,0,0.0,0.0,0.5,False,0.4123256,0,533_linkedin_4398474947,533,linkedin_4398474947
4,9,0,4,0.0,19,2,0.10526315789473684,0.2222222222222222,0.0,False,0.28580698,0,813_linkedin_4406231298,813,linkedin_4406231298
1,6,0,1,0.0,35,1,0.02857142857142857,0.16666666666666666,0.0,False,0.37000066,0,252_linkedin_4405527199,252,linkedin_4405527199
8,8,5,3,0.5,13,0,0.0,0.0,0.0,False,0.20869002,0,186_linkedin_4404215608,186,linkedin_4404215608
9,7,5,4,0.33333333333333337,16,0,0.0,0.0,0.25,False,0.32030037,0,591_linkedin_4364156847,591,linkedin_4364156847
7,7,8,-1,0.8888888888888888,12,0,0.0,0.0,0.2,False,0.49681008,0,259_linkedin_4376081045,259,linkedin_4376081045
1,5,5,-4,0.33333333333333337,19,1,0.05263157894736842,0.2,0.0,False,0.34294757,0,173_linkedin_4404290021,173,linkedin_4404290021
6,6,5,1,0.8333333333333334,11,0,0.0,0.0,0.0,False,0.30720568,0,601_linkedin_4401372984,601,linkedin_4401372984
7,7,5,2,0.6666666666666667,17,0,0.0,0.0,0.2,False,0.37971053,0,279_linkedin_4357742793,279,linkedin_4357742793
6,7,8,-2,0.7777777777777778,20,0,0.0,0.0,0.3333333333333333,False,0.3619223,0,282_linkedin_4400515080,282,linkedin_4400515080
2,6,5,-3,0.5,7,0,0.0,0.0,0.0,False,0.27741104,0,530_linkedin_4401186727,530,linkedin_4401186727
7,7,2,5,0.0,14,0,0.0,0.0,0.0,False,0.2247598,0,207_linkedin_4404031827,207,linkedin_4404031827
1,6,2,-1,0.6666666666666667,33,1,0.030303030303030304,0.16666666666666666,0.0,False,0.20674267,0,27_linkedin_4407381628,27,linkedin_4407381628
1,6,0,1,0.0,13,0,0.0,0.0,0.0,False,0.3389978,0,257_linkedin_4403121972,257,linkedin_4403121972
5,6,2,3,0.0,14,2,0.14285714285714285,0.3333333333333333,0.3333333333333333,False,0.26439098,0,672_linkedin_4404031827,672,linkedin_4404031827
11,8,2,9,0.0,9,2,0.2222222222222222,0.25,0.3333333333333333,False,0.40766284,0,537_linkedin_4330008476,537,linkedin_4330008476
9,6,0,9,0.0,16,0,0.0,0.0,0.0,False,0.050715428,0,525_linkedin_4384724835,525,linkedin_4384724835
4,9,2,2,0.33333333333333337,17,1,0.058823529411764705,0.1111111111111111,0.0,False,0.1594644,0,816_linkedin_4387283659,816,linkedin_4387283659
8,7,0,8,0.0,23,0,0.0,0.0,0.0,False,0.3126518,0,203_linkedin_4361456769,203,linkedin_4361456769
13,8,5,8,0.0,17,0,0.0,0.0,0.0,False,0.34562972,0,194_linkedin_4403784076,194,linkedin_4403784076
9,9,0,9,0.0,5,0,0.0,0.0,0.5,False,0.47382215,0,162_linkedin_4335981820,162,linkedin_4335981820
2,6,2,0,1.0,13,0,0.0,0.0,0.3333333333333333,True,0.17914863,0,28_linkedin_4326233529,28,linkedin_4326233529
11,7,8,3,0.6666666666666667,16,4,0.25,0.5714285714285714,0.2,False,0.525504,0,515_linkedin_4403389903,515,linkedin_4403389903
11,7,0,11,0.0,26,0,0.0,0.0,0.25,False,0.51957965,0,515_linkedin_4404429716,515,linkedin_4404429716
11,7,5,6,0.0,16,0,0.0,0.0,0.0,False,0.343708,0,515_linkedin_4399270596,515,linkedin_4399270596
4,8,5,-1,0.8333333333333334,5,0,0.0,0.0,0.0,False,0.45916772,0,10_linkedin_4341318288,10,linkedin_4341318288
5,3,0,5,0.0,13,1,0.07692307692307693,0.3333333333333333,0.0,False,0.30683365,0,714_linkedin_4405538487,714,linkedin_4405538487
12,7,2,10,0.0,22,1,0.045454545454545456,0.14285714285714285,0.0,False,0.42209238,0,520_linkedin_4396347120,520,linkedin_4396347120
7,9,0,7,0.0,12,1,0.08333333333333333,0.1111111111111111,0.3333333333333333,False,0.46507156,0,187_linkedin_4405981417,187,linkedin_4405981417
20,7,0,20,0.0,36,1,0.027777777777777776,0.14285714285714285,0.0,False,0.3259844,0,638_linkedin_4407806772,638,linkedin_4407806772
5,9,1,4,0.0,32,5,0.15625,0.5555555555555556,0.0,False,0.33139896,0,699_linkedin_4404728264,699,linkedin_4404728264
2,5,0,2,0.0,16,2,0.125,0.4,0.2857142857142857,False,0.556446,0,4_linkedin_4405651873,4,linkedin_4405651873
5,9,2,3,0.0,27,7,0.25925925925925924,0.7777777777777778,0.0,False,0.49591023,0,668_linkedin_4400185006,668,linkedin_4400185006
9,7,8,1,0.8888888888888888,19,0,0.0,0.0,0.16666666666666666,False,0.3540519,0,550_linkedin_4325783445,550,linkedin_4325783445
5,7,0,5,0.0,18,0,0.0,0.0,0.0,False,0.38167027,0,266_linkedin_4384383054,266,linkedin_4384383054
2,7,0,2,0.0,21,1,0.047619047619047616,0.14285714285714285,0.6666666666666666,False,0.363426,0,283_linkedin_4397564324,283,linkedin_4397564324
2,6,2,0,1.0,19,1,0.05263157894736842,0.16666666666666666,0.16666666666666666,False,0.42280072,0,102_linkedin_4398360031,102,linkedin_4398360031
9,7,0,9,0.0,12,0,0.0,0.0,0.0,False,0.29415494,0,212_linkedin_4389898782,212,linkedin_4389898782
13,10,0,13,0.0,11,2,0.18181818181818182,0.2,0.0,False,0.23240174,0,120_linkedin_4248785248,120,linkedin_4248785248
5,8,0,5,0.0,6,0,0.0,0.0,0.0,False,0.26410526,0,128_linkedin_4372115927,128,linkedin_4372115927
10,7,5,5,0.16666666666666663,17,0,0.0,0.0,0.25,False,0.28181627,0,557_linkedin_4350643158,557,linkedin_4350643158
2,5,1,1,0.5,15,0,0.0,0.0,0.25,False,0.4301775,0,126_linkedin_4398769407,126,linkedin_4398769407
2,6,2,0,1.0,5,0,0.0,0.0,0.0,False,0.44221616,0,28_linkedin_4306127270,28,linkedin_4306127270
2,7,8,-6,0.33333333333333337,16,1,0.0625,0.14285714285714285,0.0,False,0.2264614,0,221_linkedin_4404853370,221,linkedin_4404853370
5,7,5,0,1.0,21,2,0.09523809523809523,0.2857142857142857,0.0,False,0.3565716,0,670_linkedin_4406465454,670,linkedin_4406465454
2,5,5,-3,0.5,11,0,0.0,0.0,0.0,False,0.37780067,0,304_linkedin_4380772028,304,linkedin_4380772028
4,8,2,2,0.33333333333333337,9,1,0.1111111111111111,0.125,0.0,False,0.46411988,0,34_linkedin_4404033801,34,linkedin_4404033801
10,6,0,10,0.0,29,0,0.0,0.0,0.3333333333333333,False,0.4850303,0,621_linkedin_4378954930,621,linkedin_4378954930
5,4,5,0,1.0,19,1,0.05263157894736842,0.25,0.0,False,0.31509626,0,758_linkedin_4404388134,758,linkedin_4404388134
7,7,5,2,0.6666666666666667,11,1,0.09090909090909091,0.14285714285714285,0.0,False,0.41251862,0,240_linkedin_4401372984,240,linkedin_4401372984
10,7,2,8,0.0,16,1,0.0625,0.14285714285714285,0.0,False,0.44012102,0,216_linkedin_4405049438,216,linkedin_4405049438
8,7,2,6,0.0,12,0,0.0,0.0,0.2,False,0.27722654,0,575_linkedin_4302730124,575,linkedin_4302730124
3,2,5,-2,0.6666666666666667,27,1,0.037037037037037035,0.5,0.0,False,0.3030474,0,825_linkedin_4400454837,825,linkedin_4400454837
15,6,5,10,0.0,20,1,0.05,0.16666666666666666,0.16666666666666666,False,0.6646729,0,632_linkedin_4377203688,632,linkedin_4377203688
7,6,0,7,0.0,21,0,0.0,0.0,0.2,False,0.3555679,0,613_linkedin_4388787599,613,linkedin_4388787599
2,6,0,2,0.0,5,1,0.2,0.16666666666666666,0.6666666666666666,False,0.5102348,0,146_linkedin_4367318250,146,linkedin_4367318250
2,6,0,2,0.0,10,0,0.0,0.0,0.16666666666666666,False,0.5637513,0,513_linkedin_4258065244,513,linkedin_4258065244
3,8,0,3,0.0,21,2,0.09523809523809523,0.25,0.0,False,0.23493558,0,686_linkedin_4397564324,686,linkedin_4397564324
2,7,0,2,0.0,17,0,0.0,0.0,0.2,False,0.44423977,0,566_linkedin_4406552989,566,linkedin_4406552989
9,9,0,9,0.0,21,1,0.047619047619047616,0.1111111111111111,0.0,False,0.3718506,0,192_linkedin_4397564324,192,linkedin_4397564324
12,10,0,12,0.0,12,1,0.08333333333333333,0.1,0.0,False,0.6279178,0,72_linkedin_4389967675,72,linkedin_4389967675
2,7,0,2,0.0,33,0,0.0,0.0,0.0,False,0.29898238,0,566_linkedin_4406297081,566,linkedin_4406297081
5,8,5,0,1.0,18,1,0.05555555555555555,0.125,0.0,False,0.39443272,0,184_linkedin_4398138025,184,linkedin_4398138025
5,6,0,5,0.0,8,1,0.125,0.16666666666666666,0.0,False,0.27427015,0,517_linkedin_4389947100,517,linkedin_4389947100
2,6,0,2,0.0,18,2,0.1111111111111111,0.3333333333333333,0.25,False,0.46968046,0,150_linkedin_4393044060,150,linkedin_4393044060
10,9,5,5,0.16666666666666663,6,0,0.0,0.0,0.0,False,0.31717536,0,114_linkedin_4383910678,114,linkedin_4383910678
3,9,2,1,0.6666666666666667,12,1,0.08333333333333333,0.1111111111111111,0.0,False,0.3047759,0,831_linkedin_4401730691,831,linkedin_4401730691
10,7,0,10,0.0,10,0,0.0,0.0,0.0,False,0.2896664,0,245_linkedin_4406216770,245,linkedin_4406216770
15,7,8,7,0.2222222222222222,6,0,0.0,0.0,0.0,False,0.31976214,0,277_linkedin_4229843285,277,linkedin_4229843285
12,8,0,12,0.0,18,0,0.0,0.0,0.0,False,0.2315373,0,588_linkedin_4127198812,588,linkedin_4127198812
6,7,8,-2,0.7777777777777778,21,1,0.047619047619047616,0.14285714285714285,0.0,False,0.45790863,0,223_linkedin_4404204086,223,linkedin_4404204086
6,7,0,6,0.0,9,0,0.0,0.0,0.0,True,0.2961817,0,587_linkedin_4249315561,587,linkedin_4249315561
14,10,0,14,0.0,15,1,0.06666666666666667,0.1,0.5,False,0.41048706,0,24_linkedin_4402381008,24,linkedin_4402381008
5,9,1,4,0.0,18,2,0.1111111111111111,0.2222222222222222,0.0,False,0.48168048,0,701_linkedin_4095195699,701,linkedin_4095195699
11,7,0,11,0.0,22,0,0.0,0.0,0.0,False,0.2967664,0,208_linkedin_4380689443,208,linkedin_4380689443
10,7,5,5,0.16666666666666663,14,0,0.0,0.0,0.3333333333333333,False,0.34648764,0,261_linkedin_4407920200,261,linkedin_4407920200
5,5,5,0,1.0,9,0,0.0,0.0,0.0,False,0.40826085,0,771_linkedin_4346702156,771,linkedin_4346702156
7,9,1,6,0.0,14,2,0.14285714285714285,0.2222222222222222,0.0,False,0.47395566,0,137_linkedin_4404732037,137,linkedin_4404732037
2,6,5,-3,0.5,17,4,0.23529411764705882,0.6666666666666666,0.5,False,0.36018118,0,176_linkedin_4350643158,176,linkedin_4350643158
1,5,0,1,0.0,18,1,0.05555555555555555,0.2,0.5,False,0.3872164,0,630_linkedin_4402124066,630,linkedin_4402124066
5,9,8,-3,0.6666666666666667,29,4,0.13793103448275862,0.4444444444444444,0.2,False,0.32766655,0,694_linkedin_4394349178,694,linkedin_4394349178
3,9,0,3,0.0,7,1,0.14285714285714285,0.1111111111111111,0.0,False,0.24008986,0,833_linkedin_4401717889,833,linkedin_4401717889
14,10,0,14,0.0,14,2,0.14285714285714285,0.2,0.0,False,0.50077,0,119_linkedin_4391510726,119,linkedin_4391510726
8,8,0,8,0.0,21,0,0.0,0.0,0.3333333333333333,False,0.39032888,0,186_linkedin_4265888305,186,linkedin_4265888305
2,6,2,0,1.0,19,4,0.21052631578947367,0.6666666666666666,0.5,False,0.6418239,0,98_linkedin_4344855337,98,linkedin_4344855337
6,7,0,6,0.0,27,0,0.0,0.0,0.0,False,0.45723405,0,590_linkedin_4404050062,590,linkedin_4404050062
4,5,5,-1,0.8333333333333334,9,0,0.0,0.0,0.0,False,0.5060693,0,307_linkedin_4346702156,307,linkedin_4346702156
5,9,8,-3,0.6666666666666667,12,0,0.0,0.0,0.0,False,0.24681896,0,728_linkedin_4376081045,728,linkedin_4376081045
15,7,0,15,0.0,14,1,0.07142857142857142,0.14285714285714285,0.25,False,0.3928386,0,247_linkedin_4400134403,247,linkedin_4400134403
7,7,8,-1,0.8888888888888888,16,0,0.0,0.0,0.0,False,0.26823688,0,220_linkedin_4407191616,220,linkedin_4407191616
9,9,0,9,0.0,11,1,0.09090909090909091,0.1111111111111111,0.0,False,0.335876,0,110_linkedin_4390835113,110,linkedin_4390835113
12,9,2,10,0.0,16,1,0.0625,0.1111111111111111,0.0,False,0.47835547,0,196_linkedin_4402922325,196,linkedin_4402922325
7,7,2,5,0.0,13,0,0.0,0.0,1.0,False,0.49964312,0,233_linkedin_4402249706,233,linkedin_4402249706
7,7,0,7,0.0,15,1,0.06666666666666667,0.14285714285714285,0.3333333333333333,False,0.5419259,0,511_linkedin_4404302967,511,linkedin_4404302967
9,8,2,7,0.0,9,0,0.0,0.0,0.0,False,0.5001512,0,581_linkedin_4404593089,581,linkedin_4404593089
2,6,1,1,0.5,11,1,0.09090909090909091,0.16666666666666666,0.3333333333333333,False,0.4031629,0,100_linkedin_4402102747,100,linkedin_4402102747
5,9,0,5,0.0,6,0,0.0,0.0,0.0,False,0.47011462,0,748_linkedin_4393562004,748,linkedin_4393562004
9,7,2,7,0.0,12,0,0.0,0.0,0.0,False,0.41550025,0,241_linkedin_4388479219,241,linkedin_4388479219
15,9,5,10,0.0,20,0,0.0,0.0,0.0,False,0.2738387,0,195_linkedin_4399860023,195,linkedin_4399860023
4,7,0,4,0.0,14,0,0.0,0.0,0.0,False,0.2246755,0,236_linkedin_4393801492,236,linkedin_4393801492
8,9,8,0,1.0,16,0,0.0,0.0,0.0,False,0.40331617,0,90_linkedin_4407191616,90,linkedin_4407191616
8,7,5,3,0.5,25,2,0.08,0.2857142857142857,0.125,False,0.36584666,0,264_linkedin_4389564579,264,linkedin_4389564579
5,7,0,5,0.0,11,0,0.0,0.0,0.3333333333333333,False,0.46292898,0,685_linkedin_4404298395,685,linkedin_4404298395
10,5,1,9,0.0,25,0,0.0,0.0,0.0,False,0.38672882,0,305_linkedin_4302530492,305,linkedin_4302530492
1,7,2,-1,0.6666666666666667,12,0,0.0,0.0,0.25,False,0.4575298,0,548_linkedin_4408787976,548,linkedin_4408787976
4,7,8,-4,0.5555555555555556,29,0,0.0,0.0,0.0,False,0.2746635,0,585_linkedin_4394349178,585,linkedin_4394349178
2,6,2,0,1.0,22,3,0.13636363636363635,0.5,0.0,False,0.27227086,0,263_linkedin_4397676781,263,linkedin_4397676781
7,9,2,5,0.0,21,3,0.14285714285714285,0.3333333333333333,0.25,False,0.5507395,0,41_linkedin_4402481757,41,linkedin_4402481757
5,8,0,5,0.0,17,0,0.0,0.0,0.0,False,0.28931376,0,8_linkedin_4371957148,8,linkedin_4371957148
5,2,0,5,0.0,19,0,0.0,0.0,0.0,False,0.33127344,0,735_linkedin_4393018333,735,linkedin_4393018333
7,6,5,2,0.6666666666666667,17,0,0.0,0.0,0.16666666666666666,False,0.2946829,0,613_linkedin_4392503699,613,linkedin_4392503699
6,3,2,4,0.0,10,0,0.0,0.0,0.0,False,0.47976086,0,800_linkedin_4398806209,800,linkedin_4398806209
5,2,5,0,1.0,11,1,0.09090909090909091,0.5,0.0,False,0.28639278,0,823_linkedin_4338701818,823,linkedin_4338701818
9,7,2,7,0.0,16,0,0.0,0.0,0.0,False,0.21632737,0,591_linkedin_4379415346,591,linkedin_4379415346
6,6,2,4,0.0,16,1,0.0625,0.16666666666666666,0.6666666666666666,False,0.5878081,0,617_linkedin_4402922325,617,linkedin_4402922325
9,9,0,9,0.0,10,0,0.0,0.0,0.0,False,0.27367258,0,18_linkedin_4399509733,18,linkedin_4399509733
5,8,0,5,0.0,28,0,0.0,0.0,0.0,False,0.18016085,0,131_linkedin_4281973232,131,linkedin_4281973232
3,8,2,1,0.6666666666666667,13,1,0.07692307692307693,0.125,0.25,False,0.38083848,0,9_linkedin_4409038877,9,linkedin_4409038877
10,7,0,10,0.0,31,0,0.0,0.0,0.0,False,0.38045585,0,293_linkedin_4401925667,293,linkedin_4401925667
5,6,0,5,0.0,12,1,0.08333333333333333,0.16666666666666666,0.0,False,0.35237062,0,517_linkedin_4371039081,517,linkedin_4371039081
10,7,0,10,0.0,22,0,0.0,0.0,0.0,False,0.3993506,0,271_linkedin_4393857515,271,linkedin_4393857515
1,6,2,-1,0.6666666666666667,17,0,0.0,0.0,0.75,False,0.4511242,0,619_linkedin_4387283659,619,linkedin_4387283659
0,5,5,-5,0.16666666666666663,19,0,0.0,0.0,0.5,False,0.5344156,0,637_linkedin_4322258118,637,linkedin_4322258118
9,7,5,4,0.33333333333333337,29,0,0.0,0.0,0.0,False,0.399951,0,241_linkedin_4388250228,241,linkedin_4388250228
11,8,5,6,0.0,21,1,0.047619047619047616,0.125,0.0,False,0.27153254,0,531_linkedin_4402429137,531,linkedin_4402429137
2,9,5,-3,0.5,15,0,0.0,0.0,0.0,False,0.34416273,0,780_linkedin_4403699712,780,linkedin_4403699712
8,2,5,3,0.5,21,2,0.09523809523809523,1.0,0.0,False,0.42397812,0,736_linkedin_4399847413,736,linkedin_4399847413
12,7,5,7,0.0,20,0,0.0,0.0,0.2,False,0.47165895,0,204_linkedin_4366742804,204,linkedin_4366742804
7,9,5,2,0.6666666666666667,20,1,0.05,0.1111111111111111,0.0,False,0.28097814,0,41_linkedin_4406276789,41,linkedin_4406276789
2,6,0,2,0.0,21,0,0.0,0.0,0.0,False,0.39770237,0,176_linkedin_4389813606,176,linkedin_4389813606
2,7,0,2,0.0,16,0,0.0,0.0,0.0,False,0.34165046,0,205_linkedin_4392474018,205,linkedin_4392474018
7,7,2,5,0.0,15,1,0.06666666666666667,0.14285714285714285,0.2857142857142857,False,0.30487815,0,233_linkedin_4380699619,233,linkedin_4380699619
8,8,5,3,0.5,22,2,0.09090909090909091,0.25,0.5,False,0.28170457,0,160_linkedin_4365049877,160,linkedin_4365049877
2,6,2,0,1.0,20,1,0.05,0.16666666666666666,0.0,False,0.34928423,0,146_linkedin_4402764074,146,linkedin_4402764074
2,5,1,1,0.5,7,0,0.0,0.0,0.14285714285714285,False,0.4880686,0,2_linkedin_4258063386,2,linkedin_4258063386
2,5,2,0,1.0,6,0,0.0,0.0,0.0,True,0.3125342,0,304_linkedin_4406384491,304,linkedin_4406384491
1,6,8,-7,0.2222222222222222,21,0,0.0,0.0,0.0,False,0.37581468,0,29_linkedin_4404204086,29,linkedin_4404204086
10,7,0,10,0.0,2,0,0.0,0.0,0.6666666666666666,False,0.47518638,0,216_linkedin_4402104814,216,linkedin_4402104814
2,7,0,2,0.0,29,0,0.0,0.0,0.25,False,0.35305983,0,566_linkedin_4407425120,566,linkedin_4407425120
7,6,0,7,0.0,29,1,0.034482758620689655,0.16666666666666666,0.0,False,0.39562452,0,613_linkedin_4378954930,613,linkedin_4378954930
2,7,5,-3,0.5,12,0,0.0,0.0,0.0,False,0.41119438,0,221_linkedin_4405026156,221,linkedin_4405026156
2,8,1,1,0.5,14,0,0.0,0.0,0.0,False,0.12772933,0,534_linkedin_4404074579,534,linkedin_4404074579
2,6,5,-3,0.5,21,0,0.0,0.0,0.2,False,0.44364247,0,615_linkedin_4406289704,615,linkedin_4406289704
13,10,0,13,0.0,12,0,0.0,0.0,0.3333333333333333,False,0.53858685,0,163_linkedin_4370185837,163,linkedin_4370185837
8,9,1,7,0.0,38,0,0.0,0.0,0.0,False,0.3054453,0,138_linkedin_4306128308,138,linkedin_4306128308
6,7,2,4,0.0,14,0,0.0,0.0,0.0,False,0.14433444,0,282_linkedin_4404031827,282,linkedin_4404031827
8,7,2,6,0.0,9,0,0.0,0.0,0.3333333333333333,False,0.37516183,0,575_linkedin_4403726126,575,linkedin_4403726126
7,7,5,2,0.6666666666666667,16,0,0.0,0.0,0.0,False,0.3938275,0,560_linkedin_4405005180,560,linkedin_4405005180
5,9,0,5,0.0,21,1,0.047619047619047616,0.1111111111111111,0.0,False,0.18409796,0,814_linkedin_4392195173,814,linkedin_4392195173
5,6,5,0,1.0,4,0,0.0,0.0,0.0,False,0.22196832,0,672_linkedin_4404663537,672,linkedin_4404663537
5,9,0,5,0.0,23,0,0.0,0.0,0.0,False,0.22091822,0,820_linkedin_4404445676,820,linkedin_4404445676
8,5,0,8,0.0,15,1,0.06666666666666667,0.2,0.0,False,0.42314792,0,755_linkedin_4089827582,755,linkedin_4089827582
5,9,5,0,1.0,20,1,0.05,0.1111111111111111,0.0,False,0.3770246,0,840_linkedin_4404294191,840,linkedin_4404294191
7,6,0,7,0.0,18,0,0.0,0.0,0.0,False,0.2916566,0,608_linkedin_4389446242,608,linkedin_4389446242
2,6,0,2,0.0,18,0,0.0,0.0,0.0,False,0.16748056,0,74_linkedin_4225078361,74,linkedin_4225078361
2,5,0,2,0.0,17,2,0.11764705882352941,0.4,0.0,False,0.58915186,0,170_linkedin_4325782552,170,linkedin_4325782552
13,10,2,11,0.0,9,0,0.0,0.0,0.0,False,0.20198272,0,95_linkedin_4407196290,95,linkedin_4407196290
8,7,0,8,0.0,11,0,0.0,0.0,0.0,False,0.1992295,0,529_linkedin_4380192223,529,linkedin_4380192223
1,5,0,1,0.0,13,0,0.0,0.0,0.0,False,0.26272464,0,175_linkedin_4380440857,175,linkedin_4380440857
2,6,2,0,1.0,16,2,0.125,0.3333333333333333,0.0,False,0.374652,0,176_linkedin_4402922325,176,linkedin_4402922325
12,9,5,7,0.0,20,0,0.0,0.0,0.0,False,0.1457972,0,141_linkedin_4359502437,141,linkedin_4359502437
5,8,5,0,1.0,17,0,0.0,0.0,0.3333333333333333,False,0.3203177,0,152_linkedin_4362545210,152,linkedin_4362545210
8,8,5,3,0.5,7,0,0.0,0.0,0.0,False,0.31360713,0,186_linkedin_4399233035,186,linkedin_4399233035
1,5,0,1,0.0,20,0,0.0,0.0,0.0,False,0.56530064,0,1_linkedin_4248972535,1,linkedin_4248972535
5,8,0,5,0.0,29,0,0.0,0.0,0.25,False,0.35249555,0,582_linkedin_4407424753,582,linkedin_4407424753
3,4,5,-2,0.6666666666666667,7,1,0.14285714285714285,0.25,0.0,False,0.31706852,0,824_linkedin_4399747583,824,linkedin_4399747583
8,9,2,6,0.0,46,8,0.17391304347826086,0.8888888888888888,1.0,False,0.69131994,0,109_linkedin_4400426457,109,linkedin_4400426457
5,7,0,5,0.0,31,0,0.0,0.0,0.0,False,0.27291209,0,266_linkedin_4371404774,266,linkedin_4371404774
3,4,2,1,0.6666666666666667,10,0,0.0,0.0,0.25,False,0.46564516,0,822_linkedin_4344686674,822,linkedin_4344686674
9,6,5,4,0.33333333333333337,17,0,0.0,0.0,0.0,False,0.3941782,0,616_linkedin_4381834372,616,linkedin_4381834372
2,6,5,-3,0.5,18,1,0.05555555555555555,0.16666666666666666,0.0,False,0.40815914,0,176_linkedin_4367458655,176,linkedin_4367458655
8,7,8,0,1.0,32,0,0.0,0.0,0.0,False,0.40860078,0,228_linkedin_4407660386,228,linkedin_4407660386
5,8,2,3,0.0,6,1,0.16666666666666666,0.125,0.25,False,0.364409,0,11_linkedin_4408772259,11,linkedin_4408772259
2,6,0,2,0.0,6,0,0.0,0.0,0.0,False,0.39962575,0,78_linkedin_4377834512,78,linkedin_4377834512
5,9,5,0,1.0,8,1,0.125,0.1111111111111111,0.0,False,0.2399313,0,668_linkedin_4399753399,668,linkedin_4399753399
13,10,5,8,0.0,12,0,0.0,0.0,0.0,False,0.2575592,0,95_linkedin_4403480018,95,linkedin_4403480018
8,9,0,8,0.0,4,0,0.0,0.0,0.0,False,0.43024796,0,138_linkedin_4408785471,138,linkedin_4408785471
2,6,0,2,0.0,10,1,0.1,0.16666666666666666,0.0,False,0.2956997,0,263_linkedin_4403652133,263,linkedin_4403652133
1,6,0,1,0.0,3,1,0.3333333333333333,0.16666666666666666,1.0,False,0.5867674,0,147_linkedin_4405242245,147,linkedin_4405242245
8,9,0,8,0.0,22,1,0.045454545454545456,0.1111111111111111,0.4,False,0.46213385,0,40_linkedin_4337768086,40,linkedin_4337768086
1,6,0,1,0.0,13,0,0.0,0.0,0.0,False,0.26686364,0,257_linkedin_4399398705,257,linkedin_4399398705
10,9,0,10,0.0,10,1,0.1,0.1111111111111111,0.0,False,0.24361281,0,114_linkedin_4385489992,114,linkedin_4385489992
15,9,5,10,0.0,12,4,0.3333333333333333,0.4444444444444444,0.5,False,0.5337414,0,195_linkedin_4406712205,195,linkedin_4406712205
13,10,2,11,0.0,13,1,0.07692307692307693,0.1,0.25,False,0.3589399,0,115_linkedin_4409032969,115,linkedin_4409032969
4,8,1,3,0.0,7,0,0.0,0.0,0.0,False,0.40751734,0,36_linkedin_4398242376,36,linkedin_4398242376
9,7,5,4,0.33333333333333337,16,0,0.0,0.0,0.3333333333333333,False,0.3571044,0,292_linkedin_4401848632,292,linkedin_4401848632
9,6,0,9,0.0,13,0,0.0,0.0,0.0,False,0.51152104,0,525_linkedin_4392267376,525,linkedin_4392267376
5,8,0,5,0.0,15,1,0.06666666666666667,0.125,0.0,False,0.45199838,0,155_linkedin_4333946310,155,linkedin_4333946310
5,3,2,3,0.0,4,0,0.0,0.0,0.3333333333333333,False,0.43453464,0,756_linkedin_4399266480,756,linkedin_4399266480
8,7,0,8,0.0,26,0,0.0,0.0,0.0,False,0.37992242,0,586_linkedin_4405160990,586,linkedin_4405160990
8,7,5,3,0.5,22,1,0.045454545454545456,0.14285714285714285,0.0,False,0.11811666,0,191_linkedin_4365049877,191,linkedin_4365049877
15,10,2,13,0.0,7,1,0.14285714285714285,0.1,0.0,False,0.24822919,0,117_linkedin_4399161350,117,linkedin_4399161350
15,10,0,15,0.0,6,0,0.0,0.0,0.0,False,0.3796046,0,71_linkedin_4382112573,71,linkedin_4382112573
8,7,0,8,0.0,12,0,0.0,0.0,0.3333333333333333,False,0.3825168,0,203_linkedin_4370185837,203,linkedin_4370185837
2,5,0,2,0.0,15,1,0.06666666666666667,0.2,0.0,False,0.5988624,0,2_linkedin_4404302967,2,linkedin_4404302967
2,5,8,-6,0.33333333333333337,12,0,0.0,0.0,0.0,False,0.13112423,0,126_linkedin_4402814744,126,linkedin_4402814744
4,8,5,-1,0.8333333333333334,12,0,0.0,0.0,0.0,False,0.065651804,0,108_linkedin_4400823040,108,linkedin_4400823040
8,5,2,6,0.0,8,1,0.125,0.2,0.6666666666666666,False,0.46264,0,755_linkedin_4405209033,755,linkedin_4405209033
3,9,5,-2,0.6666666666666667,23,1,0.043478260869565216,0.1111111111111111,0.0,False,0.36859328,0,777_linkedin_4406169272,777,linkedin_4406169272
1,8,0,1,0.0,6,1,0.16666666666666666,0.125,0.2,False,0.44847497,0,538_linkedin_4402856233,538,linkedin_4402856233
4,8,0,4,0.0,20,0,0.0,0.0,0.0,False,0.2508186,0,543_linkedin_4329842982,543,linkedin_4329842982
5,9,2,3,0.0,17,2,0.11764705882352941,0.2222222222222222,0.0,False,0.24741861,0,796_linkedin_4387283659,796,linkedin_4387283659
1,5,2,-1,0.6666666666666667,12,0,0.0,0.0,0.3333333333333333,False,0.45709202,0,5_linkedin_3976036071,5,linkedin_3976036071
3,7,5,-2,0.6666666666666667,18,1,0.05555555555555555,0.14285714285714285,0.25,False,0.30610165,0,284_linkedin_4367458655,284,linkedin_4367458655
2,6,2,0,1.0,7,1,0.14285714285714285,0.16666666666666666,0.0,False,0.45453,0,176_linkedin_4360662878,176,linkedin_4360662878
5,9,0,5,0.0,17,0,0.0,0.0,0.5,False,0.5573751,0,746_linkedin_4255987276,746,linkedin_4255987276
5,9,5,0,1.0,22,1,0.045454545454545456,0.1111111111111111,0.0,False,0.31725144,0,668_linkedin_4396875073,668,linkedin_4396875073
13,10,0,13,0.0,23,2,0.08695652173913043,0.2,0.3333333333333333,False,0.33581313,0,163_linkedin_4400814518,163,linkedin_4400814518
5,7,0,5,0.0,24,0,0.0,0.0,0.09090909090909091,False,0.39237908,0,569_linkedin_4397676082,569,linkedin_4397676082
1,5,0,1,0.0,20,0,0.0,0.0,0.5,False,0.47879827,0,630_linkedin_4302996033,630,linkedin_4302996033
5,2,2,3,0.0,16,1,0.0625,0.5,0.0,False,0.41845345,0,676_linkedin_4379415346,676,linkedin_4379415346
5,4,5,0,1.0,19,2,0.10526315789473684,0.5,0.0,False,0.38281667,0,752_linkedin_4405175053,752,linkedin_4405175053
5,9,8,-3,0.6666666666666667,12,1,0.08333333333333333,0.1111111111111111,0.0,False,0.26735964,0,744_linkedin_4401885034,744,linkedin_4401885034
4,7,2,2,0.33333333333333337,13,1,0.07692307692307693,0.14285714285714285,0.0,False,0.5203705,0,295_linkedin_4401588753,295,linkedin_4401588753
2,6,2,0,1.0,25,0,0.0,0.0,0.0,False,0.45457134,0,615_linkedin_4320160756,615,linkedin_4320160756
8,7,5,3,0.5,27,0,0.0,0.0,0.0,False,0.31893647,0,529_linkedin_4392867623,529,linkedin_4392867623
5,7,0,5,0.0,20,1,0.05,0.14285714285714285,0.25,False,0.5088291,0,556_linkedin_4402377812,556,linkedin_4402377812
7,7,0,7,0.0,18,0,0.0,0.0,0.0,False,0.40725043,0,511_linkedin_4389446242,511,linkedin_4389446242
5,8,5,0,1.0,23,2,0.08695652173913043,0.25,0.5,False,0.44985473,0,658_linkedin_4402854817,658,linkedin_4402854817
1,6,0,1,0.0,3,0,0.0,0.0,0.0,False,0.27958757,0,169_linkedin_4407802473,169,linkedin_4407802473
5,9,1,4,0.0,10,0,0.0,0.0,0.25,False,0.48867598,0,713_linkedin_4129623996,713,linkedin_4129623996
4,6,5,-1,0.8333333333333334,14,0,0.0,0.0,0.0,False,0.41403002,0,249_linkedin_4406298336,249,linkedin_4406298336
8,4,8,0,1.0,36,1,0.027777777777777776,0.25,0.0,False,0.3752054,0,754_linkedin_4403667187,754,linkedin_4403667187
8,7,8,0,1.0,21,0,0.0,0.0,0.0,False,0.40159935,0,599_linkedin_4404204086,599,linkedin_4404204086
7,7,0,7,0.0,21,0,0.0,0.0,0.3333333333333333,False,0.36732396,0,233_linkedin_4367222742,233,linkedin_4367222742
14,10,5,9,0.0,16,0,0.0,0.0,0.0,False,0.291586,0,144_linkedin_4404271772,144,linkedin_4404271772
2,6,0,2,0.0,34,4,0.11764705882352941,0.6666666666666666,0.5,False,0.36448157,0,98_linkedin_4371088628,98,linkedin_4371088628
4,7,0,4,0.0,3,0,0.0,0.0,0.0,False,0.41839397,0,280_linkedin_4341090701,280,linkedin_4341090701
1,6,8,-7,0.2222222222222222,10,0,0.0,0.0,0.0,False,0.39001447,0,243_linkedin_4383975364,243,linkedin_4383975364
7,9,0,7,0.0,7,1,0.14285714285714285,0.1111111111111111,0.25,False,0.46346736,0,137_linkedin_4299150445,137,linkedin_4299150445
5,7,5,0,1.0,14,0,0.0,0.0,0.0,False,0.38727468,0,266_linkedin_4405134532,266,linkedin_4405134532
6,7,2,4,0.0,16,0,0.0,0.0,0.0,False,0.35780826,0,244_linkedin_4379415346,244,linkedin_4379415346
5,8,8,-3,0.6666666666666667,16,1,0.0625,0.125,0.0,False,0.36067417,0,107_linkedin_4407191616,107,linkedin_4407191616
1,6,0,1,0.0,31,0,0.0,0.0,0.3333333333333333,False,0.4487678,0,619_linkedin_4401925667,619,linkedin_4401925667
10,6,2,8,0.0,4,0,0.0,0.0,0.3333333333333333,False,0.3766327,0,609_linkedin_4399266480,609,linkedin_4399266480
7,7,0,7,0.0,19,0,0.0,0.0,0.0,False,0.3428469,0,565_linkedin_4386978200,565,linkedin_4386978200
10,6,2,8,0.0,20,0,0.0,0.0,0.0,False,0.35936427,0,621_linkedin_4407157419,621,linkedin_4407157419
5,8,5,0,1.0,13,1,0.07692307692307693,0.125,0.0,False,0.42407185,0,177_linkedin_4407902644,177,linkedin_4407902644
4,7,5,-1,0.8333333333333334,14,0,0.0,0.0,0.0,False,0.21271402,0,559_linkedin_4405134532,559,linkedin_4405134532
12,7,0,12,0.0,21,2,0.09523809523809523,0.2857142857142857,0.0,False,0.500764,0,520_linkedin_4397749492,520,linkedin_4397749492
5,6,0,5,0.0,13,0,0.0,0.0,0.0,False,0.33493057,0,614_linkedin_4380440857,614,linkedin_4380440857
9,7,5,4,0.33333333333333337,8,0,0.0,0.0,0.25,False,0.4931561,0,212_linkedin_4364880748,212,linkedin_4364880748
5,8,5,0,1.0,16,0,0.0,0.0,0.0,False,0.36364463,0,128_linkedin_4405005180,128,linkedin_4405005180
8,8,0,8,0.0,21,1,0.047619047619047616,0.125,0.25,False,0.48248526,0,136_linkedin_4405876076,136,linkedin_4405876076
13,9,5,8,0.0,7,0,0.0,0.0,0.0,False,0.23581111,0,142_linkedin_4399747583,142,linkedin_4399747583
1,6,0,1,0.0,22,1,0.045454545454545456,0.16666666666666666,0.2,False,0.47790915,0,27_linkedin_4304013814,27,linkedin_4304013814
1,7,2,-1,0.6666666666666667,22,2,0.09090909090909091,0.2857142857142857,0.0,False,0.33060434,0,289_linkedin_4402379722,289,linkedin_4402379722
8,9,5,3,0.5,13,0,0.0,0.0,0.0,False,0.4137602,0,13_linkedin_4370337080,13,linkedin_4370337080
2,6,0,2,0.0,8,1,0.125,0.16666666666666666,0.25,False,0.3241525,0,76_linkedin_4406833892,76,linkedin_4406833892
8,9,5,3,0.5,9,1,0.1111111111111111,0.1111111111111111,0.0,False,0.2638308,0,666_linkedin_4396588986,666,linkedin_4396588986
8,6,2,6,0.0,18,0,0.0,0.0,0.5,False,0.34614345,0,600_linkedin_4381945031,600,linkedin_4381945031
5,9,0,5,0.0,26,5,0.19230769230769232,0.5555555555555556,0.0,False,0.63642555,0,796_linkedin_4293859520,796,linkedin_4293859520
2,6,0,2,0.0,14,0,0.0,0.0,0.0,False,0.3208253,0,235_linkedin_4373553675,235,linkedin_4373553675
1,6,8,-7,0.2222222222222222,22,0,0.0,0.0,0.3333333333333333,False,0.39441627,0,619_linkedin_4399733648,619,linkedin_4399733648
15,6,2,13,0.0,12,0,0.0,0.0,0.0,False,0.2822776,0,632_linkedin_4388481083,632,linkedin_4388481083
3,6,0,3,0.0,10,0,0.0,0.0,0.0,False,0.31015852,0,230_linkedin_4359245286,230,linkedin_4359245286
13,10,5,8,0.0,9,1,0.1111111111111111,0.1,0.16666666666666666,False,0.65162647,0,43_linkedin_4406555146,43,linkedin_4406555146
8,9,0,8,0.0,22,1,0.045454545454545456,0.1111111111111111,0.0,False,0.40810776,0,37_linkedin_4397785570,37,linkedin_4397785570
9,9,0,9,0.0,19,0,0.0,0.0,0.0,False,0.5040155,0,192_linkedin_4248971752,192,linkedin_4248971752
1,6,5,-4,0.33333333333333337,18,0,0.0,0.0,0.0,False,0.2906761,0,27_linkedin_4404540517,27,linkedin_4404540517
8,7,2,6,0.0,12,0,0.0,0.0,0.25,False,0.4281577,0,203_linkedin_4404982602,203,linkedin_4404982602
2,6,0,2,0.0,29,0,0.0,0.0,0.5,False,0.40777966,0,615_linkedin_4407425120,615,linkedin_4407425120
13,9,0,13,0.0,11,0,0.0,0.0,0.0,False,0.407237,0,198_linkedin_4350925352,198,linkedin_4350925352
8,7,2,6,0.0,22,0,0.0,0.0,0.0,False,0.33118254,0,599_linkedin_4408769564,599,linkedin_4408769564
4,6,5,-1,0.8333333333333334,21,2,0.09523809523809523,0.3333333333333333,0.2,False,0.44247082,0,512_linkedin_4406543085,512,linkedin_4406543085
4,7,0,4,0.0,16,0,0.0,0.0,0.0,False,0.30725902,0,225_linkedin_4405651873,225,linkedin_4405651873
12,9,0,12,0.0,20,0,0.0,0.0,0.16666666666666666,False,0.29776204,0,166_linkedin_4329842982,166,linkedin_4329842982
4,7,0,4,0.0,24,0,0.0,0.0,0.0,False,0.37320957,0,202_linkedin_4404738960,202,linkedin_4404738960
5,8,2,3,0.0,20,2,0.1,0.25,0.5,False,0.61647856,0,107_linkedin_4407184102,107,linkedin_4407184102
11,7,2,9,0.0,16,0,0.0,0.0,0.0,False,0.30022123,0,515_linkedin_4402922325,515,linkedin_4402922325
5,8,8,-3,0.6666666666666667,7,0,0.0,0.0,0.0,False,0.39406565,0,152_linkedin_4327262001,152,linkedin_4327262001
3,6,0,3,0.0,25,0,0.0,0.0,0.0,False,0.425234,0,230_linkedin_4398861071,230,linkedin_4398861071
1,5,0,1,0.0,11,1,0.09090909090909091,0.2,1.0,False,0.60570896,0,171_linkedin_4404298395,171,linkedin_4404298395
8,7,2,6,0.0,10,0,0.0,0.0,0.0,False,0.18435414,0,575_linkedin_4371387533,575,linkedin_4371387533
10,6,8,2,0.7777777777777778,21,0,0.0,0.0,0.0,False,0.38526928,0,621_linkedin_4404204086,621,linkedin_4404204086
4,6,5,-1,0.8333333333333334,20,0,0.0,0.0,0.0,False,0.33282557,0,249_linkedin_4406785675,249,linkedin_4406785675
9,9,0,9,0.0,23,0,0.0,0.0,0.0,False,0.2954607,0,192_linkedin_4395545264,192,linkedin_4395545264
3,7,2,1,0.6666666666666667,13,0,0.0,0.0,0.0,True,0.15754968,0,242_linkedin_4398838741,242,linkedin_4398838741
14,10,0,14,0.0,5,0,0.0,0.0,0.0,False,0.22183678,0,20_linkedin_4405097915,20,linkedin_4405097915
7,7,5,2,0.6666666666666667,11,0,0.0,0.0,0.0,False,0.29702362,0,279_linkedin_4366422916,279,linkedin_4366422916
4,5,0,4,0.0,23,0,0.0,0.0,0.0,False,0.33958966,0,297_linkedin_4408752869,297,linkedin_4408752869
5,9,0,5,0.0,16,0,0.0,0.0,0.0,False,0.4506042,0,796_linkedin_4404085186,796,linkedin_4404085186
9,6,5,4,0.33333333333333337,6,0,0.0,0.0,0.0,False,0.21157137,0,525_linkedin_4351132338,525,linkedin_4351132338
6,7,0,6,0.0,7,0,0.0,0.0,0.5,False,0.36930522,0,223_linkedin_4386983058,223,linkedin_4386983058
5,8,2,3,0.0,4,0,0.0,0.0,0.3333333333333333,False,0.4045561,0,152_linkedin_4399266480,152,linkedin_4399266480
7,7,5,2,0.6666666666666667,9,0,0.0,0.0,0.0,False,0.3375772,0,595_linkedin_4404427063,595,linkedin_4404427063
2,6,0,2,0.0,13,0,0.0,0.0,0.0,False,0.17358015,0,530_linkedin_4380440857,530,linkedin_4380440857
5,8,5,0,1.0,17,2,0.11764705882352941,0.25,0.16666666666666666,False,0.40443647,0,181_linkedin_3944557395,181,linkedin_3944557395
5,5,5,0,1.0,20,2,0.1,0.4,0.0,False,0.4564917,0,716_linkedin_4394792041,716,linkedin_4394792041
5,7,0,5,0.0,6,0,0.0,0.0,0.0,False,0.28664947,0,596_linkedin_4402766483,596,linkedin_4402766483
5,8,0,5,0.0,11,0,0.0,0.0,0.0,False,0.3519619,0,11_linkedin_4350925352,11,linkedin_4350925352
12,7,8,4,0.5555555555555556,21,2,0.09523809523809523,0.2857142857142857,0.2,False,0.36159396,0,520_linkedin_4404204086,520,linkedin_4404204086
4,7,5,-1,0.8333333333333334,15,0,0.0,0.0,0.0,False,0.45106322,0,214_linkedin_4408787050,214,linkedin_4408787050
8,8,8,0,1.0,21,0,0.0,0.0,0.0,False,0.36798042,0,136_linkedin_4404204086,136,linkedin_4404204086
7,9,2,5,0.0,9,1,0.1111111111111111,0.1111111111111111,0.0,False,0.35672972,0,158_linkedin_4403726126,158,linkedin_4403726126
2,5,0,2,0.0,12,0,0.0,0.0,0.0,False,0.2731332,0,170_linkedin_4405848990,170,linkedin_4405848990
5,9,0,5,0.0,29,0,0.0,0.0,0.0,False,0.21343003,0,839_linkedin_4407425120,839,linkedin_4407425120
8,3,8,0,1.0,5,0,0.0,0.0,0.0,False,0.28200057,0,680_linkedin_4322247751,680,linkedin_4322247751
8,7,2,6,0.0,17,0,0.0,0.0,0.0,False,0.3199886,0,264_linkedin_4403972210,264,linkedin_4403972210
5,8,0,5,0.0,14,2,0.14285714285714285,0.25,0.0,False,0.5329843,0,539_linkedin_4391510726,539,linkedin_4391510726
2,3,0,2,0.0,24,0,0.0,0.0,0.0,False,0.40125325,0,787_linkedin_4378924549,787,linkedin_4378924549
3,8,5,-2,0.6666666666666667,15,0,0.0,0.0,0.0,False,0.25267896,0,12_linkedin_4385869132,12,linkedin_4385869132
2,6,2,0,1.0,13,0,0.0,0.0,0.0,False,0.39342707,0,28_linkedin_4381555539,28,linkedin_4381555539
13,10,0,13,0.0,13,1,0.07692307692307693,0.1,0.25,False,0.41427958,0,120_linkedin_4399398705,120,linkedin_4399398705
1,6,8,-7,0.2222222222222222,19,2,0.10526315789473684,0.3333333333333333,0.1111111111111111,False,0.37960753,0,97_linkedin_4400516267,97,linkedin_4400516267
4,7,0,4,0.0,13,0,0.0,0.0,0.0,False,0.2321907,0,268_linkedin_4399398705,268,linkedin_4399398705
9,7,5,4,0.33333333333333337,11,0,0.0,0.0,0.5,False,0.54138136,0,212_linkedin_4395278655,212,linkedin_4395278655
13,10,0,13,0.0,27,2,0.07407407407407407,0.2,0.125,False,0.33270296,0,19_linkedin_4378807531,19,linkedin_4378807531
1,5,0,1,0.0,23,1,0.043478260869565216,0.2,0.0,False,0.50133896,0,5_linkedin_4406804546,5,linkedin_4406804546
1,5,1,0,1.0,7,0,0.0,0.0,0.0,False,0.48515397,0,3_linkedin_4374156156,3,linkedin_4374156156
5,7,5,0,1.0,11,1,0.09090909090909091,0.14285714285714285,0.0,False,0.323055,0,266_linkedin_4338701818,266,linkedin_4338701818
1,6,0,1,0.0,36,2,0.05555555555555555,0.3333333333333333,0.0,False,0.2746594,0,147_linkedin_4407806772,147,linkedin_4407806772
3,8,5,-2,0.6666666666666667,24,0,0.0,0.0,0.0,False,0.16856743,0,9_linkedin_4379973269,9,linkedin_4379973269
5,8,0,5,0.0,13,0,0.0,0.0,0.0,False,0.30172363,0,184_linkedin_4399398705,184,linkedin_4399398705
5,8,0,5,0.0,16,0,0.0,0.0,0.0,False,0.26666778,0,11_linkedin_4406640355,11,linkedin_4406640355
7,7,5,2,0.6666666666666667,15,0,0.0,0.0,0.25,False,0.4127495,0,279_linkedin_4405828129,279,linkedin_4405828129
1,5,0,1,0.0,18,0,0.0,0.0,0.0,False,0.41412792,0,592_linkedin_4377852756,592,linkedin_4377852756
1,7,0,1,0.0,15,0,0.0,0.0,0.0,False,0.39332688,0,224_linkedin_4404302972,224,linkedin_4404302972
1,7,5,-4,0.33333333333333337,25,0,0.0,0.0,0.0,False,0.3119652,0,218_linkedin_4398683439,218,linkedin_4398683439
8,5,2,6,0.0,5,0,0.0,0.0,0.0,False,0.21916585,0,303_linkedin_4306127270,303,linkedin_4306127270
5,9,0,5,0.0,5,0,0.0,0.0,0.0,False,0.30119276,0,709_linkedin_4369795278,709,linkedin_4369795278
3,8,0,3,0.0,8,1,0.125,0.125,0.25,False,0.31381318,0,105_linkedin_4406833892,105,linkedin_4406833892
15,9,5,10,0.0,15,0,0.0,0.0,0.0,False,0.4177003,0,200_linkedin_4344634134,200,linkedin_4344634134
1,6,2,-1,0.6666666666666667,15,0,0.0,0.0,0.0,False,0.42602387,0,257_linkedin_4403705095,257,linkedin_4403705095
12,7,8,4,0.5555555555555556,8,0,0.0,0.0,0.0,False,0.32817015,0,227_linkedin_4323661488,227,linkedin_4323661488
8,7,5,3,0.5,27,0,0.0,0.0,0.0,False,0.4102713,0,586_linkedin_4385280427,586,linkedin_4385280427
9,9,0,9,0.0,20,2,0.1,0.2222222222222222,0.0,False,0.69330984,0,135_linkedin_4397166999,135,linkedin_4397166999
6,7,8,-2,0.7777777777777778,24,3,0.125,0.42857142857142855,0.5,False,0.633602,0,282_linkedin_4325699667,282,linkedin_4325699667
2,5,0,2,0.0,14,1,0.07142857142857142,0.2,0.0,False,0.40853035,0,174_linkedin_4401751740,174,linkedin_4401751740
12,8,5,7,0.0,21,3,0.14285714285714285,0.375,0.2,False,0.6955586,0,541_linkedin_4328828438,541,linkedin_4328828438
1,6,0,1,0.0,17,0,0.0,0.0,0.0,False,0.24736175,0,51_linkedin_4395994655,51,linkedin_4395994655
5,9,2,3,0.0,9,2,0.2222222222222222,0.2222222222222222,0.0,False,0.26435378,0,727_linkedin_4330008476,727,linkedin_4330008476
8,2,2,6,0.0,24,2,0.08333333333333333,1.0,0.0,False,0.2753082,0,736_linkedin_4405632305,736,linkedin_4405632305
2,8,0,2,0.0,11,1,0.09090909090909091,0.125,0.5,False,0.608448,0,534_linkedin_4404066996,534,linkedin_4404066996
5,6,0,5,0.0,11,0,0.0,0.0,0.0,False,0.3072092,0,614_linkedin_4389557112,614,linkedin_4389557112
5,7,5,0,1.0,6,0,0.0,0.0,0.0,False,0.3702949,0,569_linkedin_4351132338,569,linkedin_4351132338
2,6,2,0,1.0,5,0,0.0,0.0,0.0,False,0.29625407,0,28_linkedin_4360652943,28,linkedin_4360652943
5,7,2,3,0.0,17,2,0.11764705882352941,0.2857142857142857,0.0,False,0.21827316,0,687_linkedin_4387283659,687,linkedin_4387283659
1,6,5,-4,0.33333333333333337,18,1,0.05555555555555555,0.16666666666666666,0.0,False,0.38035896,0,169_linkedin_4404540517,169,linkedin_4404540517
6,7,5,1,0.8333333333333334,24,0,0.0,0.0,0.0,False,0.30662745,0,590_linkedin_4393142536,590,linkedin_4393142536
8,9,0,8,0.0,8,3,0.375,0.3333333333333333,0.5,False,0.63606364,0,37_linkedin_4406231599,37,linkedin_4406231599
10,5,2,8,0.0,7,0,0.0,0.0,0.0,False,0.3226158,0,305_linkedin_4401004220,305,linkedin_4401004220
1,5,2,-1,0.6666666666666667,12,1,0.08333333333333333,0.2,0.14285714285714285,False,0.509062,0,125_linkedin_4401612159,125,linkedin_4401612159
4,7,5,-1,0.8333333333333334,8,1,0.125,0.14285714285714285,0.0,False,0.2101534,0,236_linkedin_4400815664,236,linkedin_4400815664
3,7,5,-2,0.6666666666666667,13,0,0.0,0.0,0.0,False,0.19931579,0,183_linkedin_4404215608,183,linkedin_4404215608
5,8,0,5,0.0,10,0,0.0,0.0,0.0,False,0.18685259,0,35_linkedin_4406510202,35,linkedin_4406510202
5,8,0,5,0.0,8,0,0.0,0.0,0.14285714285714285,False,0.47256738,0,104_linkedin_4366033902,104,linkedin_4366033902
2,6,0,2,0.0,14,2,0.14285714285714285,0.3333333333333333,0.2,False,0.39144126,0,176_linkedin_4369610053,176,linkedin_4369610053
3,8,2,1,0.6666666666666667,19,1,0.05263157894736842,0.125,0.2,False,0.5839105,0,9_linkedin_4388479235,9,linkedin_4388479235
14,10,1,13,0.0,6,1,0.16666666666666666,0.1,0.3333333333333333,False,0.55825096,0,24_linkedin_4404930079,24,linkedin_4404930079
5,9,2,3,0.0,20,2,0.1,0.2222222222222222,0.0,False,0.20577435,0,713_linkedin_4402764074,713,linkedin_4402764074
1,5,8,-7,0.2222222222222222,20,0,0.0,0.0,0.0,False,0.3008615,0,1_linkedin_4358974463,1,linkedin_4358974463
12,10,8,4,0.5555555555555556,35,5,0.14285714285714285,0.5,0.0,False,0.36690578,0,72_linkedin_4400545567,72,linkedin_4400545567
8,9,8,0,1.0,16,2,0.125,0.2222222222222222,0.25,False,0.47729018,0,17_linkedin_4396346150,17,linkedin_4396346150
7,9,2,5,0.0,18,1,0.05555555555555555,0.1111111111111111,0.0,False,0.23345888,0,640_linkedin_4403613440,640,linkedin_4403613440
9,7,0,9,0.0,22,0,0.0,0.0,0.0,False,0.3088271,0,292_linkedin_4380689443,292,linkedin_4380689443
5,8,2,3,0.0,6,0,0.0,0.0,0.0,False,0.22530848,0,83_linkedin_4389714623,83,linkedin_4389714623
8,9,2,6,0.0,4,1,0.25,0.1111111111111111,0.0,False,0.19699378,0,109_linkedin_4373531640,109,linkedin_4373531640
8,7,0,8,0.0,18,1,0.05555555555555555,0.14285714285714285,0.16666666666666666,False,0.43482462,0,519_linkedin_4384841120,519,linkedin_4384841120
2,6,1,1,0.5,7,0,0.0,0.0,0.0,False,0.31429178,0,176_linkedin_4405892844,176,linkedin_4405892844
2,5,5,-3,0.5,19,1,0.05263157894736842,0.2,0.0,False,0.31830063,0,4_linkedin_4401639136,4,linkedin_4401639136
9,8,0,9,0.0,18,0,0.0,0.0,0.25,False,0.30288115,0,581_linkedin_4402741020,581,linkedin_4402741020
5,2,0,5,0.0,15,1,0.06666666666666667,0.5,0.0,False,0.40873906,0,734_linkedin_4323483046,734,linkedin_4323483046
1,7,0,1,0.0,19,1,0.05263157894736842,0.14285714285714285,0.0,False,0.44054705,0,561_linkedin_4377262297,561,linkedin_4377262297
5,7,2,3,0.0,21,0,0.0,0.0,0.0,False,0.4438321,0,210_linkedin_4406164085,210,linkedin_4406164085
5,7,8,-3,0.6666666666666667,29,3,0.10344827586206896,0.42857142857142855,0.1,False,0.3322297,0,688_linkedin_4394334803,688,linkedin_4394334803
3,4,8,-5,0.4444444444444444,29,2,0.06896551724137931,0.5,0.0,False,0.44931635,0,824_linkedin_4368712465,824,linkedin_4368712465
6,6,2,4,0.0,10,0,0.0,0.0,0.0,False,0.08831921,0,255_linkedin_4371387533,255,linkedin_4371387533
4,8,0,4,0.0,18,0,0.0,0.0,0.0,False,0.30841705,0,127_linkedin_4377845869,127,linkedin_4377845869
1,6,8,-7,0.2222222222222222,14,1,0.07142857142857142,0.16666666666666666,0.14285714285714285,False,0.46308246,0,73_linkedin_4392456150,73,linkedin_4392456150
2,8,2,0,1.0,13,3,0.23076923076923078,0.375,0.6,False,0.7359467,0,580_linkedin_4263141621,580,linkedin_4263141621
0,5,0,0,1.0,13,0,0.0,0.0,0.0,False,0.4549321,0,637_linkedin_4400212890,637,linkedin_4400212890
7,5,8,-1,0.8888888888888888,14,0,0.0,0.0,0.0,False,0.26543403,0,296_linkedin_4396875018,296,linkedin_4396875018
5,9,0,5,0.0,11,0,0.0,0.0,0.0,False,0.2522862,0,820_linkedin_4350925352,820,linkedin_4350925352
1,7,5,-4,0.33333333333333337,7,0,0.0,0.0,0.0,False,0.17075308,0,561_linkedin_4405530940,561,linkedin_4405530940
8,7,2,6,0.0,27,0,0.0,0.0,0.0,False,0.31400213,0,228_linkedin_4394769981,228,linkedin_4394769981
20,7,0,20,0.0,8,0,0.0,0.0,0.3333333333333333,False,0.45929527,0,638_linkedin_4389947100,638,linkedin_4389947100
2,5,8,-6,0.33333333333333337,16,3,0.1875,0.6,0.2,False,0.44602525,0,4_linkedin_4403389903,4,linkedin_4403389903
15,9,5,10,0.0,36,2,0.05555555555555555,0.2222222222222222,0.0,False,0.5026457,0,200_linkedin_4405732569,200,linkedin_4405732569
4,7,5,-1,0.8333333333333334,16,0,0.0,0.0,0.0,False,0.23576304,0,585_linkedin_4364156847,585,linkedin_4364156847
5,3,2,3,0.0,9,0,0.0,0.0,0.0,False,0.43970636,0,714_linkedin_4403394112,714,linkedin_4403394112
2,5,0,2,0.0,27,0,0.0,0.0,0.0,False,0.20106435,0,122_linkedin_4404050062,122,linkedin_4404050062
13,10,5,8,0.0,18,0,0.0,0.0,0.0,False,0.19678962,0,19_linkedin_4402417926,19,linkedin_4402417926
12,10,2,10,0.0,30,3,0.1,0.3,0.3333333333333333,False,0.57515955,0,22_linkedin_4374745665,22,linkedin_4374745665
4,8,0,4,0.0,24,3,0.125,0.375,0.0,False,0.59623873,0,7_linkedin_4404738960,7,linkedin_4404738960
7,9,0,7,0.0,21,0,0.0,0.0,0.6666666666666666,False,0.37444335,0,190_linkedin_4397564324,190,linkedin_4397564324
9,7,0,9,0.0,22,0,0.0,0.0,0.5,False,0.348377,0,281_linkedin_4407084346,281,linkedin_4407084346
1,5,0,1,0.0,21,0,0.0,0.0,0.0,False,0.37866578,0,592_linkedin_4346320594,592,linkedin_4346320594
1,5,0,1,0.0,10,0,0.0,0.0,0.0,False,0.30622593,0,1_linkedin_4373503901,1,linkedin_4373503901
5,7,0,5,0.0,9,0,0.0,0.0,0.0,True,0.25942317,0,239_linkedin_4406824756,239,linkedin_4406824756
9,7,2,7,0.0,8,0,0.0,0.0,0.3333333333333333,False,0.56599236,0,222_linkedin_4405209033,222,linkedin_4405209033
2,6,0,2,0.0,6,0,0.0,0.0,0.0,False,0.44100562,0,78_linkedin_4396313263,78,linkedin_4396313263
1,5,5,-4,0.33333333333333337,26,0,0.0,0.0,0.5,False,0.36600405,0,630_linkedin_4400719877,630,linkedin_4400719877
2,6,0,2,0.0,13,0,0.0,0.0,0.0,False,0.35839906,0,146_linkedin_4371440873,146,linkedin_4371440873
1,5,0,1,0.0,19,0,0.0,0.0,0.125,False,0.32625023,0,121_linkedin_4248970794,121,linkedin_4248970794
5,6,0,5,0.0,38,0,0.0,0.0,0.0,False,0.239468,0,623_linkedin_4406667967,623,linkedin_4406667967
15,10,5,10,0.0,13,1,0.07692307692307693,0.1,0.3333333333333333,False,0.5341077,0,546_linkedin_4398170878,546,linkedin_4398170878
11,7,2,9,0.0,19,0,0.0,0.0,0.0,False,0.2584606,0,208_linkedin_4406023880,208,linkedin_4406023880
15,9,8,7,0.2222222222222222,8,1,0.125,0.1111111111111111,0.0,False,0.41931903,0,200_linkedin_4406489679,200,linkedin_4406489679
3,7,0,3,0.0,9,0,0.0,0.0,0.0,True,0.29456127,0,242_linkedin_4406824756,242,linkedin_4406824756
9,7,0,9,0.0,19,0,0.0,0.0,0.0,False,0.14120843,0,275_linkedin_4323538557,275,linkedin_4323538557
8,6,1,7,0.0,30,0,0.0,0.0,0.0,False,0.28641868,0,622_linkedin_4337676575,622,linkedin_4337676575
2,7,2,0,1.0,12,0,0.0,0.0,0.0,False,0.20150945,0,232_linkedin_4302730124,232,linkedin_4302730124
8,7,0,8,0.0,4,0,0.0,0.0,0.0,False,0.36924043,0,203_linkedin_4390682886,203,linkedin_4390682886
5,7,2,3,0.0,14,1,0.07142857142857142,0.14285714285714285,0.0,False,0.39303482,0,226_linkedin_4015918607,226,linkedin_4015918607
7,7,2,5,0.0,14,1,0.07142857142857142,0.14285714285714285,0.0,False,0.4504506,0,272_linkedin_4392109836,272,linkedin_4392109836
2,6,10,-8,0.2727272727272727,4,0,0.0,0.0,0.0,False,0.2687508,0,235_linkedin_4320529133,235,linkedin_4320529133
7,7,2,5,0.0,19,0,0.0,0.0,0.0,False,0.332355,0,272_linkedin_4306114557,272,linkedin_4306114557
9,7,0,9,0.0,24,1,0.041666666666666664,0.14285714285714285,0.5,False,0.31620783,0,292_linkedin_4373617053,292,linkedin_4373617053
12,6,2,10,0.0,16,1,0.0625,0.16666666666666666,0.0,False,0.65105873,0,526_linkedin_4306114548,526,linkedin_4306114548
9,7,5,4,0.33333333333333337,12,0,0.0,0.0,0.5,False,0.3695058,0,281_linkedin_4406094396,281,linkedin_4406094396
4,6,8,-4,0.5555555555555556,16,0,0.0,0.0,0.0,False,0.3312748,0,249_linkedin_4407191616,249,linkedin_4407191616
5,7,0,5,0.0,21,0,0.0,0.0,0.0,False,0.27213356,0,596_linkedin_4397745567,596,linkedin_4397745567
9,9,0,9,0.0,10,2,0.2,0.2222222222222222,0.0,False,0.40121806,0,192_linkedin_4408073332,192,linkedin_4408073332
2,6,0,2,0.0,11,0,0.0,0.0,1.0,False,0.638061,0,615_linkedin_4350925352,615,linkedin_4350925352
9,9,5,4,0.33333333333333337,13,3,0.23076923076923078,0.3333333333333333,0.5,False,0.6022452,0,113_linkedin_4306114541,113,linkedin_4306114541
5,3,0,5,0.0,27,1,0.037037037037037035,0.3333333333333333,0.0,False,0.27532473,0,714_linkedin_4404050062,714,linkedin_4404050062
1,7,2,-1,0.6666666666666667,27,1,0.037037037037037035,0.14285714285714285,0.0,False,0.38202646,0,224_linkedin_4234624922,224,linkedin_4234624922
6,7,0,6,0.0,4,0,0.0,0.0,0.0,False,0.30476746,0,223_linkedin_4408785471,223,linkedin_4408785471
4,8,5,-1,0.8333333333333334,18,0,0.0,0.0,0.5,False,0.42892957,0,127_linkedin_4403501171,127,linkedin_4403501171
1,6,2,-1,0.6666666666666667,13,2,0.15384615384615385,0.3333333333333333,0.5,False,0.67388517,0,27_linkedin_4306126311,27,linkedin_4306126311
13,10,2,11,0.0,23,0,0.0,0.0,0.0,False,0.42646605,0,43_linkedin_4407412201,43,linkedin_4407412201
12,10,2,10,0.0,23,7,0.30434782608695654,0.7,0.3333333333333333,False,0.47290596,0,22_linkedin_4382272487,22,linkedin_4382272487
1,6,8,-7,0.2222222222222222,15,0,0.0,0.0,0.0,False,0.27044788,0,73_linkedin_4299780194,73,linkedin_4299780194
5,9,0,5,0.0,7,0,0.0,0.0,0.0,False,0.3088166,0,748_linkedin_4407686787,748,linkedin_4407686787
5,8,2,3,0.0,9,2,0.2222222222222222,0.25,0.25,False,0.49072024,0,8_linkedin_3953538867,8,linkedin_3953538867
8,7,5,3,0.5,23,3,0.13043478260869565,0.42857142857142855,0.0,False,0.7074803,0,529_linkedin_4402854817,529,linkedin_4402854817
5,9,1,4,0.0,11,1,0.09090909090909091,0.1111111111111111,0.0,False,0.3778279,0,781_linkedin_4394771475,781,linkedin_4394771475
3,8,0,3,0.0,17,1,0.058823529411764705,0.125,0.25,False,0.522009,0,12_linkedin_4359353761,12,linkedin_4359353761
5,9,5,0,1.0,9,2,0.2222222222222222,0.2222222222222222,0.0,False,0.3996078,0,795_linkedin_4357448307,795,linkedin_4357448307
4,8,0,4,0.0,4,0,0.0,0.0,0.0,False,0.22601949,0,182_linkedin_4408785471,182,linkedin_4408785471
5,4,0,5,0.0,21,3,0.14285714285714285,0.75,0.0,False,0.262261,0,717_linkedin_4397564324,717,linkedin_4397564324
4,8,0,4,0.0,11,0,0.0,0.0,0.0,False,0.3526788,0,578_linkedin_4345037894,578,linkedin_4345037894
11,7,8,3,0.6666666666666667,10,0,0.0,0.0,0.0,True,0.35785264,0,285_linkedin_4272066328,285,linkedin_4272066328
4,6,5,-1,0.8333333333333334,36,0,0.0,0.0,0.0,False,0.31436563,0,634_linkedin_4405732569,634,linkedin_4405732569
1,5,2,-1,0.6666666666666667,22,0,0.0,0.0,0.0,False,0.2887782,0,5_linkedin_4354415512,5,linkedin_4354415512
7,7,0,7,0.0,10,0,0.0,0.0,0.3333333333333333,False,0.54580456,0,565_linkedin_4377684063,565,linkedin_4377684063
7,7,2,5,0.0,19,0,0.0,0.0,0.25,False,0.53207475,0,220_linkedin_4400904678,220,linkedin_4400904678
7,7,0,7,0.0,13,0,0.0,0.0,0.0,False,0.32210878,0,207_linkedin_4399398705,207,linkedin_4399398705
4,7,5,-1,0.8333333333333334,9,0,0.0,0.0,0.3333333333333333,False,0.5155453,0,295_linkedin_4404427063,295,linkedin_4404427063
12,7,0,12,0.0,17,1,0.058823529411764705,0.14285714285714285,0.0,False,0.24251194,0,520_linkedin_4325782552,520,linkedin_4325782552
4,6,0,4,0.0,10,1,0.1,0.16666666666666666,0.0,False,0.30496186,0,603_linkedin_4401519586,603,linkedin_4401519586
0,5,0,0,1.0,13,0,0.0,0.0,0.0,False,0.23390618,0,637_linkedin_4406258431,637,linkedin_4406258431
3,8,1,2,0.0,14,0,0.0,0.0,0.0,False,0.1587816,0,33_linkedin_4404074579,33,linkedin_4404074579
1,6,1,0,1.0,19,1,0.05263157894736842,0.16666666666666666,0.0,False,0.20097938,0,169_linkedin_4408756370,169,linkedin_4408756370
2,5,2,0,1.0,15,0,0.0,0.0,0.0,False,0.42237025,0,174_linkedin_4396077351,174,linkedin_4396077351
4,7,8,-4,0.5555555555555556,19,0,0.0,0.0,0.0,False,0.35451934,0,585_linkedin_4317450207,585,linkedin_4317450207
6,6,0,6,0.0,5,0,0.0,0.0,0.3333333333333333,False,0.35060716,0,601_linkedin_4367318250,601,linkedin_4367318250
5,6,8,-3,0.6666666666666667,30,0,0.0,0.0,0.0,False,0.14962982,0,517_linkedin_4402932498,517,linkedin_4402932498
4,8,2,2,0.33333333333333337,14,0,0.0,0.0,0.3333333333333333,False,0.29190102,0,34_linkedin_4404031827,34,linkedin_4404031827
7,7,0,7,0.0,29,0,0.0,0.0,0.0,False,0.34832075,0,240_linkedin_4402867800,240,linkedin_4402867800
12,6,5,7,0.0,15,0,0.0,0.0,0.0,False,0.31019807,0,626_linkedin_4407912053,626,linkedin_4407912053
8,6,0,8,0.0,13,0,0.0,0.0,0.0,False,0.30703965,0,622_linkedin_4399398705,622,linkedin_4399398705
12,7,2,10,0.0,15,0,0.0,0.0,0.1111111111111111,False,0.36051202,0,551_linkedin_4405615766,551,linkedin_4405615766
2,7,5,-3,0.5,28,0,0.0,0.0,0.0,False,0.39502123,0,566_linkedin_4406539362,566,linkedin_4406539362
5,8,0,5,0.0,15,0,0.0,0.0,0.3333333333333333,False,0.34986314,0,128_linkedin_4306128290,128,linkedin_4306128290
6,6,5,1,0.8333333333333334,20,0,0.0,0.0,0.0,True,0.18334104,0,631_linkedin_4291895929,631,linkedin_4291895929
9,7,2,7,0.0,16,1,0.0625,0.14285714285714285,0.0,False,0.45523244,0,212_linkedin_4402922325,212,linkedin_4402922325
5,6,0,5,0.0,16,1,0.0625,0.16666666666666666,0.0,False,0.1470863,0,517_linkedin_4384724835,517,linkedin_4384724835
7,7,5,2,0.6666666666666667,22,0,0.0,0.0,0.0,False,0.25392315,0,272_linkedin_4407362438,272,linkedin_4407362438
8,7,8,0,1.0,28,0,0.0,0.0,0.3333333333333333,False,0.1766369,0,237_linkedin_4400166951,237,linkedin_4400166951
1,6,2,-1,0.6666666666666667,8,1,0.125,0.16666666666666666,0.0,False,0.48140237,0,25_linkedin_4401845899,25,linkedin_4401845899
6,6,0,6,0.0,21,0,0.0,0.0,0.3333333333333333,True,0.41241714,0,617_linkedin_4401070275,617,linkedin_4401070275
1,5,0,1,0.0,20,3,0.15,0.6,0.0,False,0.503311,0,123_linkedin_4339855966,123,linkedin_4339855966
7,8,5,2,0.6666666666666667,17,1,0.058823529411764705,0.125,0.5,False,0.3541634,0,533_linkedin_4381834372,533,linkedin_4381834372
7,6,0,7,0.0,13,0,0.0,0.0,0.0,False,0.23501655,0,608_linkedin_4399398705,608,linkedin_4399398705
13,10,2,11,0.0,9,0,0.0,0.0,0.0,False,0.11195289,0,163_linkedin_4330090961,163,linkedin_4330090961
5,9,5,0,1.0,21,1,0.047619047619047616,0.1111111111111111,0.0,False,0.31675944,0,838_linkedin_4406514683,838,linkedin_4406514683
1,5,0,1,0.0,21,1,0.047619047619047616,0.2,0.0,False,0.38740295,0,1_linkedin_4397745567,1,linkedin_4397745567
4,6,5,-1,0.8333333333333334,12,0,0.0,0.0,0.0,False,0.36252058,0,603_linkedin_4389185935,603,linkedin_4389185935
4,6,0,4,0.0,16,1,0.0625,0.16666666666666666,0.0,False,0.34358078,0,603_linkedin_4392474018,603,linkedin_4392474018
8,7,5,3,0.5,12,0,0.0,0.0,0.3333333333333333,False,0.30269212,0,575_linkedin_4399153222,575,linkedin_4399153222
5,8,2,3,0.0,7,0,0.0,0.0,0.0,False,0.27970305,0,128_linkedin_4399161350,128,linkedin_4399161350
7,7,8,-1,0.8888888888888888,10,0,0.0,0.0,0.0,True,0.29705852,0,565_linkedin_4272066328,565,linkedin_4272066328
8,7,2,6,0.0,11,0,0.0,0.0,0.0,False,0.34012392,0,519_linkedin_4306118486,519,linkedin_4306118486
6,6,5,1,0.8333333333333334,13,1,0.07692307692307693,0.16666666666666666,0.0,False,0.23642656,0,255_linkedin_4397927493,255,linkedin_4397927493
12,6,5,7,0.0,21,0,0.0,0.0,0.0,False,0.3395724,0,626_linkedin_4406543085,626,linkedin_4406543085
13,10,8,5,0.4444444444444444,26,2,0.07692307692307693,0.2,0.2,False,0.43813545,0,19_linkedin_4299757996,19,linkedin_4299757996
5,7,2,3,0.0,12,1,0.08333333333333333,0.14285714285714285,0.2,False,0.37718824,0,552_linkedin_4302730124,552,linkedin_4302730124
4,8,0,4,0.0,15,0,0.0,0.0,0.0,False,0.31140336,0,180_linkedin_4403892878,180,linkedin_4403892878
1,6,0,1,0.0,21,1,0.047619047619047616,0.16666666666666666,0.0,False,0.26666674,0,169_linkedin_4388787599,169,linkedin_4388787599
12,10,1,11,0.0,7,1,0.14285714285714285,0.1,0.4,False,0.6397409,0,118_linkedin_4258065257,118,linkedin_4258065257
20,7,2,18,0.0,14,0,0.0,0.0,0.0,False,0.19825658,0,638_linkedin_4404031827,638,linkedin_4404031827
12,7,1,11,0.0,14,0,0.0,0.0,0.0,False,0.47512573,0,204_linkedin_4375196690,204,linkedin_4375196690
1,6,0,1,0.0,17,2,0.11764705882352941,0.3333333333333333,0.0,False,0.2754909,0,75_linkedin_4385852121,75,linkedin_4385852121
3,8,8,-5,0.4444444444444444,28,1,0.03571428571428571,0.125,0.0,False,0.21002913,0,12_linkedin_4400166951,12,linkedin_4400166951
10,6,8,2,0.7777777777777778,19,0,0.0,0.0,0.0,False,0.5262394,0,621_linkedin_4325783445,621,linkedin_4325783445
5,9,0,5,0.0,3,1,0.3333333333333333,0.1111111111111111,0.0,False,0.23318733,0,701_linkedin_4409073143,701,linkedin_4409073143
5,4,0,5,0.0,12,2,0.16666666666666666,0.5,0.0,False,0.4677483,0,717_linkedin_4273387044,717,linkedin_4273387044
2,6,0,2,0.0,29,0,0.0,0.0,0.3333333333333333,False,0.43592915,0,615_linkedin_4378954930,615,linkedin_4378954930
9,6,5,4,0.33333333333333337,13,0,0.0,0.0,0.2,False,0.30503967,0,628_linkedin_4405404188,628,linkedin_4405404188
4,8,2,2,0.33333333333333337,14,1,0.07142857142857142,0.125,0.0,False,0.2137436,0,178_linkedin_4404031827,178,linkedin_4404031827
5,9,2,3,0.0,10,3,0.3,0.3333333333333333,0.16666666666666666,False,0.3130827,0,838_linkedin_4371387533,838,linkedin_4371387533
8,9,0,8,0.0,21,1,0.047619047619047616,0.1111111111111111,0.0,False,0.32722962,0,691_linkedin_4397564324,691,linkedin_4397564324
20,7,0,20,0.0,16,0,0.0,0.0,0.0,False,0.3779988,0,638_linkedin_4384724835,638,linkedin_4384724835
1,6,5,-4,0.33333333333333337,6,0,0.0,0.0,0.0,False,0.397108,0,607_linkedin_4403924844,607,linkedin_4403924844
1,5,1,0,1.0,8,0,0.0,0.0,0.0,False,0.3969128,0,175_linkedin_4398924801,175,linkedin_4398924801
10,7,0,10,0.0,22,0,0.0,0.0,0.0,False,0.4395852,0,271_linkedin_4259091971,271,linkedin_4259091971
1,6,8,-7,0.2222222222222222,17,0,0.0,0.0,0.0,False,0.45844147,0,607_linkedin_4395709313,607,linkedin_4395709313
4,8,0,4,0.0,24,0,0.0,0.0,0.0,False,0.36868277,0,31_linkedin_4397676082,31,linkedin_4397676082
10,9,0,10,0.0,20,1,0.05,0.1111111111111111,0.25,False,0.31955233,0,15_linkedin_4302996033,15,linkedin_4302996033
8,8,5,3,0.5,21,0,0.0,0.0,0.0,False,0.45976895,0,186_linkedin_4405653560,186,linkedin_4405653560
9,8,2,7,0.0,12,0,0.0,0.0,0.2,False,0.20428959,0,581_linkedin_4302730124,581,linkedin_4302730124
3,9,5,-2,0.6666666666666667,26,5,0.19230769230769232,0.5555555555555556,0.0,True,0.40458077,0,811_linkedin_4408249549,811,linkedin_4408249549
5,8,0,5,0.0,2,0,0.0,0.0,0.0,False,0.28308484,0,35_linkedin_4399844015,35,linkedin_4399844015
1,6,5,-4,0.33333333333333337,12,1,0.08333333333333333,0.16666666666666666,0.0,False,0.43676573,0,169_linkedin_4403839172,169,linkedin_4403839172
8,7,0,8,0.0,16,0,0.0,0.0,0.0,False,0.39691237,0,586_linkedin_4399674294,586,linkedin_4399674294
8,7,5,3,0.5,15,2,0.13333333333333333,0.2857142857142857,0.0,False,0.43417796,0,191_linkedin_4399721472,191,linkedin_4399721472
8,6,8,0,1.0,21,1,0.047619047619047616,0.16666666666666666,0.0,False,0.40150577,0,600_linkedin_4404204086,600,linkedin_4404204086
5,7,0,5,0.0,4,0,0.0,0.0,0.0,False,0.28382972,0,569_linkedin_4390682886,569,linkedin_4390682886
8,7,5,3,0.5,11,0,0.0,0.0,0.0,False,0.27739036,0,264_linkedin_4338701818,264,linkedin_4338701818
6,7,0,6,0.0,28,1,0.03571428571428571,0.14285714285714285,0.0,False,0.32308018,0,270_linkedin_4406956769,270,linkedin_4406956769
5,7,8,-3,0.6666666666666667,21,0,0.0,0.0,0.0,False,0.3689444,0,239_linkedin_4302192216,239,linkedin_4302192216
11,7,0,11,0.0,17,0,0.0,0.0,0.0,False,0.34182775,0,208_linkedin_4385852121,208,linkedin_4385852121
11,7,8,3,0.6666666666666667,21,0,0.0,0.0,0.2,False,0.39206558,0,515_linkedin_4404204086,515,linkedin_4404204086
1,7,0,1,0.0,14,0,0.0,0.0,0.0,False,0.3999982,0,201_linkedin_4391505933,201,linkedin_4391505933
1,6,5,-4,0.33333333333333337,17,1,0.058823529411764705,0.16666666666666666,0.0,False,0.13458826,0,149_linkedin_4350643158,149,linkedin_4350643158
1,6,0,1,0.0,6,0,0.0,0.0,0.0,False,0.33717614,0,169_linkedin_4204753712,169,linkedin_4204753712
4,8,8,-4,0.5555555555555556,19,2,0.10526315789473684,0.25,0.0,False,0.37746057,0,543_linkedin_4395484658,543,linkedin_4395484658
4,7,5,-1,0.8333333333333334,6,0,0.0,0.0,0.0,False,0.4160629,0,236_linkedin_4381852280,236,linkedin_4381852280
7,7,5,2,0.6666666666666667,22,0,0.0,0.0,0.0,False,0.31010893,0,560_linkedin_4396875073,560,linkedin_4396875073
8,6,0,8,0.0,4,0,0.0,0.0,0.125,False,0.51258224,0,622_linkedin_4403747957,622,linkedin_4403747957
1,7,0,1,0.0,3,0,0.0,0.0,0.0,False,0.4145308,0,289_linkedin_4409073143,289,linkedin_4409073143
5,6,2,3,0.0,13,1,0.07692307692307693,0.16666666666666666,0.25,False,0.4191125,0,672_linkedin_4409032969,672,linkedin_4409032969
8,9,2,6,0.0,9,1,0.1111111111111111,0.1111111111111111,0.0,False,0.18087408,0,691_linkedin_4330090961,691,linkedin_4330090961
10,6,0,10,0.0,11,0,0.0,0.0,0.6666666666666666,False,0.6461937,0,621_linkedin_4350925352,621,linkedin_4350925352
12,9,2,10,0.0,10,0,0.0,0.0,0.0,False,0.17908895,0,141_linkedin_4371859260,141,linkedin_4371859260
0,7,5,-5,0.16666666666666663,11,0,0.0,0.0,0.5,False,0.37983966,0,555_linkedin_4399141297,555,linkedin_4399141297
4,6,2,2,0.33333333333333337,8,0,0.0,0.0,0.0,False,0.23263514,0,634_linkedin_4351914228,634,linkedin_4351914228
5,9,1,4,0.0,31,6,0.1935483870967742,0.6666666666666666,0.3333333333333333,False,0.35128367,0,747_linkedin_4406978302,747,linkedin_4406978302
4,6,2,2,0.33333333333333337,17,0,0.0,0.0,0.0,False,0.22270839,0,521_linkedin_4387283659,521,linkedin_4387283659
4,6,0,4,0.0,8,0,0.0,0.0,0.0,False,0.2537978,0,521_linkedin_4319085688,521,linkedin_4319085688
2,6,2,0,1.0,24,0,0.0,0.0,0.0,False,0.17664106,0,176_linkedin_4406448380,176,linkedin_4406448380
4,7,0,4,0.0,14,0,0.0,0.0,0.0,False,0.20282356,0,585_linkedin_4361892643,585,linkedin_4361892643
7,7,0,7,0.0,14,1,0.07142857142857142,0.14285714285714285,0.0,False,0.3932762,0,595_linkedin_4391555557,595,linkedin_4391555557
2,7,0,2,0.0,23,0,0.0,0.0,0.0,True,0.3061198,0,276_linkedin_4335515701,276,linkedin_4335515701
8,7,2,6,0.0,9,0,0.0,0.0,0.2,False,0.4669456,0,599_linkedin_4400719541,599,linkedin_4400719541
4,6,5,-1,0.8333333333333334,12,0,0.0,0.0,0.0,False,0.35084248,0,249_linkedin_4403450778,249,linkedin_4403450778
9,9,8,1,0.8888888888888888,19,1,0.05263157894736842,0.1111111111111111,0.2,True,0.32023594,0,39_linkedin_4310147892,39,linkedin_4310147892
15,10,2,13,0.0,16,2,0.125,0.2,0.0,False,0.4190463,0,117_linkedin_4374661990,117,linkedin_4374661990
5,9,0,5,0.0,22,3,0.13636363636363635,0.3333333333333333,0.2,False,0.33765322,0,709_linkedin_4404915391,709,linkedin_4404915391
2,5,0,2,0.0,30,0,0.0,0.0,0.0,False,0.28384274,0,124_linkedin_4288909079,124,linkedin_4288909079
9,9,5,4,0.33333333333333337,19,1,0.05263157894736842,0.1111111111111111,0.5,False,0.23899035,0,159_linkedin_4397685632,159,linkedin_4397685632
1,5,0,1,0.0,19,0,0.0,0.0,0.0,False,0.32092094,0,309_linkedin_4386968580,309,linkedin_4386968580
9,9,0,9,0.0,4,1,0.25,0.1111111111111111,0.2,False,0.6962391,0,135_linkedin_4408785471,135,linkedin_4408785471
6,6,5,1,0.8333333333333334,19,0,0.0,0.0,0.0,False,0.22534285,0,631_linkedin_4404388134,631,linkedin_4404388134
2,6,0,2,0.0,26,2,0.07692307692307693,0.3333333333333333,0.16666666666666666,False,0.39742824,0,146_linkedin_4407491948,146,linkedin_4407491948
2,6,0,2,0.0,11,4,0.36363636363636365,0.6666666666666666,0.3333333333333333,False,0.67824036,0,530_linkedin_4379080898,530,linkedin_4379080898
5,8,8,-3,0.6666666666666667,16,0,0.0,0.0,0.0,False,0.4283544,0,184_linkedin_4403389903,184,linkedin_4403389903
7,7,1,6,0.0,7,1,0.14285714285714285,0.14285714285714285,0.2,True,0.5126893,0,560_linkedin_4258060723,560,linkedin_4258060723
14,10,5,9,0.0,10,1,0.1,0.1,0.0,False,0.33569515,0,47_linkedin_4402483406,47,linkedin_4402483406
3,8,5,-2,0.6666666666666667,11,0,0.0,0.0,0.0,False,0.41896087,0,81_linkedin_4409047269,81,linkedin_4409047269
13,9,0,13,0.0,36,4,0.1111111111111111,0.4444444444444444,0.0,False,0.2132673,0,167_linkedin_4407806772,167,linkedin_4407806772
4,7,0,4,0.0,26,1,0.038461538461538464,0.14285714285714285,0.0,False,0.17953378,0,589_linkedin_4374002734,589,linkedin_4374002734
4,6,0,4,0.0,8,0,0.0,0.0,0.0,False,0.391071,0,249_linkedin_4341593467,249,linkedin_4341593467
5,9,0,5,0.0,15,1,0.06666666666666667,0.1111111111111111,0.0,False,0.27969635,0,645_linkedin_4383643765,645,linkedin_4383643765
8,7,2,6,0.0,12,0,0.0,0.0,0.5,False,0.48374614,0,228_linkedin_4408274143,228,linkedin_4408274143
7,7,0,7,0.0,25,0,0.0,0.0,0.0,False,0.36957866,0,207_linkedin_4353695429,207,linkedin_4353695429
12,7,0,12,0.0,14,1,0.07142857142857142,0.14285714285714285,0.0,False,0.16435887,0,520_linkedin_4275939038,520,linkedin_4275939038
9,9,5,4,0.33333333333333337,15,3,0.2,0.3333333333333333,0.3333333333333333,False,0.27079356,0,162_linkedin_4387246058,162,linkedin_4387246058
8,7,2,6,0.0,15,0,0.0,0.0,0.5,False,0.5991289,0,599_linkedin_4403705095,599,linkedin_4403705095
3,8,0,3,0.0,20,0,0.0,0.0,0.0,False,0.2135789,0,129_linkedin_4400518203,129,linkedin_4400518203
5,8,2,3,0.0,6,0,0.0,0.0,0.0,False,0.26081866,0,32_linkedin_4272167647,32,linkedin_4272167647
1,7,5,-4,0.33333333333333337,32,1,0.03125,0.14285714285714285,0.0,False,0.3731815,0,289_linkedin_4394717480,289,linkedin_4394717480
8,9,1,7,0.0,20,0,0.0,0.0,0.0,False,0.24756926,0,138_linkedin_4403656591,138,linkedin_4403656591
1,6,0,1,0.0,29,3,0.10344827586206896,0.5,0.0,False,0.4436774,0,27_linkedin_4402867800,27,linkedin_4402867800
1,6,5,-4,0.33333333333333337,18,0,0.0,0.0,0.0,False,0.48489657,0,243_linkedin_4401304707,243,linkedin_4401304707
6,7,0,6,0.0,5,0,0.0,0.0,0.0,False,0.2944151,0,223_linkedin_4306128304,223,linkedin_4306128304
1,6,0,1,0.0,26,2,0.07692307692307693,0.3333333333333333,0.16666666666666666,False,0.44239423,0,147_linkedin_4405103891,147,linkedin_4405103891
1,6,0,1,0.0,18,1,0.05555555555555555,0.16666666666666666,0.25,False,0.49520826,0,527_linkedin_4276144424,527,linkedin_4276144424
2,8,2,0,1.0,12,0,0.0,0.0,0.0,False,0.22009005,0,580_linkedin_4302730124,580,linkedin_4302730124
1,5,0,1,0.0,11,1,0.09090909090909091,0.2,0.0,False,0.23566742,0,171_linkedin_4114568975,171,linkedin_4114568975
1,6,0,1,0.0,23,0,0.0,0.0,0.0,False,0.16948669,0,527_linkedin_4406572329,527,linkedin_4406572329
1,5,8,-7,0.2222222222222222,26,0,0.0,0.0,0.0,False,0.39864275,0,5_linkedin_4299760906,5,linkedin_4299760906
5,6,2,3,0.0,22,2,0.09090909090909091,0.3333333333333333,0.0,False,0.3333105,0,803_linkedin_4397674807,803,linkedin_4397674807
1,7,2,-1,0.6666666666666667,13,0,0.0,0.0,0.25,False,0.43520683,0,561_linkedin_4409052156,561,linkedin_4409052156
1,6,8,-7,0.2222222222222222,16,0,0.0,0.0,0.0,False,0.4318056,0,149_linkedin_4369138688,149,linkedin_4369138688
5,3,0,5,0.0,29,0,0.0,0.0,0.0,False,0.30390418,0,714_linkedin_4378971730,714,linkedin_4378971730
1,8,2,-1,0.6666666666666667,12,1,0.08333333333333333,0.125,0.14285714285714285,False,0.36563975,0,538_linkedin_4401612159,538,linkedin_4401612159
12,6,0,12,0.0,6,0,0.0,0.0,0.0,False,0.21874967,0,626_linkedin_4397214853,626,linkedin_4397214853
4,8,0,4,0.0,4,0,0.0,0.0,0.0,False,0.43248746,0,154_linkedin_4390682886,154,linkedin_4390682886
5,9,0,5,0.0,21,3,0.14285714285714285,0.3333333333333333,0.0,False,0.45282096,0,699_linkedin_4397749492,699,linkedin_4397749492
10,5,5,5,0.16666666666666663,27,0,0.0,0.0,0.0,False,0.4237296,0,305_linkedin_4385280427,305,linkedin_4385280427
1,5,0,1,0.0,11,0,0.0,0.0,0.0,False,0.30757546,0,3_linkedin_4350156671,3,linkedin_4350156671
5,7,0,5,0.0,6,0,0.0,0.0,0.0,False,0.3350337,0,239_linkedin_4407334483,239,linkedin_4407334483
3,8,2,1,0.6666666666666667,6,0,0.0,0.0,0.0,False,0.27422303,0,105_linkedin_4389714623,105,linkedin_4389714623
9,9,2,7,0.0,17,2,0.11764705882352941,0.2222222222222222,0.25,False,0.23543417,0,159_linkedin_4387283659,159,linkedin_4387283659
7,9,2,5,0.0,15,1,0.06666666666666667,0.1111111111111111,0.3333333333333333,True,0.535175,0,137_linkedin_4408265376,137,linkedin_4408265376
2,6,0,2,0.0,22,3,0.13636363636363635,0.5,0.5,False,0.43402913,0,74_linkedin_4394433826,74,linkedin_4394433826
10,7,2,8,0.0,12,0,0.0,0.0,0.3333333333333333,False,0.25943226,0,557_linkedin_4407864400,557,linkedin_4407864400
9,7,0,9,0.0,11,0,0.0,0.0,0.3333333333333333,False,0.34565583,0,275_linkedin_4380192223,275,linkedin_4380192223
2,6,0,2,0.0,22,2,0.09090909090909091,0.3333333333333333,0.0,False,0.15360054,0,263_linkedin_4404380462,263,linkedin_4404380462
1,6,0,1,0.0,19,5,0.2631578947368421,0.8333333333333334,0.2,False,0.65723467,0,527_linkedin_4301168850,527,linkedin_4301168850
4,6,0,4,0.0,13,1,0.07692307692307693,0.16666666666666666,0.3333333333333333,False,0.40600246,0,512_linkedin_4370924021,512,linkedin_4370924021
2,6,5,-3,0.5,13,0,0.0,0.0,0.3333333333333333,False,0.3595376,0,615_linkedin_4404215608,615,linkedin_4404215608
13,10,2,11,0.0,9,0,0.0,0.0,1.0,False,0.5259432,0,163_linkedin_4404719586,163,linkedin_4404719586
1,6,2,-1,0.6666666666666667,6,0,0.0,0.0,0.5,False,0.3388007,0,51_linkedin_4408754715,51,linkedin_4408754715
10,7,5,5,0.16666666666666663,12,0,0.0,0.0,0.5,False,0.3457738,0,261_linkedin_4396653788,261,linkedin_4396653788
3,7,5,-2,0.6666666666666667,22,0,0.0,0.0,0.0,False,0.30264735,0,242_linkedin_4395980650,242,linkedin_4395980650
8,9,0,8,0.0,12,0,0.0,0.0,0.0,False,0.18865931,0,138_linkedin_4330894176,138,linkedin_4330894176
5,3,2,3,0.0,10,1,0.1,0.3333333333333333,0.0,False,0.41894937,0,715_linkedin_4344686674,715,linkedin_4344686674
6,6,2,4,0.0,11,0,0.0,0.0,0.3333333333333333,False,0.38304928,0,631_linkedin_4404531795,631,linkedin_4404531795
1,7,0,1,0.0,14,0,0.0,0.0,0.0,False,0.3377786,0,224_linkedin_4407335662,224,linkedin_4407335662
4,8,1,3,0.0,12,1,0.08333333333333333,0.125,0.3333333333333333,False,0.23856534,0,10_linkedin_4403106007,10,linkedin_4403106007
14,10,0,14,0.0,22,4,0.18181818181818182,0.4,0.5,False,0.5562777,0,24_linkedin_4406499794,24,linkedin_4406499794
5,5,0,5,0.0,14,0,0.0,0.0,0.0,False,0.40088746,0,302_linkedin_4306126312,302,linkedin_4306126312
14,10,2,12,0.0,20,2,0.1,0.2,0.0,False,0.60046554,0,144_linkedin_4399214810,144,linkedin_4399214810
4,8,0,4,0.0,11,0,0.0,0.0,0.0,False,0.42631674,0,84_linkedin_4404066996,84,linkedin_4404066996
5,9,0,5,0.0,11,2,0.18181818181818182,0.2222222222222222,0.0,False,0.26051748,0,713_linkedin_4399560069,713,linkedin_4399560069
3,8,2,1,0.6666666666666667,16,1,0.0625,0.125,0.0,False,0.3340728,0,153_linkedin_4402922325,153,linkedin_4402922325
1,6,0,1,0.0,9,0,0.0,0.0,0.0,False,0.3793755,0,527_linkedin_3588841692,527,linkedin_3588841692
5,8,5,0,1.0,17,2,0.11764705882352941,0.25,0.25,False,0.24936233,0,177_linkedin_4350643158,177,linkedin_4350643158
1,5,2,-1,0.6666666666666667,15,0,0.0,0.0,0.5,False,0.50944036,0,123_linkedin_4380276787,123,linkedin_4380276787
2,6,0,2,0.0,13,0,0.0,0.0,0.0,False,0.4347259,0,150_linkedin_4399398705,150,linkedin_4399398705
5,5,0,5,0.0,10,0,0.0,0.0,0.0,False,0.23973393,0,302_linkedin_4380284459,302,linkedin_4380284459
15,10,0,15,0.0,22,1,0.045454545454545456,0.1,0.0,False,0.2704229,0,21_linkedin_4384339047,21,linkedin_4384339047
2,6,2,0,1.0,6,0,0.0,0.0,0.0,False,0.28969225,0,30_linkedin_4408753649,30,linkedin_4408753649
14,10,5,9,0.0,14,1,0.07142857142857142,0.1,0.5,False,0.55965805,0,96_linkedin_4399110051,96,linkedin_4399110051
5,8,0,5,0.0,29,2,0.06896551724137931,0.25,0.0,False,0.3953701,0,184_linkedin_4400027020,184,linkedin_4400027020
4,7,0,4,0.0,31,1,0.03225806451612903,0.14285714285714285,0.0,False,0.28552794,0,559_linkedin_4401925667,559,linkedin_4401925667
2,6,0,2,0.0,29,0,0.0,0.0,0.5,False,0.39282095,0,615_linkedin_4407424753,615,linkedin_4407424753
8,9,0,8,0.0,29,2,0.06896551724137931,0.2222222222222222,0.0,False,0.34117875,0,112_linkedin_4400027020,112,linkedin_4400027020
9,7,2,7,0.0,17,0,0.0,0.0,0.0,False,0.4188504,0,292_linkedin_4379672100,292,linkedin_4379672100
9,7,8,1,0.8888888888888888,19,0,0.0,0.0,0.0,True,0.25419453,0,570_linkedin_4310147892,570,linkedin_4310147892
1,7,0,1,0.0,29,1,0.034482758620689655,0.14285714285714285,0.25,False,0.46162656,0,289_linkedin_4407425120,289,linkedin_4407425120
2,5,0,2,0.0,16,0,0.0,0.0,0.0,False,0.3457616,0,172_linkedin_4234264274,172,linkedin_4234264274
7,7,0,7,0.0,15,0,0.0,0.0,0.0,False,0.30907372,0,523_linkedin_4089827582,523,linkedin_4089827582
10,7,2,8,0.0,5,0,0.0,0.0,0.0,False,0.32321122,0,216_linkedin_4306127270,216,linkedin_4306127270
5,9,5,0,1.0,18,1,0.05555555555555555,0.1111111111111111,0.0,False,0.17998321,0,840_linkedin_4402417926,840,linkedin_4402417926
6,7,0,6,0.0,31,0,0.0,0.0,0.0,False,0.30908185,0,590_linkedin_4377940084,590,linkedin_4377940084
4,8,2,2,0.33333333333333337,19,1,0.05263157894736842,0.125,0.0,False,0.4651266,0,79_linkedin_4406704967,79,linkedin_4406704967
9,9,2,7,0.0,27,1,0.037037037037037035,0.1111111111111111,0.25,True,0.22905752,0,192_linkedin_4404906644,192,linkedin_4404906644
2,7,0,2,0.0,17,0,0.0,0.0,0.6,False,0.35004076,0,566_linkedin_4365283308,566,linkedin_4365283308
2,6,0,2,0.0,29,0,0.0,0.0,0.0,False,0.2562801,0,28_linkedin_4407424753,28,linkedin_4407424753
12,7,5,7,0.0,12,0,0.0,0.0,0.5,False,0.44769025,0,551_linkedin_4389185935,551,linkedin_4389185935
2,8,0,2,0.0,13,0,0.0,0.0,0.0,False,0.3757814,0,558_linkedin_4400212890,558,linkedin_4400212890
5,7,0,5,0.0,10,0,0.0,0.0,0.0,False,0.36819923,0,226_linkedin_4400184482,226,linkedin_4400184482
7,6,0,7,0.0,16,0,0.0,0.0,0.0,False,0.26929042,0,613_linkedin_4397629654,613,linkedin_4397629654
13,10,0,13,0.0,17,2,0.11764705882352941,0.2,0.0,False,0.5903246,0,19_linkedin_4358953936,19,linkedin_4358953936
8,7,2,6,0.0,19,0,0.0,0.0,0.25,False,0.54319817,0,599_linkedin_4408788909,599,linkedin_4408788909
1,8,0,1,0.0,24,0,0.0,0.0,0.0,False,0.3518309,0,538_linkedin_4404738960,538,linkedin_4404738960
3,6,0,3,0.0,29,1,0.034482758620689655,0.16666666666666666,0.0,False,0.30290088,0,605_linkedin_4407425120,605,linkedin_4407425120
9,9,0,9,0.0,22,0,0.0,0.0,0.0,False,0.3724387,0,135_linkedin_4351239737,135,linkedin_4351239737
1,6,0,1,0.0,10,0,0.0,0.0,0.0,False,0.41080868,0,169_linkedin_4402914742,169,linkedin_4402914742
11,7,2,9,0.0,28,3,0.10714285714285714,0.42857142857142855,0.3333333333333333,False,0.46754453,0,515_linkedin_4368191990,515,linkedin_4368191990
8,9,2,6,0.0,22,3,0.13636363636363635,0.3333333333333333,0.16666666666666666,False,0.51023877,0,109_linkedin_4388506915,109,linkedin_4388506915
6,9,0,6,0.0,11,1,0.09090909090909091,0.1111111111111111,0.0,False,0.25761074,0,643_linkedin_4350156671,643,linkedin_4350156671
12,6,2,10,0.0,19,0,0.0,0.0,0.0,False,0.2639081,0,626_linkedin_4352604064,626,linkedin_4352604064
1,7,2,-1,0.6666666666666667,13,0,0.0,0.0,0.0,True,0.20046292,0,289_linkedin_4326233529,289,linkedin_4326233529
5,3,2,3,0.0,4,1,0.25,0.3333333333333333,0.0,False,0.32287982,0,714_linkedin_4373531640,714,linkedin_4373531640
12,6,5,7,0.0,26,1,0.038461538461538464,0.16666666666666666,0.0,False,0.42657483,0,606_linkedin_4405207113,606,linkedin_4405207113
7,7,8,-1,0.8888888888888888,28,0,0.0,0.0,0.3333333333333333,False,0.2681716,0,220_linkedin_4400166951,220,linkedin_4400166951
7,7,2,5,0.0,19,1,0.05263157894736842,0.14285714285714285,0.5,False,0.46621484,0,565_linkedin_4379617586,565,linkedin_4379617586
2,6,2,0,1.0,29,0,0.0,0.0,0.0,False,0.23556338,0,248_linkedin_4402876339,248,linkedin_4402876339
9,8,5,4,0.33333333333333337,19,0,0.0,0.0,0.0,False,0.32119584,0,536_linkedin_4399739959,536,linkedin_4399739959
8,7,2,6,0.0,15,0,0.0,0.0,0.0,False,0.31629243,0,228_linkedin_4399877263,228,linkedin_4399877263
2,6,2,0,1.0,22,0,0.0,0.0,0.0,False,0.3196418,0,598_linkedin_4405122797,598,linkedin_4405122797
1,5,0,1,0.0,14,1,0.07142857142857142,0.2,0.0,False,0.4689701,0,171_linkedin_4401751740,171,linkedin_4401751740
5,2,5,0,1.0,10,0,0.0,0.0,0.0,False,0.33793882,0,823_linkedin_4397764397,823,linkedin_4397764397
15,7,8,7,0.2222222222222222,14,0,0.0,0.0,0.0,False,0.34844875,0,231_linkedin_4392186663,231,linkedin_4392186663
10,7,5,5,0.16666666666666663,20,3,0.15,0.42857142857142855,0.6666666666666666,False,0.5617279,0,271_linkedin_4405230301,271,linkedin_4405230301
8,7,0,8,0.0,5,0,0.0,0.0,0.5,False,0.68385315,0,203_linkedin_4393566399,203,linkedin_4393566399
4,6,5,-1,0.8333333333333334,27,0,0.0,0.0,0.0,False,0.30132094,0,249_linkedin_4371611868,249,linkedin_4371611868
5,8,5,0,1.0,19,1,0.05263157894736842,0.125,0.0,False,0.23142488,0,107_linkedin_4149709154,107,linkedin_4149709154
2,5,5,-3,0.5,7,0,0.0,0.0,0.5,False,0.49473497,0,304_linkedin_4402184061,304,linkedin_4402184061
1,6,2,-1,0.6666666666666667,30,0,0.0,0.0,0.0,False,0.14272812,0,75_linkedin_4402254894,75,linkedin_4402254894
5,8,0,5,0.0,13,0,0.0,0.0,0.0,False,0.33969355,0,535_linkedin_4399398705,535,linkedin_4399398705
14,10,0,14,0.0,10,1,0.1,0.1,0.25,False,0.51553047,0,47_linkedin_4306129256,47,linkedin_4306129256
5,9,0,5,0.0,12,2,0.16666666666666666,0.2222222222222222,0.0,False,0.21439292,0,796_linkedin_4405981417,796,linkedin_4405981417
2,5,2,0,1.0,12,1,0.08333333333333333,0.2,0.5,False,0.5522203,0,122_linkedin_4400770769,122,linkedin_4400770769
8,7,1,7,0.0,10,0,0.0,0.0,0.0,False,0.304341,0,575_linkedin_4402237300,575,linkedin_4402237300
8,7,8,0,1.0,29,0,0.0,0.0,0.0,False,0.52316874,0,599_linkedin_4251122194,599,linkedin_4251122194
5,7,2,3,0.0,10,0,0.0,0.0,0.25,False,0.39010602,0,234_linkedin_4344686674,234,linkedin_4344686674
15,9,8,7,0.2222222222222222,27,1,0.037037037037037035,0.1111111111111111,0.0,False,0.22364545,0,200_linkedin_4407062320,200,linkedin_4407062320
8,9,0,8,0.0,11,0,0.0,0.0,0.0,False,0.28358945,0,133_linkedin_4306117436,133,linkedin_4306117436
4,8,2,2,0.33333333333333337,18,3,0.16666666666666666,0.375,0.5,False,0.6369759,0,55_linkedin_4402454790,55,linkedin_4402454790
8,6,0,8,0.0,17,0,0.0,0.0,0.25,False,0.442811,0,600_linkedin_4407606308,600,linkedin_4407606308
5,9,0,5,0.0,7,1,0.14285714285714285,0.1111111111111111,0.0,False,0.18214278,0,796_linkedin_4290378167,796,linkedin_4290378167
6,7,0,6,0.0,21,2,0.09523809523809523,0.2857142857142857,0.0,False,0.41136247,0,567_linkedin_4397564324,567,linkedin_4397564324
1,5,5,-4,0.33333333333333337,12,0,0.0,0.0,0.0,False,0.49411198,0,592_linkedin_4389185935,592,linkedin_4389185935
0,5,5,-5,0.16666666666666663,12,0,0.0,0.0,0.0,False,0.25979495,0,637_linkedin_4404587669,637,linkedin_4404587669
3,6,10,-7,0.36363636363636365,22,0,0.0,0.0,0.0,False,0.2349057,0,230_linkedin_4400818872,230,linkedin_4400818872
5,7,0,5,0.0,9,0,0.0,0.0,0.0,False,0.31173083,0,596_linkedin_4273386059,596,linkedin_4273386059
2,6,0,2,0.0,17,0,0.0,0.0,0.0,False,0.3167965,0,610_linkedin_4255987276,610,linkedin_4255987276
9,7,2,7,0.0,30,1,0.03333333333333333,0.14285714285714285,0.25,False,0.4387498,0,292_linkedin_4402254894,292,linkedin_4402254894
9,9,1,8,0.0,15,1,0.06666666666666667,0.1111111111111111,0.25,False,0.48655468,0,135_linkedin_4398769407,135,linkedin_4398769407
6,7,2,4,0.0,26,0,0.0,0.0,0.0,False,0.43117136,0,244_linkedin_4404313304,244,linkedin_4404313304
5,9,1,4,0.0,8,2,0.25,0.2222222222222222,0.0,False,0.40654844,0,793_linkedin_4397525648,793,linkedin_4397525648
6,6,5,1,0.8333333333333334,19,0,0.0,0.0,0.5,False,0.46538925,0,631_linkedin_4322258118,631,linkedin_4322258118
5,9,2,3,0.0,15,4,0.26666666666666666,0.4444444444444444,0.0,False,0.48589268,0,700_linkedin_4306131104,700,linkedin_4306131104
12,7,2,10,0.0,29,0,0.0,0.0,0.0,False,0.4197805,0,238_linkedin_4406634415,238,linkedin_4406634415
1,6,2,-1,0.6666666666666667,6,0,0.0,0.0,0.0,False,0.25002304,0,169_linkedin_4408756585,169,linkedin_4408756585
2,6,8,-6,0.33333333333333337,16,1,0.0625,0.16666666666666666,0.4,False,0.5853418,0,78_linkedin_4403389903,78,linkedin_4403389903
15,9,0,15,0.0,30,2,0.06666666666666667,0.2222222222222222,0.25,False,0.5160543,0,200_linkedin_4386153636,200,linkedin_4386153636
8,9,0,8,0.0,10,3,0.3,0.3333333333333333,0.0,False,0.58752793,0,13_linkedin_4406216770,13,linkedin_4406216770
2,6,0,2,0.0,18,0,0.0,0.0,0.5,False,0.49738538,0,615_linkedin_4402741020,615,linkedin_4402741020
5,9,0,5,0.0,9,0,0.0,0.0,0.0,True,0.46278322,0,792_linkedin_4406824756,792,linkedin_4406824756
15,6,5,10,0.0,15,0,0.0,0.0,0.3333333333333333,False,0.5543498,0,632_linkedin_4363062982,632,linkedin_4363062982
9,9,5,4,0.33333333333333337,13,0,0.0,0.0,0.0,False,0.28912634,0,14_linkedin_4404215608,14,linkedin_4404215608
5,3,5,0,1.0,17,1,0.058823529411764705,0.3333333333333333,0.2,False,0.38586813,0,756_linkedin_4357742792,756,linkedin_4357742792
2,6,0,2,0.0,17,1,0.058823529411764705,0.16666666666666666,0.0,False,0.48411837,0,176_linkedin_4405379030,176,linkedin_4405379030
15,9,0,15,0.0,21,0,0.0,0.0,0.0,False,0.35440236,0,195_linkedin_4399138767,195,linkedin_4399138767
4,7,0,4,0.0,6,0,0.0,0.0,0.0,False,0.27797925,0,236_linkedin_4367412693,236,linkedin_4367412693
12,7,0,12,0.0,9,0,0.0,0.0,0.0,False,0.36089543,0,251_linkedin_4405478097,251,linkedin_4405478097
8,7,0,8,0.0,21,0,0.0,0.0,0.0,False,0.34359965,0,287_linkedin_4405876076,287,linkedin_4405876076
5,7,5,0,1.0,14,2,0.14285714285714285,0.2857142857142857,0.3333333333333333,False,0.48228785,0,670_linkedin_4402749745,670,linkedin_4402749745
8,5,1,7,0.0,11,0,0.0,0.0,0.0,False,0.30811253,0,303_linkedin_4395257057,303,linkedin_4395257057
8,9,0,8,0.0,6,0,0.0,0.0,0.0,False,0.26132885,0,666_linkedin_4402640777,666,linkedin_4402640777
2,6,5,-3,0.5,6,0,0.0,0.0,0.0,False,0.09096376,0,54_linkedin_4342798724,54,linkedin_4342798724
5,9,0,5,0.0,14,0,0.0,0.0,0.0,False,0.28059116,0,840_linkedin_4400134403,840,linkedin_4400134403
8,7,0,8,0.0,3,0,0.0,0.0,0.6666666666666666,False,0.2643429,0,519_linkedin_4409143770,519,linkedin_4409143770
1,5,2,-1,0.6666666666666667,21,1,0.047619047619047616,0.2,0.25,False,0.5093254,0,5_linkedin_4406164085,5,linkedin_4406164085
3,6,8,-5,0.4444444444444444,21,0,0.0,0.0,0.0,False,0.35347503,0,230_linkedin_4404204086,230,linkedin_4404204086
9,7,2,7,0.0,14,1,0.07142857142857142,0.14285714285714285,0.5,False,0.50229967,0,550_linkedin_4408743846,550,linkedin_4408743846
3,9,2,1,0.6666666666666667,5,1,0.2,0.1111111111111111,0.0,False,0.49714682,0,836_linkedin_4306127270,836,linkedin_4306127270
15,7,0,15,0.0,14,0,0.0,0.0,0.0,False,0.28987715,0,247_linkedin_4397702941,247,linkedin_4397702941
5,9,5,0,1.0,11,2,0.18181818181818182,0.2222222222222222,0.3333333333333333,False,0.42911592,0,749_linkedin_4366422916,749,linkedin_4366422916
9,9,5,4,0.33333333333333337,7,0,0.0,0.0,0.0,False,0.4718593,0,135_linkedin_4398474947,135,linkedin_4398474947
3,8,0,3,0.0,11,0,0.0,0.0,0.0,False,0.30504185,0,12_linkedin_4114568975,12,linkedin_4114568975
5,5,0,5,0.0,29,1,0.034482758620689655,0.2,0.0,False,0.35220763,0,718_linkedin_4407424753,718,linkedin_4407424753
4,7,2,2,0.33333333333333337,9,0,0.0,0.0,0.0,False,0.24514693,0,268_linkedin_4400719541,268,linkedin_4400719541
7,9,0,7,0.0,17,0,0.0,0.0,0.3333333333333333,False,0.42542467,0,190_linkedin_4395248240,190,linkedin_4395248240
5,7,1,4,0.0,6,0,0.0,0.0,0.0,False,0.2827644,0,210_linkedin_4404930079,210,linkedin_4404930079
5,9,8,-3,0.6666666666666667,17,0,0.0,0.0,0.0,False,0.3130202,0,750_linkedin_4404980235,750,linkedin_4404980235
2,6,1,1,0.5,15,3,0.2,0.5,0.0,False,0.5106162,0,100_linkedin_4189883376,100,linkedin_4189883376
6,6,0,6,0.0,10,0,0.0,0.0,0.0,False,0.20842113,0,631_linkedin_4405414432,631,linkedin_4405414432
8,9,2,6,0.0,17,0,0.0,0.0,0.25,False,0.21416728,0,188_linkedin_4399523408,188,linkedin_4399523408
5,7,2,3,0.0,15,0,0.0,0.0,0.0,False,0.22445689,0,596_linkedin_4395864397,596,linkedin_4395864397
2,6,0,2,0.0,26,0,0.0,0.0,0.0,False,0.31221834,0,235_linkedin_4374002734,235,linkedin_4374002734
2,6,8,-6,0.33333333333333337,16,2,0.125,0.3333333333333333,0.125,False,0.52103657,0,100_linkedin_4396346150,100,linkedin_4396346150
8,6,5,3,0.5,16,0,0.0,0.0,0.0,False,0.43787163,0,622_linkedin_4405344110,622,linkedin_4405344110
1,6,0,1,0.0,36,2,0.05555555555555555,0.3333333333333333,0.0,False,0.10918774,0,77_linkedin_4407806772,77,linkedin_4407806772
4,8,2,2,0.33333333333333337,6,0,0.0,0.0,0.3333333333333333,True,0.31958967,0,154_linkedin_4406384491,154,linkedin_4406384491
6,7,0,6,0.0,28,1,0.03571428571428571,0.14285714285714285,0.25,False,0.46236053,0,215_linkedin_4281973232,215,linkedin_4281973232
5,5,0,5,0.0,12,2,0.16666666666666666,0.4,0.0,False,0.44024944,0,718_linkedin_4389967675,718,linkedin_4389967675
12,8,2,10,0.0,3,0,0.0,0.0,0.0,False,0.20447992,0,583_linkedin_4404659736,583,linkedin_4404659736
5,9,0,5,0.0,23,4,0.17391304347826086,0.4444444444444444,0.2,False,0.44804344,0,698_linkedin_4184421556,698,linkedin_4184421556
9,8,2,7,0.0,12,0,0.0,0.0,0.0,False,0.2587061,0,185_linkedin_4401612159,185,linkedin_4401612159
7,7,0,7,0.0,10,2,0.2,0.2857142857142857,0.125,False,0.72230047,0,523_linkedin_4400184482,523,linkedin_4400184482
5,5,2,3,0.0,18,0,0.0,0.0,0.0,False,0.3148729,0,302_linkedin_4394456781,302,linkedin_4394456781
8,7,0,8,0.0,13,0,0.0,0.0,0.0,False,0.37720862,0,575_linkedin_4393888701,575,linkedin_4393888701
1,6,5,-4,0.33333333333333337,10,2,0.2,0.3333333333333333,0.5,False,0.52374697,0,27_linkedin_4373337133,27,linkedin_4373337133
4,8,0,4,0.0,11,0,0.0,0.0,0.0,False,0.3806389,0,31_linkedin_4345037894,31,linkedin_4345037894
1,7,8,-7,0.2222222222222222,17,1,0.058823529411764705,0.14285714285714285,0.0,False,0.5011096,0,561_linkedin_4395709313,561,linkedin_4395709313
9,7,5,4,0.33333333333333337,17,0,0.0,0.0,0.2,False,0.4607683,0,591_linkedin_4357742793,591,linkedin_4357742793
13,10,0,13,0.0,10,3,0.3,0.3,0.0,False,0.5948401,0,19_linkedin_4406216770,19,linkedin_4406216770
1,5,2,-1,0.6666666666666667,27,2,0.07407407407407407,0.4,0.0,True,0.3841778,0,125_linkedin_4404906644,125,linkedin_4404906644
5,6,5,0,1.0,10,0,0.0,0.0,0.3333333333333333,False,0.26440978,0,623_linkedin_4394465120,623,linkedin_4394465120
4,6,5,-1,0.8333333333333334,12,0,0.0,0.0,0.0,False,0.33837888,0,603_linkedin_4406712205,603,linkedin_4406712205
7,7,8,-1,0.8888888888888888,6,0,0.0,0.0,0.3333333333333333,False,0.34753639,0,207_linkedin_4376723728,207,linkedin_4376723728
5,4,2,3,0.0,18,0,0.0,0.0,0.0,False,0.33104008,0,737_linkedin_4381572042,737,linkedin_4381572042
3,4,5,-2,0.6666666666666667,19,2,0.10526315789473684,0.5,0.2,False,0.3053463,0,824_linkedin_4399739959,824,linkedin_4399739959
5,8,2,3,0.0,29,1,0.034482758620689655,0.125,0.3333333333333333,False,0.25802258,0,184_linkedin_4403718001,184,linkedin_4403718001
2,7,5,-3,0.5,20,1,0.05,0.14285714285714285,0.5,False,0.5028751,0,584_linkedin_4398104408,584,linkedin_4398104408
1,7,0,1,0.0,16,0,0.0,0.0,0.0,False,0.36855766,0,563_linkedin_4296469734,563,linkedin_4296469734
2,6,5,-3,0.5,12,1,0.08333333333333333,0.16666666666666666,0.5,False,0.55866927,0,74_linkedin_4401605319,74,linkedin_4401605319
5,7,5,0,1.0,13,0,0.0,0.0,0.0,False,0.261334,0,239_linkedin_4383645988,239,linkedin_4383645988
7,7,0,7,0.0,26,1,0.038461538461538464,0.14285714285714285,0.3333333333333333,False,0.44722605,0,279_linkedin_4403471611,279,linkedin_4403471611
2,8,0,2,0.0,28,0,0.0,0.0,0.0,False,0.20975055,0,534_linkedin_4260573446,534,linkedin_4260573446
3,8,0,3,0.0,10,0,0.0,0.0,0.0,False,0.25753078,0,33_linkedin_4381350291,33,linkedin_4381350291
5,3,0,5,0.0,10,1,0.1,0.3333333333333333,0.0,False,0.42165875,0,715_linkedin_4408073332,715,linkedin_4408073332
1,5,1,0,1.0,18,1,0.05555555555555555,0.2,0.3333333333333333,False,0.47802985,0,1_linkedin_4375817575,1,linkedin_4375817575
1,5,0,1,0.0,20,0,0.0,0.0,0.14285714285714285,False,0.5505056,0,309_linkedin_4400389193,309,linkedin_4400389193
2,7,0,2,0.0,13,1,0.07692307692307693,0.14285714285714285,0.0,False,0.37632394,0,276_linkedin_4380440857,276,linkedin_4380440857
2,6,0,2,0.0,19,1,0.05263157894736842,0.16666666666666666,0.0,False,0.42230597,0,248_linkedin_4385196463,248,linkedin_4385196463
2,6,5,-3,0.5,8,0,0.0,0.0,0.0,False,0.35305288,0,176_linkedin_4407638184,176,linkedin_4407638184
5,9,0,5,0.0,20,0,0.0,0.0,0.0,False,0.29747137,0,764_linkedin_4329842982,764,linkedin_4329842982
1,6,0,1,0.0,29,0,0.0,0.0,0.3333333333333333,False,0.55061334,0,619_linkedin_4378971730,619,linkedin_4378971730
8,7,0,8,0.0,18,0,0.0,0.0,0.0,False,0.3107053,0,599_linkedin_4366034926,599,linkedin_4366034926
10,9,8,2,0.7777777777777778,16,4,0.25,0.4444444444444444,0.0,False,0.45327756,0,114_linkedin_4403389903,114,linkedin_4403389903
7,7,0,7,0.0,15,0,0.0,0.0,0.0,False,0.50863266,0,278_linkedin_4407621824,278,linkedin_4407621824
6,7,8,-2,0.7777777777777778,26,0,0.0,0.0,0.0,False,0.21962743,0,587_linkedin_4299760906,587,linkedin_4299760906
4,7,0,4,0.0,8,0,0.0,0.0,0.0,False,0.27476588,0,280_linkedin_4387885934,280,linkedin_4387885934
14,10,2,12,0.0,15,0,0.0,0.0,0.0,False,0.33785608,0,47_linkedin_4380276787,47,linkedin_4380276787
5,2,2,3,0.0,10,1,0.1,0.5,0.0,False,0.27534127,0,734_linkedin_4371859260,734,linkedin_4371859260
5,9,2,3,0.0,12,1,0.08333333333333333,0.1111111111111111,0.0,False,0.24156874,0,817_linkedin_4407864400,817,linkedin_4407864400
1,6,1,0,1.0,7,0,0.0,0.0,0.4,True,0.66753393,0,101_linkedin_4258060723,101,linkedin_4258060723
2,6,0,2,0.0,19,0,0.0,0.0,0.0,False,0.25892097,0,235_linkedin_4397946991,235,linkedin_4397946991
1,6,0,1,0.0,13,0,0.0,0.0,0.0,False,0.12242618,0,527_linkedin_4084312600,527,linkedin_4084312600
8,5,2,6,0.0,16,1,0.0625,0.2,0.0,False,0.39538893,0,659_linkedin_4394754885,659,linkedin_4394754885
12,7,0,12,0.0,7,0,0.0,0.0,0.0,True,0.31624058,0,238_linkedin_3960447846,238,linkedin_3960447846
5,8,0,5,0.0,30,0,0.0,0.0,0.0,False,0.18766361,0,128_linkedin_4386153636,128,linkedin_4386153636
4,8,5,-1,0.8333333333333334,26,0,0.0,0.0,0.0,False,0.21788962,0,36_linkedin_4400719877,36,linkedin_4400719877
5,9,5,0,1.0,14,3,0.21428571428571427,0.3333333333333333,0.5,False,0.6291444,0,746_linkedin_4306118481,746,linkedin_4306118481
10,7,5,5,0.16666666666666663,15,1,0.06666666666666667,0.14285714285714285,0.3333333333333333,False,0.45719138,0,216_linkedin_4407043414,216,linkedin_4407043414
5,8,0,5,0.0,21,0,0.0,0.0,0.0,False,0.26852673,0,80_linkedin_4397564324,80,linkedin_4397564324
1,6,5,-4,0.33333333333333337,20,2,0.1,0.3333333333333333,0.3333333333333333,False,0.6532774,0,27_linkedin_4399157379,27,linkedin_4399157379
15,5,0,15,0.0,16,0,0.0,0.0,0.0,False,0.17830302,0,310_linkedin_4321953214,310,linkedin_4321953214
5,2,0,5,0.0,13,1,0.07692307692307693,0.5,0.0,False,0.40543184,0,753_linkedin_4399398705,753,linkedin_4399398705
7,9,2,5,0.0,11,0,0.0,0.0,0.0,False,0.12728117,0,41_linkedin_4399142428,41,linkedin_4399142428
1,5,2,-1,0.6666666666666667,17,0,0.0,0.0,0.0,False,0.47323477,0,171_linkedin_4379672100,171,linkedin_4379672100
1,6,0,1,0.0,21,0,0.0,0.0,0.0,False,0.20370294,0,75_linkedin_4397564324,75,linkedin_4397564324
9,7,0,9,0.0,20,0,0.0,0.0,0.0,False,0.2551667,0,570_linkedin_4400389193,570,linkedin_4400389193
1,5,0,1,0.0,34,0,0.0,0.0,0.2,False,0.50367343,0,300_linkedin_4321393596,300,linkedin_4321393596
6,6,0,6,0.0,19,0,0.0,0.0,0.0,False,0.29433164,0,631_linkedin_4402880781,631,linkedin_4402880781
5,7,0,5,0.0,14,0,0.0,0.0,0.3333333333333333,False,0.43722567,0,552_linkedin_4391555557,552,linkedin_4391555557
2,5,2,0,1.0,12,1,0.08333333333333333,0.2,0.25,False,0.586044,0,172_linkedin_4270722288,172,linkedin_4270722288
14,10,5,9,0.0,14,1,0.07142857142857142,0.1,0.0,False,0.39587042,0,24_linkedin_4405920205,24,linkedin_4405920205
4,7,0,4,0.0,18,0,0.0,0.0,0.0,False,0.2757525,0,268_linkedin_4389446242,268,linkedin_4389446242
7,7,0,7,0.0,14,1,0.07142857142857142,0.14285714285714285,0.3333333333333333,False,0.4585537,0,547_linkedin_4402534425,547,linkedin_4402534425
4,8,0,4,0.0,4,0,0.0,0.0,0.0,False,0.3279129,0,106_linkedin_4408785471,106,linkedin_4408785471
6,6,2,4,0.0,12,0,0.0,0.0,0.2,False,0.24894612,0,617_linkedin_4302730124,617,linkedin_4302730124
10,7,0,10,0.0,14,0,0.0,0.0,0.3333333333333333,False,0.5197083,0,261_linkedin_4391555557,261,linkedin_4391555557
3,8,2,1,0.6666666666666667,26,2,0.07692307692307693,0.25,0.0,False,0.28907055,0,179_linkedin_4404313304,179,linkedin_4404313304
7,7,5,2,0.6666666666666667,17,0,0.0,0.0,0.0,False,0.31666106,0,547_linkedin_4398728296,547,linkedin_4398728296
5,7,8,-3,0.6666666666666667,21,4,0.19047619047619047,0.5714285714285714,0.0,False,0.51165736,0,688_linkedin_4404204086,688,linkedin_4404204086
8,4,0,8,0.0,24,3,0.125,0.75,0.0,False,0.69984996,0,664_linkedin_4394414906,664,linkedin_4394414906
1,7,0,1,0.0,18,0,0.0,0.0,0.0,False,0.34665796,0,289_linkedin_4384841120,289,linkedin_4384841120
2,6,1,1,0.5,25,2,0.08,0.3333333333333333,0.5,False,0.41163427,0,30_linkedin_4302530492,30,linkedin_4302530492
6,6,1,5,0.0,18,0,0.0,0.0,0.125,False,0.4037588,0,617_linkedin_4404507119,617,linkedin_4404507119
2,7,0,2,0.0,9,1,0.1111111111111111,0.14285714285714285,0.0,False,0.36564875,0,232_linkedin_4369660643,232,linkedin_4369660643
5,6,2,3,0.0,12,0,0.0,0.0,0.2,False,0.18438888,0,623_linkedin_4302730124,623,linkedin_4302730124
15,7,0,15,0.0,21,0,0.0,0.0,0.0,False,0.48265022,0,247_linkedin_4367222742,247,linkedin_4367222742
1,6,5,-4,0.33333333333333337,10,1,0.1,0.16666666666666666,1.0,False,0.54434323,0,25_linkedin_4373337133,25,linkedin_4373337133
9,7,2,7,0.0,18,0,0.0,0.0,0.25,False,0.47930142,0,292_linkedin_4394456781,292,linkedin_4394456781
14,9,2,12,0.0,20,1,0.05,0.1111111111111111,0.0,False,0.46951938,0,140_linkedin_4399214810,140,linkedin_4399214810
5,7,2,3,0.0,15,3,0.2,0.42857142857142855,0.25,False,0.4352629,0,688_linkedin_4400762174,688,linkedin_4400762174
14,10,5,9,0.0,24,5,0.20833333333333334,0.5,0.0,False,0.57795,0,92_linkedin_4306116472,92,linkedin_4306116472
3,9,0,3,0.0,11,0,0.0,0.0,0.0,False,0.2942127,0,779_linkedin_4350925352,779,linkedin_4350925352
2,5,5,-3,0.5,28,0,0.0,0.0,0.0,False,0.28610528,0,170_linkedin_4406177501,170,linkedin_4406177501
1,6,2,-1,0.6666666666666667,21,0,0.0,0.0,0.0,False,0.3491416,0,25_linkedin_4283015642,25,linkedin_4283015642
2,5,1,1,0.5,7,0,0.0,0.0,0.14285714285714285,False,0.35997063,0,126_linkedin_4258063386,126,linkedin_4258063386
3,8,2,1,0.6666666666666667,12,1,0.08333333333333333,0.125,0.0,True,0.23113146,0,179_linkedin_4397716588,179,linkedin_4397716588
4,6,0,4,0.0,10,0,0.0,0.0,0.0,False,0.38287044,0,249_linkedin_4406286320,249,linkedin_4406286320
11,7,1,10,0.0,18,0,0.0,0.0,0.0,False,0.36959106,0,256_linkedin_4375817575,256,linkedin_4375817575
5,7,2,3,0.0,10,0,0.0,0.0,0.0,False,0.3122361,0,687_linkedin_4344686674,687,linkedin_4344686674
5,7,5,0,1.0,21,1,0.047619047619047616,0.14285714285714285,0.4,False,0.60993654,0,266_linkedin_4406289704,266,linkedin_4406289704
2,6,0,2,0.0,17,0,0.0,0.0,0.0,False,0.5555907,0,615_linkedin_4393412846,615,linkedin_4393412846
7,7,5,2,0.6666666666666667,19,0,0.0,0.0,0.25,False,0.49606597,0,279_linkedin_4399610720,279,linkedin_4399610720
1,6,0,1,0.0,10,1,0.1,0.16666666666666666,0.0,False,0.32153398,0,607_linkedin_4381350291,607,linkedin_4381350291
2,7,2,0,1.0,13,0,0.0,0.0,0.0,True,0.11364226,0,594_linkedin_4326233529,594,linkedin_4326233529
4,8,5,-1,0.8333333333333334,22,1,0.045454545454545456,0.125,0.0,False,0.37364346,0,10_linkedin_4403935534,10,linkedin_4403935534
4,6,8,-4,0.5555555555555556,7,0,0.0,0.0,0.0,False,0.45896822,0,612_linkedin_4327262001,612,linkedin_4327262001
8,7,0,8,0.0,21,1,0.047619047619047616,0.14285714285714285,0.0,False,0.27854335,0,519_linkedin_4388787599,519,linkedin_4388787599
4,7,0,4,0.0,10,0,0.0,0.0,0.0,False,0.19268522,0,268_linkedin_4408073332,268,linkedin_4408073332
6,7,8,-2,0.7777777777777778,19,0,0.0,0.0,0.0,False,0.35443673,0,215_linkedin_4400402631,215,linkedin_4400402631
9,9,5,4,0.33333333333333337,10,1,0.1,0.1111111111111111,0.0,False,0.36290318,0,192_linkedin_4397764397,192,linkedin_4397764397
9,9,2,7,0.0,17,4,0.23529411764705882,0.4444444444444444,0.5,False,0.6570558,0,113_linkedin_4385227615,113,linkedin_4385227615
1,5,5,-4,0.33333333333333337,28,2,0.07142857142857142,0.4,0.25,False,0.6090709,0,5_linkedin_4406539362,5,linkedin_4406539362
12,9,1,11,0.0,14,2,0.14285714285714285,0.2222222222222222,0.0,False,0.38431183,0,143_linkedin_4404732037,143,linkedin_4404732037
14,10,8,6,0.33333333333333337,26,1,0.038461538461538464,0.1,0.0,False,0.23114394,0,24_linkedin_4403732224,24,linkedin_4403732224
4,8,0,4,0.0,13,0,0.0,0.0,0.25,False,0.4061065,0,36_linkedin_4399398705,36,linkedin_4399398705
9,9,8,1,0.8888888888888888,4,0,0.0,0.0,0.0,False,0.35221046,0,159_linkedin_4405115450,159,linkedin_4405115450
1,6,2,-1,0.6666666666666667,13,3,0.23076923076923078,0.5,0.3333333333333333,False,0.7145081,0,169_linkedin_4381555539,169,linkedin_4381555539
2,7,2,0,1.0,22,3,0.13636363636363635,0.42857142857142855,0.25,False,0.5871312,0,221_linkedin_4402379722,221,linkedin_4402379722
5,9,0,5,0.0,7,1,0.14285714285714285,0.1111111111111111,0.0,False,0.45089236,0,711_linkedin_4200567634,711,linkedin_4200567634
6,6,5,1,0.8333333333333334,15,1,0.06666666666666667,0.16666666666666666,0.0,False,0.35694408,0,255_linkedin_4408751159,255,linkedin_4408751159
8,9,0,8,0.0,10,2,0.2,0.2222222222222222,0.0,False,0.49730474,0,704_linkedin_4404669421,704,linkedin_4404669421
7,9,2,5,0.0,12,1,0.08333333333333333,0.1111111111111111,0.0,False,0.36337736,0,137_linkedin_4298975318,137,linkedin_4298975318
9,9,2,7,0.0,20,1,0.05,0.1111111111111111,0.5,False,0.34230033,0,113_linkedin_4403888326,113,linkedin_4403888326
7,7,2,5,0.0,18,0,0.0,0.0,0.25,False,0.2925535,0,595_linkedin_4394456781,595,linkedin_4394456781
1,6,5,-4,0.33333333333333337,16,0,0.0,0.0,0.0,False,0.25248647,0,99_linkedin_4399991658,99,linkedin_4399991658
4,7,0,4,0.0,16,1,0.0625,0.14285714285714285,0.3333333333333333,False,0.3609433,0,280_linkedin_4296469734,280,linkedin_4296469734
5,7,2,3,0.0,21,1,0.047619047619047616,0.14285714285714285,0.25,False,0.4882532,0,569_linkedin_4283015642,569,linkedin_4283015642
7,9,2,5,0.0,4,0,0.0,0.0,1.0,False,0.5264805,0,190_linkedin_4399266480,190,linkedin_4399266480
4,7,5,-1,0.8333333333333334,22,0,0.0,0.0,0.0,False,0.4161841,0,585_linkedin_4404788700,585,linkedin_4404788700
20,7,0,20,0.0,13,1,0.07692307692307693,0.14285714285714285,0.0,False,0.46963522,0,638_linkedin_4400212890,638,linkedin_4400212890
4,6,0,4,0.0,4,0,0.0,0.0,0.0,False,0.35976297,0,521_linkedin_4407347440,521,linkedin_4407347440
2,6,0,2,0.0,13,0,0.0,0.0,0.0,False,0.29826298,0,176_linkedin_4399398705,176,linkedin_4399398705
2,6,2,0,1.0,18,0,0.0,0.0,0.0,False,0.3074828,0,28_linkedin_4398491928,28,linkedin_4398491928
4,6,0,4,0.0,14,0,0.0,0.0,0.0,False,0.3533076,0,249_linkedin_4373553675,249,linkedin_4373553675
8,9,2,6,0.0,23,0,0.0,0.0,0.0,False,0.39484644,0,112_linkedin_4407412201,112,linkedin_4407412201
5,3,0,5,0.0,29,0,0.0,0.0,0.0,False,0.3000059,0,714_linkedin_4378954930,714,linkedin_4378954930
7,9,2,5,0.0,30,5,0.16666666666666666,0.5555555555555556,0.0,False,0.4349099,0,111_linkedin_4388462776,111,linkedin_4388462776
8,4,0,8,0.0,4,0,0.0,0.0,0.0,False,0.3938127,0,754_linkedin_4390682886,754,linkedin_4390682886
5,3,2,3,0.0,17,2,0.11764705882352941,0.6666666666666666,0.0,False,0.25329244,0,677_linkedin_4387283659,677,linkedin_4387283659
6,7,2,4,0.0,22,0,0.0,0.0,0.0,False,0.34170488,0,215_linkedin_4388506915,215,linkedin_4388506915
2,5,1,1,0.5,10,0,0.0,0.0,0.0,False,0.35142073,0,126_linkedin_4402237300,126,linkedin_4402237300
15,6,2,13,0.0,13,0,0.0,0.0,0.0,False,0.25588968,0,632_linkedin_4409032969,632,linkedin_4409032969
5,7,2,3,0.0,13,2,0.15384615384615385,0.2857142857142857,0.0,False,0.37285557,0,688_linkedin_4403941840,688,linkedin_4403941840
6,7,0,6,0.0,20,0,0.0,0.0,0.0,False,0.37239304,0,244_linkedin_4397166999,244,linkedin_4397166999
1,5,1,0,1.0,1,0,0.0,0.0,0.3333333333333333,False,0.45167506,0,592_linkedin_4407901095,592,linkedin_4407901095
1,5,5,-4,0.33333333333333337,12,0,0.0,0.0,0.0,False,0.36008745,0,300_linkedin_4402516633,300,linkedin_4402516633
13,9,5,8,0.0,9,0,0.0,0.0,0.0,False,0.43778306,0,142_linkedin_4346702156,142,linkedin_4346702156
8,7,2,6,0.0,13,0,0.0,0.0,0.0,True,0.15674701,0,599_linkedin_4326233529,599,linkedin_4326233529
2,7,5,-3,0.5,19,0,0.0,0.0,0.25,False,0.41957304,0,221_linkedin_4392828861,221,linkedin_4392828861
1,7,8,-7,0.2222222222222222,6,0,0.0,0.0,0.0,False,0.35683775,0,224_linkedin_4376731486,224,linkedin_4376731486
12,7,5,7,0.0,10,0,0.0,0.0,0.0,False,0.1440346,0,520_linkedin_4394465120,520,linkedin_4394465120
